gsm,field,raw_value,reason
GSM3646837,age,12,number_without_unit
GSM3646838,age,12,number_without_unit
GSM3646839,age,12,number_without_unit
GSM3646840,age,12,number_without_unit
GSM3646841,age,12,number_without_unit
GSM3646842,age,12,number_without_unit
GSM3646843,age,12,number_without_unit
GSM3646844,age,12,number_without_unit
GSM3646845,age,12,number_without_unit
GSM3646846,age,12,number_without_unit
GSM3646847,age,12,number_without_unit
GSM3646848,age,12,number_without_unit
GSM3646849,age,12,number_without_unit
GSM3646850,age,12,number_without_unit
GSM3646851,age,12,number_without_unit
GSM3646852,age,12,number_without_unit
GSM3646853,age,12,number_without_unit
GSM3646854,age,12,number_without_unit
GSM3646855,age,12,number_without_unit
GSM3646856,age,12,number_without_unit
GSM3646857,age,12,number_without_unit
GSM3646858,age,12,number_without_unit
GSM3646859,age,12,number_without_unit
GSM3646860,age,12,number_without_unit
GSM3646861,age,12,number_without_unit
GSM3646862,age,12,number_without_unit
GSM3646863,age,12,number_without_unit
GSM3646864,age,12,number_without_unit
GSM3646865,age,12,number_without_unit
GSM3646866,age,12,number_without_unit
GSM3646867,age,12,number_without_unit
GSM3646868,age,12,number_without_unit
GSM3646869,age,12,number_without_unit
GSM3646870,age,12,number_without_unit
GSM3646871,age,12,number_without_unit
GSM3646872,age,12,number_without_unit
GSM3646873,age,12,number_without_unit
GSM3646874,age,12,number_without_unit
GSM3646875,age,12,number_without_unit
GSM3646876,age,12,number_without_unit
GSM3646877,age,12,number_without_unit
GSM3646878,age,12,number_without_unit
GSM3646879,age,12,number_without_unit
GSM3646880,age,12,number_without_unit
GSM3646881,age,12,number_without_unit
GSM3646882,age,12,number_without_unit
GSM3646883,age,12,number_without_unit
GSM3646884,age,12,number_without_unit
GSM3646885,age,12,number_without_unit
GSM3646886,age,12,number_without_unit
GSM3646887,age,12,number_without_unit
GSM3646888,age,12,number_without_unit
GSM3646889,age,12,number_without_unit
GSM3646890,age,12,number_without_unit
GSM3646891,age,12,number_without_unit
GSM3646892,age,12,number_without_unit
GSM3646893,age,12,number_without_unit
GSM3646894,age,12,number_without_unit
GSM3646895,age,12,number_without_unit
GSM3646896,age,12,number_without_unit
GSM3646897,age,12,number_without_unit
GSM3646898,age,12,number_without_unit
GSM3646899,age,12,number_without_unit
GSM3646900,age,12,number_without_unit
GSM3646901,age,12,number_without_unit
GSM3646902,age,12,number_without_unit
GSM3646903,age,12,number_without_unit
GSM3646904,age,12,number_without_unit
GSM3646905,age,12,number_without_unit
GSM3646906,age,12,number_without_unit
GSM3646907,age,12,number_without_unit
GSM3646908,age,12,number_without_unit
GSM3646909,age,12,number_without_unit
GSM3646910,age,12,number_without_unit
GSM3646911,age,12,number_without_unit
GSM3646912,age,12,number_without_unit
GSM3646913,age,12,number_without_unit
GSM3646914,age,12,number_without_unit
GSM3646915,age,12,number_without_unit
GSM3646916,age,12,number_without_unit
GSM3646917,age,12,number_without_unit
GSM3646918,age,12,number_without_unit
GSM3646919,age,12,number_without_unit
GSM3646920,age,12,number_without_unit
GSM3646921,age,12,number_without_unit
GSM3646922,age,12,number_without_unit
GSM3646923,age,12,number_without_unit
GSM3646924,age,12,number_without_unit
GSM3646925,age,12,number_without_unit
GSM3646926,age,12,number_without_unit
GSM3646927,age,12,number_without_unit
GSM3646928,age,12,number_without_unit
GSM3646929,age,12,number_without_unit
GSM3646930,age,12,number_without_unit
GSM3646931,age,12,number_without_unit
GSM3646932,age,12,number_without_unit
GSM3646933,age,12,number_without_unit
GSM3646934,age,12,number_without_unit
GSM3646935,age,12,number_without_unit
GSM3646936,age,12,number_without_unit
GSM3646937,age,12,number_without_unit
GSM3646938,age,12,number_without_unit
GSM3646939,age,12,number_without_unit
GSM3646940,age,12,number_without_unit
GSM3646941,age,12,number_without_unit
GSM3646942,age,12,number_without_unit
GSM3646943,age,12,number_without_unit
GSM3646944,age,12,number_without_unit
GSM3646945,age,12,number_without_unit
GSM3646946,age,12,number_without_unit
GSM3646947,age,12,number_without_unit
GSM3646948,age,12,number_without_unit
GSM3646949,age,12,number_without_unit
GSM3646950,age,12,number_without_unit
GSM3646951,age,12,number_without_unit
GSM3646952,age,12,number_without_unit
GSM3646953,age,12,number_without_unit
GSM3646954,age,12,number_without_unit
GSM3646955,age,12,number_without_unit
GSM3646956,age,12,number_without_unit
GSM3646957,age,12,number_without_unit
GSM3646958,age,12,number_without_unit
GSM3646959,age,12,number_without_unit
GSM3646960,age,12,number_without_unit
GSM3646961,age,12,number_without_unit
GSM3646962,age,12,number_without_unit
GSM3646963,age,12,number_without_unit
GSM3646964,age,12,number_without_unit
GSM3646965,age,12,number_without_unit
GSM3646966,age,12,number_without_unit
GSM3646967,age,12,number_without_unit
GSM3646968,age,12,number_without_unit
GSM3646969,age,12,number_without_unit
GSM3646970,age,12,number_without_unit
GSM3646971,age,12,number_without_unit
GSM3646972,age,12,number_without_unit
GSM3646973,age,12,number_without_unit
GSM3646974,age,12,number_without_unit
GSM3646975,age,12,number_without_unit
GSM3646976,age,12,number_without_unit
GSM3646977,age,12,number_without_unit
GSM3646978,age,12,number_without_unit
GSM3646979,age,12,number_without_unit
GSM3646980,age,12,number_without_unit
GSM3646981,age,12,number_without_unit
GSM3646982,age,12,number_without_unit
GSM3646983,age,12,number_without_unit
GSM3646984,age,12,number_without_unit
GSM3646985,age,12,number_without_unit
GSM3646986,age,12,number_without_unit
GSM3646987,age,12,number_without_unit
GSM3646988,age,12,number_without_unit
GSM3646989,age,12,number_without_unit
GSM3646990,age,12,number_without_unit
GSM3646991,age,12,number_without_unit
GSM3646992,age,12,number_without_unit
GSM3646993,age,12,number_without_unit
GSM3646994,age,12,number_without_unit
GSM3646995,age,12,number_without_unit
GSM3646996,age,12,number_without_unit
GSM3646997,age,12,number_without_unit
GSM3646998,age,12,number_without_unit
GSM3646999,age,12,number_without_unit
GSM3647000,age,12,number_without_unit
GSM3647001,age,12,number_without_unit
GSM3647002,age,12,number_without_unit
GSM3647003,age,12,number_without_unit
GSM3647004,age,12,number_without_unit
GSM3647005,age,12,number_without_unit
GSM3647006,age,12,number_without_unit
GSM3647007,age,12,number_without_unit
GSM3647008,age,12,number_without_unit
GSM3647009,age,12,number_without_unit
GSM3647010,age,12,number_without_unit
GSM3647011,age,12,number_without_unit
GSM3647012,age,12,number_without_unit
GSM3647013,age,12,number_without_unit
GSM3647014,age,12,number_without_unit
GSM3647015,age,12,number_without_unit
GSM3647016,age,12,number_without_unit
GSM3647017,age,12,number_without_unit
GSM3647018,age,12,number_without_unit
GSM3647019,age,12,number_without_unit
GSM3647020,age,12,number_without_unit
GSM3647021,age,12,number_without_unit
GSM3647022,age,12,number_without_unit
GSM3647023,age,12,number_without_unit
GSM3647024,age,12,number_without_unit
GSM3647025,age,12,number_without_unit
GSM3647026,age,12,number_without_unit
GSM3647027,age,12,number_without_unit
GSM3647028,age,12,number_without_unit
GSM3647029,age,12,number_without_unit
GSM3647030,age,12,number_without_unit
GSM3647031,age,12,number_without_unit
GSM3647032,age,12,number_without_unit
GSM3647033,age,12,number_without_unit
GSM3647034,age,12,number_without_unit
GSM3647035,age,12,number_without_unit
GSM3647036,age,12,number_without_unit
GSM3647037,age,12,number_without_unit
GSM3647038,age,12,number_without_unit
GSM3647039,age,12,number_without_unit
GSM3647040,age,12,number_without_unit
GSM3647041,age,12,number_without_unit
GSM3647042,age,12,number_without_unit
GSM3647043,age,12,number_without_unit
GSM3647044,age,12,number_without_unit
GSM3647045,age,12,number_without_unit
GSM3647046,age,12,number_without_unit
GSM3647047,age,12,number_without_unit
GSM3647048,age,12,number_without_unit
GSM3647049,age,12,number_without_unit
GSM3647050,age,12,number_without_unit
GSM3647051,age,12,number_without_unit
GSM3647052,age,12,number_without_unit
GSM3647053,age,12,number_without_unit
GSM3647054,age,12,number_without_unit
GSM3647055,age,12,number_without_unit
GSM3647056,age,12,number_without_unit
GSM3647057,age,12,number_without_unit
GSM3647058,age,12,number_without_unit
GSM3647059,age,12,number_without_unit
GSM3647060,age,12,number_without_unit
GSM3647061,age,12,number_without_unit
GSM3647062,age,12,number_without_unit
GSM3647063,age,12,number_without_unit
GSM3647064,age,12,number_without_unit
GSM3647065,age,12,number_without_unit
GSM3647066,age,12,number_without_unit
GSM3647067,age,12,number_without_unit
GSM3647068,age,12,number_without_unit
GSM3647069,age,12,number_without_unit
GSM3647070,age,12,number_without_unit
GSM3647071,age,12,number_without_unit
GSM3647072,age,12,number_without_unit
GSM3647073,age,12,number_without_unit
GSM3647074,age,12,number_without_unit
GSM3647075,age,12,number_without_unit
GSM3647076,age,12,number_without_unit
GSM3647077,age,12,number_without_unit
GSM3647078,age,12,number_without_unit
GSM3647079,age,12,number_without_unit
GSM3647080,age,12,number_without_unit
GSM3647081,age,12,number_without_unit
GSM3647082,age,12,number_without_unit
GSM3647083,age,12,number_without_unit
GSM3647084,age,12,number_without_unit
GSM3647085,age,12,number_without_unit
GSM3647086,age,12,number_without_unit
GSM3647087,age,12,number_without_unit
GSM3647088,age,12,number_without_unit
GSM3647089,age,12,number_without_unit
GSM3647090,age,12,number_without_unit
GSM3647091,age,12,number_without_unit
GSM3647092,age,12,number_without_unit
GSM3647093,age,12,number_without_unit
GSM3647094,age,12,number_without_unit
GSM3647095,age,12,number_without_unit
GSM3647096,age,12,number_without_unit
GSM3647097,age,12,number_without_unit
GSM3647098,age,12,number_without_unit
GSM3647099,age,12,number_without_unit
GSM3647100,age,12,number_without_unit
GSM3647101,age,12,number_without_unit
GSM3647102,age,12,number_without_unit
GSM3647103,age,12,number_without_unit
GSM3647104,age,12,number_without_unit
GSM3647105,age,12,number_without_unit
GSM3647106,age,12,number_without_unit
GSM3647107,age,12,number_without_unit
GSM3647108,age,12,number_without_unit
GSM3647109,age,12,number_without_unit
GSM3647110,age,12,number_without_unit
GSM3647111,age,12,number_without_unit
GSM3647112,age,12,number_without_unit
GSM3647113,age,12,number_without_unit
GSM3647114,age,12,number_without_unit
GSM3647115,age,12,number_without_unit
GSM3647116,age,12,number_without_unit
GSM3647117,age,12,number_without_unit
GSM3647118,age,12,number_without_unit
GSM3647119,age,12,number_without_unit
GSM3647120,age,12,number_without_unit
GSM3647121,age,12,number_without_unit
GSM3647122,age,12,number_without_unit
GSM3647123,age,12,number_without_unit
GSM3647124,age,12,number_without_unit
GSM3647125,age,12,number_without_unit
GSM3647126,age,12,number_without_unit
GSM3647127,age,12,number_without_unit
GSM3647128,age,12,number_without_unit
GSM3647129,age,12,number_without_unit
GSM3647130,age,12,number_without_unit
GSM3647131,age,12,number_without_unit
GSM3647132,age,12,number_without_unit
GSM3647133,age,12,number_without_unit
GSM3647134,age,12,number_without_unit
GSM3647135,age,12,number_without_unit
GSM3647136,age,12,number_without_unit
GSM3647137,age,12,number_without_unit
GSM3647138,age,12,number_without_unit
GSM3647139,age,12,number_without_unit
GSM3647140,age,12,number_without_unit
GSM3647141,age,12,number_without_unit
GSM3647142,age,12,number_without_unit
GSM3647143,age,12,number_without_unit
GSM3647144,age,12,number_without_unit
GSM3647145,age,12,number_without_unit
GSM3647146,age,12,number_without_unit
GSM3647147,age,12,number_without_unit
GSM3647148,age,12,number_without_unit
GSM3647149,age,12,number_without_unit
GSM3647150,age,12,number_without_unit
GSM3647151,age,12,number_without_unit
GSM3647152,age,12,number_without_unit
GSM3647153,age,12,number_without_unit
GSM3647154,age,12,number_without_unit
GSM3647155,age,12,number_without_unit
GSM3647156,age,12,number_without_unit
GSM3647157,age,12,number_without_unit
GSM3647158,age,12,number_without_unit
GSM3647159,age,12,number_without_unit
GSM3647160,age,12,number_without_unit
GSM3647161,age,12,number_without_unit
GSM3647162,age,12,number_without_unit
GSM3647163,age,12,number_without_unit
GSM3647164,age,12,number_without_unit
GSM3647165,age,12,number_without_unit
GSM3647166,age,12,number_without_unit
GSM3647167,age,12,number_without_unit
GSM3647168,age,12,number_without_unit
GSM3647169,age,12,number_without_unit
GSM3647170,age,12,number_without_unit
GSM3647171,age,12,number_without_unit
GSM3647172,age,12,number_without_unit
GSM3647173,age,12,number_without_unit
GSM3647174,age,12,number_without_unit
GSM3647175,age,12,number_without_unit
GSM3647176,age,12,number_without_unit
GSM3647177,age,12,number_without_unit
GSM3647178,age,12,number_without_unit
GSM3647179,age,12,number_without_unit
GSM3647180,age,12,number_without_unit
GSM3647181,age,12,number_without_unit
GSM3647182,age,12,number_without_unit
GSM3647183,age,12,number_without_unit
GSM3647184,age,12,number_without_unit
GSM3647185,age,12,number_without_unit
GSM3647186,age,12,number_without_unit
GSM3647187,age,12,number_without_unit
GSM3647188,age,12,number_without_unit
GSM3647189,age,12,number_without_unit
GSM3647190,age,12,number_without_unit
GSM3647191,age,12,number_without_unit
GSM3647192,age,12,number_without_unit
GSM3647193,age,12,number_without_unit
GSM3647194,age,12,number_without_unit
GSM3647195,age,12,number_without_unit
GSM3647196,age,12,number_without_unit
GSM3647197,age,12,number_without_unit
GSM3647198,age,12,number_without_unit
GSM3647199,age,12,number_without_unit
GSM3647200,age,12,number_without_unit
GSM3647201,age,12,number_without_unit
GSM3647202,age,12,number_without_unit
GSM3647203,age,12,number_without_unit
GSM3647204,age,12,number_without_unit
GSM3647205,age,12,number_without_unit
GSM3647206,age,12,number_without_unit
GSM3647207,age,12,number_without_unit
GSM3647208,age,12,number_without_unit
GSM3647209,age,12,number_without_unit
GSM3647210,age,12,number_without_unit
GSM3647211,age,12,number_without_unit
GSM3647212,age,12,number_without_unit
GSM3647213,age,12,number_without_unit
GSM3647214,age,12,number_without_unit
GSM3647215,age,12,number_without_unit
GSM3647216,age,12,number_without_unit
GSM3647217,age,12,number_without_unit
GSM3647218,age,12,number_without_unit
GSM3647219,age,12,number_without_unit
GSM3647220,age,12,number_without_unit
GSM3647221,age,12,number_without_unit
GSM3647222,age,12,number_without_unit
GSM3647223,age,12,number_without_unit
GSM3647224,age,12,number_without_unit
GSM3647225,age,12,number_without_unit
GSM3647226,age,12,number_without_unit
GSM3647227,age,12,number_without_unit
GSM3647228,age,12,number_without_unit
GSM3647229,age,12,number_without_unit
GSM3647230,age,12,number_without_unit
GSM3647231,age,12,number_without_unit
GSM3647232,age,12,number_without_unit
GSM3647233,age,12,number_without_unit
GSM3647234,age,12,number_without_unit
GSM3647235,age,12,number_without_unit
GSM3647236,age,12,number_without_unit
GSM3647237,age,12,number_without_unit
GSM3647238,age,12,number_without_unit
GSM3647239,age,12,number_without_unit
GSM3647240,age,12,number_without_unit
GSM3647241,age,12,number_without_unit
GSM3647242,age,12,number_without_unit
GSM3647243,age,12,number_without_unit
GSM3647244,age,12,number_without_unit
GSM3647245,age,12,number_without_unit
GSM3647246,age,12,number_without_unit
GSM3647247,age,12,number_without_unit
GSM3647248,age,12,number_without_unit
GSM3647249,age,12,number_without_unit
GSM3647250,age,12,number_without_unit
GSM3647251,age,12,number_without_unit
GSM3647252,age,12,number_without_unit
GSM3647253,age,12,number_without_unit
GSM3647254,age,12,number_without_unit
GSM3647255,age,12,number_without_unit
GSM3647256,age,12,number_without_unit
GSM3647257,age,12,number_without_unit
GSM3647258,age,12,number_without_unit
GSM3647259,age,12,number_without_unit
GSM3647260,age,12,number_without_unit
GSM3647261,age,12,number_without_unit
GSM3647262,age,12,number_without_unit
GSM3647263,age,12,number_without_unit
GSM3647264,age,12,number_without_unit
GSM3647265,age,12,number_without_unit
GSM3647266,age,12,number_without_unit
GSM3647267,age,12,number_without_unit
GSM3647268,age,12,number_without_unit
GSM3647269,age,12,number_without_unit
GSM3647270,age,12,number_without_unit
GSM3647271,age,12,number_without_unit
GSM3647272,age,12,number_without_unit
GSM3647273,age,12,number_without_unit
GSM3647274,age,12,number_without_unit
GSM3647275,age,12,number_without_unit
GSM3647276,age,12,number_without_unit
GSM3647277,age,12,number_without_unit
GSM3647278,age,12,number_without_unit
GSM3647279,age,12,number_without_unit
GSM3647280,age,12,number_without_unit
GSM3647281,age,12,number_without_unit
GSM3647282,age,12,number_without_unit
GSM3647283,age,12,number_without_unit
GSM3647284,age,12,number_without_unit
GSM3647285,age,12,number_without_unit
GSM3647286,age,12,number_without_unit
GSM3647287,age,12,number_without_unit
GSM3647288,age,12,number_without_unit
GSM3647289,age,12,number_without_unit
GSM3647290,age,12,number_without_unit
GSM3647291,age,12,number_without_unit
GSM3647292,age,12,number_without_unit
GSM3647293,age,12,number_without_unit
GSM3647294,age,12,number_without_unit
GSM3647295,age,12,number_without_unit
GSM3647296,age,12,number_without_unit
GSM3647297,age,12,number_without_unit
GSM3647298,age,12,number_without_unit
GSM3647299,age,12,number_without_unit
GSM3647300,age,12,number_without_unit
GSM3647301,age,12,number_without_unit
GSM3647302,age,12,number_without_unit
GSM3647303,age,12,number_without_unit
GSM3647304,age,12,number_without_unit
GSM3647305,age,12,number_without_unit
GSM3647306,age,12,number_without_unit
GSM3647307,age,12,number_without_unit
GSM3647308,age,12,number_without_unit
GSM3647309,age,12,number_without_unit
GSM3647310,age,12,number_without_unit
GSM3647311,age,12,number_without_unit
GSM3647312,age,12,number_without_unit
GSM3647313,age,12,number_without_unit
GSM3647314,age,12,number_without_unit
GSM3647315,age,12,number_without_unit
GSM3647316,age,12,number_without_unit
GSM3647317,age,12,number_without_unit
GSM3647318,age,12,number_without_unit
GSM3647319,age,12,number_without_unit
GSM3647320,age,12,number_without_unit
GSM3647321,age,12,number_without_unit
GSM3647322,age,12,number_without_unit
GSM3647323,age,12,number_without_unit
GSM3647324,age,12,number_without_unit
GSM3647325,age,12,number_without_unit
GSM3647326,age,12,number_without_unit
GSM3647327,age,12,number_without_unit
GSM3647328,age,12,number_without_unit
GSM3647329,age,12,number_without_unit
GSM3647330,age,12,number_without_unit
GSM3647331,age,12,number_without_unit
GSM3647332,age,12,number_without_unit
GSM3647333,age,12,number_without_unit
GSM3647334,age,12,number_without_unit
GSM3647335,age,12,number_without_unit
GSM3647336,age,12,number_without_unit
GSM3647337,age,12,number_without_unit
GSM3647338,age,12,number_without_unit
GSM3647339,age,12,number_without_unit
GSM3647340,age,12,number_without_unit
GSM3647341,age,12,number_without_unit
GSM3647342,age,12,number_without_unit
GSM3647343,age,12,number_without_unit
GSM3647344,age,12,number_without_unit
GSM3647345,age,12,number_without_unit
GSM3647346,age,12,number_without_unit
GSM3647347,age,12,number_without_unit
GSM3647348,age,12,number_without_unit
GSM3647349,age,12,number_without_unit
GSM3647350,age,12,number_without_unit
GSM3647351,age,12,number_without_unit
GSM3647352,age,12,number_without_unit
GSM3647353,age,12,number_without_unit
GSM3647354,age,12,number_without_unit
GSM3647355,age,12,number_without_unit
GSM3647356,age,12,number_without_unit
GSM3647357,age,12,number_without_unit
GSM3647358,age,12,number_without_unit
GSM3647359,age,12,number_without_unit
GSM3647360,age,12,number_without_unit
GSM3647361,age,12,number_without_unit
GSM3647362,age,12,number_without_unit
GSM3647363,age,12,number_without_unit
GSM3647364,age,12,number_without_unit
GSM3647365,age,12,number_without_unit
GSM3647366,age,12,number_without_unit
GSM3647367,age,12,number_without_unit
GSM3647368,age,12,number_without_unit
GSM3647369,age,12,number_without_unit
GSM3647370,age,12,number_without_unit
GSM3647371,age,12,number_without_unit
GSM3647372,age,12,number_without_unit
GSM3647373,age,12,number_without_unit
GSM3647374,age,12,number_without_unit
GSM3647375,age,12,number_without_unit
GSM3647376,age,12,number_without_unit
GSM3647377,age,12,number_without_unit
GSM3647378,age,12,number_without_unit
GSM3647379,age,12,number_without_unit
GSM3647380,age,12,number_without_unit
GSM3647381,age,12,number_without_unit
GSM3647382,age,12,number_without_unit
GSM3647383,age,12,number_without_unit
GSM3647384,age,12,number_without_unit
GSM3647385,age,12,number_without_unit
GSM3647386,age,12,number_without_unit
GSM3647387,age,12,number_without_unit
GSM3647388,age,12,number_without_unit
GSM3647389,age,12,number_without_unit
GSM3647390,age,12,number_without_unit
GSM3647391,age,12,number_without_unit
GSM3647392,age,12,number_without_unit
GSM3647393,age,12,number_without_unit
GSM3647394,age,12,number_without_unit
GSM3647395,age,12,number_without_unit
GSM3647396,age,12,number_without_unit
GSM3647397,age,12,number_without_unit
GSM3647398,age,12,number_without_unit
GSM3647399,age,12,number_without_unit
GSM3647400,age,12,number_without_unit
GSM3647401,age,12,number_without_unit
GSM3647402,age,12,number_without_unit
GSM3647403,age,12,number_without_unit
GSM3647404,age,12,number_without_unit
GSM3647405,age,12,number_without_unit
GSM3647406,age,12,number_without_unit
GSM3647407,age,12,number_without_unit
GSM3647408,age,12,number_without_unit
GSM3647409,age,12,number_without_unit
GSM3647410,age,12,number_without_unit
GSM3647411,age,12,number_without_unit
GSM3647412,age,12,number_without_unit
GSM3647413,age,12,number_without_unit
GSM3647414,age,12,number_without_unit
GSM3647415,age,12,number_without_unit
GSM3647416,age,12,number_without_unit
GSM3647417,age,12,number_without_unit
GSM3647418,age,12,number_without_unit
GSM3647419,age,12,number_without_unit
GSM3647420,age,12,number_without_unit
GSM3647421,age,12,number_without_unit
GSM3647422,age,12,number_without_unit
GSM3647423,age,12,number_without_unit
GSM3647424,age,12,number_without_unit
GSM3647425,age,12,number_without_unit
GSM3647426,age,12,number_without_unit
GSM3647427,age,12,number_without_unit
GSM3647428,age,12,number_without_unit
GSM3647429,age,12,number_without_unit
GSM3647430,age,12,number_without_unit
GSM3647431,age,12,number_without_unit
GSM3647432,age,12,number_without_unit
GSM3647433,age,12,number_without_unit
GSM3647434,age,12,number_without_unit
GSM3647435,age,12,number_without_unit
GSM3647436,age,12,number_without_unit
GSM3647437,age,12,number_without_unit
GSM3647438,age,12,number_without_unit
GSM3647439,age,12,number_without_unit
GSM3647440,age,12,number_without_unit
GSM3647441,age,12,number_without_unit
GSM3647442,age,12,number_without_unit
GSM3647443,age,12,number_without_unit
GSM3647444,age,12,number_without_unit
GSM3647445,age,12,number_without_unit
GSM3647446,age,12,number_without_unit
GSM3647447,age,12,number_without_unit
GSM3647448,age,12,number_without_unit
GSM3647449,age,12,number_without_unit
GSM3647450,age,12,number_without_unit
GSM3647451,age,12,number_without_unit
GSM3647452,age,12,number_without_unit
GSM3647453,age,12,number_without_unit
GSM3647454,age,12,number_without_unit
GSM3647455,age,12,number_without_unit
GSM3647456,age,12,number_without_unit
GSM3647457,age,12,number_without_unit
GSM3647458,age,12,number_without_unit
GSM3647459,age,12,number_without_unit
GSM3647460,age,12,number_without_unit
GSM3647461,age,12,number_without_unit
GSM3647462,age,12,number_without_unit
GSM3647463,age,12,number_without_unit
GSM3647464,age,12,number_without_unit
GSM3647465,age,12,number_without_unit
GSM3647466,age,12,number_without_unit
GSM3647467,age,12,number_without_unit
GSM3647468,age,12,number_without_unit
GSM3647469,age,12,number_without_unit
GSM3647470,age,12,number_without_unit
GSM3647471,age,12,number_without_unit
GSM3647472,age,12,number_without_unit
GSM3647473,age,12,number_without_unit
GSM3647474,age,12,number_without_unit
GSM3647475,age,12,number_without_unit
GSM3647476,age,12,number_without_unit
GSM3647477,age,12,number_without_unit
GSM3647478,age,12,number_without_unit
GSM3647479,age,12,number_without_unit
GSM3647480,age,12,number_without_unit
GSM3647481,age,12,number_without_unit
GSM3647482,age,12,number_without_unit
GSM3647483,age,12,number_without_unit
GSM3647484,age,12,number_without_unit
GSM3647485,age,12,number_without_unit
GSM3647486,age,12,number_without_unit
GSM3647487,age,12,number_without_unit
GSM3647488,age,12,number_without_unit
GSM3647489,age,12,number_without_unit
GSM3647490,age,12,number_without_unit
GSM3647491,age,12,number_without_unit
GSM3647492,age,12,number_without_unit
GSM3647493,age,12,number_without_unit
GSM3647494,age,12,number_without_unit
GSM3647495,age,12,number_without_unit
GSM3647496,age,12,number_without_unit
GSM3647497,age,12,number_without_unit
GSM3647498,age,12,number_without_unit
GSM3647499,age,12,number_without_unit
GSM3647500,age,12,number_without_unit
GSM3647501,age,12,number_without_unit
GSM3647502,age,12,number_without_unit
GSM3647503,age,12,number_without_unit
GSM3647504,age,12,number_without_unit
GSM3647505,age,12,number_without_unit
GSM3647506,age,12,number_without_unit
GSM3647507,age,12,number_without_unit
GSM3647508,age,12,number_without_unit
GSM3647509,age,12,number_without_unit
GSM3647510,age,12,number_without_unit
GSM3647511,age,12,number_without_unit
GSM3647512,age,12,number_without_unit
GSM3647513,age,12,number_without_unit
GSM3647514,age,12,number_without_unit
GSM3647515,age,12,number_without_unit
GSM3647516,age,12,number_without_unit
GSM3647517,age,12,number_without_unit
GSM3647518,age,12,number_without_unit
GSM3647519,age,12,number_without_unit
GSM3647520,age,12,number_without_unit
GSM3647521,age,12,number_without_unit
GSM3647522,age,12,number_without_unit
GSM3647523,age,12,number_without_unit
GSM3647524,age,12,number_without_unit
GSM3647525,age,12,number_without_unit
GSM3647526,age,12,number_without_unit
GSM3647527,age,12,number_without_unit
GSM3647528,age,12,number_without_unit
GSM3647529,age,12,number_without_unit
GSM3647530,age,12,number_without_unit
GSM3647531,age,12,number_without_unit
GSM3647532,age,12,number_without_unit
GSM3647533,age,12,number_without_unit
GSM3647534,age,12,number_without_unit
GSM3647535,age,12,number_without_unit
GSM3647536,age,12,number_without_unit
GSM3647537,age,12,number_without_unit
GSM3647538,age,12,number_without_unit
GSM3647539,age,12,number_without_unit
GSM3647540,age,12,number_without_unit
GSM3647541,age,12,number_without_unit
GSM3647542,age,12,number_without_unit
GSM3647543,age,12,number_without_unit
GSM3647544,age,12,number_without_unit
GSM3647545,age,12,number_without_unit
GSM3647546,age,12,number_without_unit
GSM3647547,age,12,number_without_unit
GSM3647548,age,12,number_without_unit
GSM3647549,age,12,number_without_unit
GSM3647550,age,12,number_without_unit
GSM3647551,age,12,number_without_unit
GSM3647552,age,12,number_without_unit
GSM3647553,age,12,number_without_unit
GSM3647554,age,12,number_without_unit
GSM3647555,age,12,number_without_unit
GSM3647556,age,12,number_without_unit
GSM3647557,age,12,number_without_unit
GSM3647558,age,12,number_without_unit
GSM3647559,age,12,number_without_unit
GSM3647560,age,12,number_without_unit
GSM3647561,age,12,number_without_unit
GSM3647562,age,12,number_without_unit
GSM3647563,age,12,number_without_unit
GSM3647564,age,12,number_without_unit
GSM3647565,age,12,number_without_unit
GSM3647566,age,12,number_without_unit
GSM3647567,age,12,number_without_unit
GSM3647568,age,12,number_without_unit
GSM3647569,age,12,number_without_unit
GSM3647570,age,12,number_without_unit
GSM3647571,age,12,number_without_unit
GSM3647572,age,12,number_without_unit
GSM3647573,age,12,number_without_unit
GSM3647574,age,12,number_without_unit
GSM3647575,age,12,number_without_unit
GSM3647576,age,12,number_without_unit
GSM3647577,age,12,number_without_unit
GSM3647578,age,12,number_without_unit
GSM3647579,age,12,number_without_unit
GSM3647580,age,12,number_without_unit
GSM3647581,age,12,number_without_unit
GSM3647582,age,12,number_without_unit
GSM3647583,age,12,number_without_unit
GSM3647584,age,12,number_without_unit
GSM3647585,age,12,number_without_unit
GSM3647586,age,12,number_without_unit
GSM3647587,age,12,number_without_unit
GSM3647588,age,12,number_without_unit
GSM3647589,age,12,number_without_unit
GSM3647590,age,12,number_without_unit
GSM3647591,age,12,number_without_unit
GSM3647592,age,12,number_without_unit
GSM3647593,age,12,number_without_unit
GSM3647594,age,12,number_without_unit
GSM3647595,age,12,number_without_unit
GSM3647596,age,12,number_without_unit
GSM3647597,age,12,number_without_unit
GSM3647598,age,12,number_without_unit
GSM3647599,age,12,number_without_unit
GSM3647600,age,12,number_without_unit
GSM3647601,age,12,number_without_unit
GSM3647602,age,12,number_without_unit
GSM3647603,age,12,number_without_unit
GSM3647604,age,12,number_without_unit
GSM3647605,age,12,number_without_unit
GSM3647606,age,12,number_without_unit
GSM3647607,age,12,number_without_unit
GSM3647608,age,12,number_without_unit
GSM3647609,age,12,number_without_unit
GSM3647610,age,12,number_without_unit
GSM3647611,age,12,number_without_unit
GSM3647612,age,12,number_without_unit
GSM3647613,age,12,number_without_unit
GSM3647614,age,12,number_without_unit
GSM3647615,age,12,number_without_unit
GSM3647616,age,12,number_without_unit
GSM3647617,age,12,number_without_unit
GSM3647618,age,12,number_without_unit
GSM3647619,age,12,number_without_unit
GSM3647620,age,12,number_without_unit
GSM3647621,age,12,number_without_unit
GSM3647622,age,12,number_without_unit
GSM3647623,age,12,number_without_unit
GSM3647624,age,12,number_without_unit
GSM3647625,age,12,number_without_unit
GSM3647626,age,12,number_without_unit
GSM3647627,age,12,number_without_unit
GSM3647628,age,12,number_without_unit
GSM3647629,age,12,number_without_unit
GSM3647630,age,12,number_without_unit
GSM3647631,age,12,number_without_unit
GSM3647632,age,12,number_without_unit
GSM3647633,age,12,number_without_unit
GSM3647634,age,12,number_without_unit
GSM3647635,age,12,number_without_unit
GSM3647636,age,12,number_without_unit
GSM3647637,age,12,number_without_unit
GSM3647638,age,12,number_without_unit
GSM3647639,age,12,number_without_unit
GSM3647640,age,12,number_without_unit
GSM3647641,age,12,number_without_unit
GSM3647642,age,12,number_without_unit
GSM3647643,age,12,number_without_unit
GSM3647644,age,12,number_without_unit
GSM3647645,age,12,number_without_unit
GSM3647646,age,12,number_without_unit
GSM3647647,age,12,number_without_unit
GSM3647648,age,12,number_without_unit
GSM3647649,age,12,number_without_unit
GSM3647650,age,12,number_without_unit
GSM3647651,age,12,number_without_unit
GSM3647652,age,12,number_without_unit
GSM3647653,age,12,number_without_unit
GSM3647654,age,12,number_without_unit
GSM3647655,age,12,number_without_unit
GSM3647656,age,12,number_without_unit
GSM3647657,age,12,number_without_unit
GSM3647658,age,12,number_without_unit
GSM3647659,age,12,number_without_unit
GSM3647660,age,12,number_without_unit
GSM3647661,age,12,number_without_unit
GSM3647662,age,12,number_without_unit
GSM3647663,age,12,number_without_unit
GSM3647664,age,12,number_without_unit
GSM3647665,age,12,number_without_unit
GSM3647666,age,12,number_without_unit
GSM3647667,age,12,number_without_unit
GSM3647668,age,12,number_without_unit
GSM3647669,age,12,number_without_unit
GSM3647670,age,12,number_without_unit
GSM3647671,age,12,number_without_unit
GSM3647672,age,12,number_without_unit
GSM3647673,age,12,number_without_unit
GSM3647674,age,12,number_without_unit
GSM3647675,age,12,number_without_unit
GSM3647676,age,12,number_without_unit
GSM3647677,age,12,number_without_unit
GSM3647678,age,12,number_without_unit
GSM3647679,age,12,number_without_unit
GSM3647680,age,12,number_without_unit
GSM3647681,age,12,number_without_unit
GSM3647682,age,12,number_without_unit
GSM3647683,age,12,number_without_unit
GSM3647684,age,12,number_without_unit
GSM3647685,age,12,number_without_unit
GSM3647686,age,12,number_without_unit
GSM3647687,age,12,number_without_unit
GSM3647688,age,12,number_without_unit
GSM3647689,age,12,number_without_unit
GSM3647690,age,12,number_without_unit
GSM3647691,age,12,number_without_unit
GSM3647692,age,12,number_without_unit
GSM3647693,age,12,number_without_unit
GSM3647694,age,12,number_without_unit
GSM3647695,age,12,number_without_unit
GSM3647696,age,12,number_without_unit
GSM3647697,age,12,number_without_unit
GSM3647698,age,12,number_without_unit
GSM3647699,age,12,number_without_unit
GSM3647700,age,12,number_without_unit
GSM3647701,age,12,number_without_unit
GSM3647702,age,12,number_without_unit
GSM3647703,age,12,number_without_unit
GSM3647704,age,12,number_without_unit
GSM3647705,age,12,number_without_unit
GSM3647706,age,12,number_without_unit
GSM3647707,age,12,number_without_unit
GSM3647708,age,12,number_without_unit
GSM3647709,age,12,number_without_unit
GSM3647710,age,12,number_without_unit
GSM3647711,age,12,number_without_unit
GSM3647712,age,12,number_without_unit
GSM3647713,age,12,number_without_unit
GSM3647714,age,12,number_without_unit
GSM3647715,age,12,number_without_unit
GSM3647716,age,12,number_without_unit
GSM3647717,age,12,number_without_unit
GSM3647718,age,12,number_without_unit
GSM3647719,age,12,number_without_unit
GSM3647720,age,12,number_without_unit
GSM3647721,age,12,number_without_unit
GSM3647722,age,12,number_without_unit
GSM3647723,age,12,number_without_unit
GSM3647724,age,12,number_without_unit
GSM3647725,age,12,number_without_unit
GSM3647726,age,12,number_without_unit
GSM3647727,age,12,number_without_unit
GSM3647728,age,12,number_without_unit
GSM3647729,age,12,number_without_unit
GSM3647730,age,12,number_without_unit
GSM3647731,age,12,number_without_unit
GSM3647732,age,12,number_without_unit
GSM3647733,age,12,number_without_unit
GSM3647734,age,12,number_without_unit
GSM3647735,age,12,number_without_unit
GSM3647736,age,12,number_without_unit
GSM3647737,age,12,number_without_unit
GSM3647738,age,12,number_without_unit
GSM3647739,age,12,number_without_unit
GSM3647740,age,12,number_without_unit
GSM3647741,age,12,number_without_unit
GSM3647742,age,12,number_without_unit
GSM3647743,age,12,number_without_unit
GSM3647744,age,12,number_without_unit
GSM3647745,age,12,number_without_unit
GSM3647746,age,12,number_without_unit
GSM3647747,age,12,number_without_unit
GSM3647748,age,12,number_without_unit
GSM3647749,age,12,number_without_unit
GSM3647750,age,12,number_without_unit
GSM3647751,age,12,number_without_unit
GSM3647752,age,12,number_without_unit
GSM3647753,age,12,number_without_unit
GSM3647754,age,12,number_without_unit
GSM3647755,age,12,number_without_unit
GSM3647756,age,12,number_without_unit
GSM3647757,age,12,number_without_unit
GSM3647758,age,12,number_without_unit
GSM3647759,age,12,number_without_unit
GSM3647760,age,12,number_without_unit
GSM3647761,age,12,number_without_unit
GSM3647762,age,12,number_without_unit
GSM3647763,age,12,number_without_unit
GSM3647764,age,12,number_without_unit
GSM3647765,age,12,number_without_unit
GSM3647766,age,12,number_without_unit
GSM3647767,age,12,number_without_unit
GSM3647768,age,12,number_without_unit
GSM3647769,age,12,number_without_unit
GSM3647770,age,12,number_without_unit
GSM3647771,age,12,number_without_unit
GSM3647772,age,12,number_without_unit
GSM3647773,age,12,number_without_unit
GSM3647774,age,12,number_without_unit
GSM3647775,age,12,number_without_unit
GSM3647776,age,12,number_without_unit
GSM3647777,age,12,number_without_unit
GSM3647778,age,12,number_without_unit
GSM3647779,age,12,number_without_unit
GSM3647780,age,12,number_without_unit
GSM3647781,age,12,number_without_unit
GSM3647782,age,12,number_without_unit
GSM3647783,age,12,number_without_unit
GSM3647784,age,12,number_without_unit
GSM3647785,age,12,number_without_unit
GSM3647786,age,12,number_without_unit
GSM3647787,age,12,number_without_unit
GSM3647788,age,12,number_without_unit
GSM3647789,age,12,number_without_unit
GSM3647790,age,12,number_without_unit
GSM3647791,age,12,number_without_unit
GSM3647792,age,12,number_without_unit
GSM3647793,age,12,number_without_unit
GSM3647794,age,12,number_without_unit
GSM3647795,age,12,number_without_unit
GSM3647796,age,12,number_without_unit
GSM3647797,age,12,number_without_unit
GSM3647798,age,12,number_without_unit
GSM3647799,age,12,number_without_unit
GSM3647800,age,12,number_without_unit
GSM3647801,age,12,number_without_unit
GSM3647802,age,12,number_without_unit
GSM3647803,age,12,number_without_unit
GSM3647804,age,12,number_without_unit
GSM3647805,age,12,number_without_unit
GSM3647806,age,12,number_without_unit
GSM3647807,age,12,number_without_unit
GSM3647808,age,12,number_without_unit
GSM3647809,age,12,number_without_unit
GSM3647810,age,12,number_without_unit
GSM3647811,age,12,number_without_unit
GSM3647812,age,12,number_without_unit
GSM3647813,age,12,number_without_unit
GSM3647814,age,12,number_without_unit
GSM3647815,age,12,number_without_unit
GSM3647816,age,12,number_without_unit
GSM3647817,age,12,number_without_unit
GSM3647818,age,12,number_without_unit
GSM3647819,age,12,number_without_unit
GSM3647820,age,12,number_without_unit
GSM3647821,age,12,number_without_unit
GSM3647822,age,12,number_without_unit
GSM3647823,age,12,number_without_unit
GSM3647824,age,12,number_without_unit
GSM3647825,age,12,number_without_unit
GSM3647826,age,12,number_without_unit
GSM3647827,age,12,number_without_unit
GSM3647828,age,12,number_without_unit
GSM3647829,age,12,number_without_unit
GSM3647830,age,12,number_without_unit
GSM3647831,age,12,number_without_unit
GSM3647832,age,12,number_without_unit
GSM3647833,age,12,number_without_unit
GSM3647834,age,12,number_without_unit
GSM3647835,age,12,number_without_unit
GSM3647836,age,12,number_without_unit
GSM3647837,age,12,number_without_unit
GSM3647838,age,12,number_without_unit
GSM3647839,age,12,number_without_unit
GSM3647840,age,12,number_without_unit
GSM3647841,age,12,number_without_unit
GSM3647842,age,12,number_without_unit
GSM3647843,age,12,number_without_unit
GSM3647844,age,12,number_without_unit
GSM3647845,age,12,number_without_unit
GSM3647846,age,12,number_without_unit
GSM3647847,age,12,number_without_unit
GSM3647848,age,12,number_without_unit
GSM3647849,age,12,number_without_unit
GSM3647850,age,12,number_without_unit
GSM3647851,age,12,number_without_unit
GSM3647852,age,12,number_without_unit
GSM3647853,age,12,number_without_unit
GSM3647854,age,12,number_without_unit
GSM3647855,age,12,number_without_unit
GSM3647856,age,12,number_without_unit
GSM3647857,age,12,number_without_unit
GSM3647858,age,12,number_without_unit
GSM3647859,age,12,number_without_unit
GSM3647860,age,12,number_without_unit
GSM3647861,age,12,number_without_unit
GSM3647862,age,12,number_without_unit
GSM3647863,age,12,number_without_unit
GSM3647864,age,12,number_without_unit
GSM3647865,age,12,number_without_unit
GSM3647866,age,12,number_without_unit
GSM3647867,age,12,number_without_unit
GSM3647868,age,12,number_without_unit
GSM3647869,age,12,number_without_unit
GSM3647870,age,12,number_without_unit
GSM3647871,age,12,number_without_unit
GSM3647872,age,12,number_without_unit
GSM3647873,age,12,number_without_unit
GSM3647874,age,12,number_without_unit
GSM3647875,age,12,number_without_unit
GSM3647876,age,12,number_without_unit
GSM3647877,age,12,number_without_unit
GSM3647878,age,12,number_without_unit
GSM3647879,age,12,number_without_unit
GSM3647880,age,12,number_without_unit
GSM3647881,age,12,number_without_unit
GSM3647882,age,12,number_without_unit
GSM3647883,age,12,number_without_unit
GSM3647884,age,12,number_without_unit
GSM3647885,age,12,number_without_unit
GSM3647886,age,12,number_without_unit
GSM3647887,age,12,number_without_unit
GSM3647888,age,12,number_without_unit
GSM3647889,age,12,number_without_unit
GSM3647890,age,12,number_without_unit
GSM3647891,age,12,number_without_unit
GSM3647892,age,12,number_without_unit
GSM3647893,age,12,number_without_unit
GSM3647894,age,12,number_without_unit
GSM3647895,age,12,number_without_unit
GSM3647896,age,12,number_without_unit
GSM3647897,age,12,number_without_unit
GSM3647898,age,12,number_without_unit
GSM3647899,age,12,number_without_unit
GSM3647900,age,12,number_without_unit
GSM3647901,age,12,number_without_unit
GSM3647902,age,12,number_without_unit
GSM3647903,age,12,number_without_unit
GSM3647904,age,12,number_without_unit
GSM3647905,age,12,number_without_unit
GSM3647906,age,12,number_without_unit
GSM3647907,age,12,number_without_unit
GSM3647908,age,12,number_without_unit
GSM3647909,age,12,number_without_unit
GSM3647910,age,12,number_without_unit
GSM3647911,age,12,number_without_unit
GSM3647912,age,12,number_without_unit
GSM3647913,age,12,number_without_unit
GSM3647914,age,12,number_without_unit
GSM3647915,age,12,number_without_unit
GSM3647916,age,12,number_without_unit
GSM3647917,age,12,number_without_unit
GSM3647918,age,12,number_without_unit
GSM3647919,age,12,number_without_unit
GSM3647920,age,12,number_without_unit
GSM3647921,age,12,number_without_unit
GSM3647922,age,12,number_without_unit
GSM3647923,age,12,number_without_unit
GSM3647924,age,12,number_without_unit
GSM3647925,age,12,number_without_unit
GSM3647926,age,12,number_without_unit
GSM3647927,age,12,number_without_unit
GSM3647928,age,12,number_without_unit
GSM3647929,age,12,number_without_unit
GSM3647930,age,12,number_without_unit
GSM3647931,age,12,number_without_unit
GSM3647932,age,12,number_without_unit
GSM3647933,age,12,number_without_unit
GSM3647934,age,12,number_without_unit
GSM3647935,age,12,number_without_unit
GSM3647936,age,12,number_without_unit
GSM3647937,age,12,number_without_unit
GSM3647938,age,12,number_without_unit
GSM3647939,age,12,number_without_unit
GSM3647940,age,12,number_without_unit
GSM3647941,age,12,number_without_unit
GSM3647942,age,12,number_without_unit
GSM3647943,age,12,number_without_unit
GSM3647944,age,12,number_without_unit
GSM3647945,age,12,number_without_unit
GSM3647946,age,12,number_without_unit
GSM3647947,age,12,number_without_unit
GSM3647948,age,12,number_without_unit
GSM3647949,age,12,number_without_unit
GSM3647950,age,12,number_without_unit
GSM3647951,age,12,number_without_unit
GSM3647952,age,12,number_without_unit
GSM3647953,age,12,number_without_unit
GSM3647954,age,12,number_without_unit
GSM3647955,age,12,number_without_unit
GSM3647956,age,12,number_without_unit
GSM3647957,age,12,number_without_unit
GSM3647958,age,12,number_without_unit
GSM3647959,age,12,number_without_unit
GSM3647960,age,12,number_without_unit
GSM3647961,age,12,number_without_unit
GSM3647962,age,12,number_without_unit
GSM3647963,age,12,number_without_unit
GSM3647964,age,12,number_without_unit
GSM3647965,age,12,number_without_unit
GSM3647966,age,12,number_without_unit
GSM3647967,age,12,number_without_unit
GSM3647968,age,12,number_without_unit
GSM3647969,age,12,number_without_unit
GSM3647970,age,12,number_without_unit
GSM3647971,age,12,number_without_unit
GSM3647972,age,12,number_without_unit
GSM3647973,age,12,number_without_unit
GSM3647974,age,12,number_without_unit
GSM3647975,age,12,number_without_unit
GSM3647976,age,12,number_without_unit
GSM3647977,age,12,number_without_unit
GSM3647978,age,12,number_without_unit
GSM3647979,age,12,number_without_unit
GSM3647980,age,12,number_without_unit
GSM3647981,age,12,number_without_unit
GSM3647982,age,12,number_without_unit
GSM3647983,age,12,number_without_unit
GSM3647984,age,12,number_without_unit
GSM3647985,age,12,number_without_unit
GSM3647986,age,12,number_without_unit
GSM3647987,age,12,number_without_unit
GSM3647988,age,12,number_without_unit
GSM3647989,age,12,number_without_unit
GSM3647990,age,12,number_without_unit
GSM3647991,age,12,number_without_unit
GSM3647992,age,12,number_without_unit
GSM3647993,age,12,number_without_unit
GSM3647994,age,12,number_without_unit
GSM3647995,age,12,number_without_unit
GSM3647996,age,12,number_without_unit
GSM3647997,age,12,number_without_unit
GSM3647998,age,12,number_without_unit
GSM3647999,age,12,number_without_unit
GSM3648000,age,12,number_without_unit
GSM3648001,age,12,number_without_unit
GSM3648002,age,12,number_without_unit
GSM3648003,age,12,number_without_unit
GSM3648004,age,12,number_without_unit
GSM3648005,age,12,number_without_unit
GSM3648006,age,12,number_without_unit
GSM3648007,age,12,number_without_unit
GSM3648008,age,12,number_without_unit
GSM3648009,age,12,number_without_unit
GSM3648010,age,12,number_without_unit
GSM3648011,age,12,number_without_unit
GSM3648012,age,12,number_without_unit
GSM3648013,age,12,number_without_unit
GSM3648014,age,12,number_without_unit
GSM3648015,age,12,number_without_unit
GSM3648016,age,12,number_without_unit
GSM3648017,age,12,number_without_unit
GSM3648018,age,12,number_without_unit
GSM3648019,age,12,number_without_unit
GSM3648020,age,12,number_without_unit
GSM3648021,age,12,number_without_unit
GSM3648022,age,12,number_without_unit
GSM3648023,age,12,number_without_unit
GSM3648024,age,12,number_without_unit
GSM3648025,age,12,number_without_unit
GSM3648026,age,12,number_without_unit
GSM3648027,age,12,number_without_unit
GSM3648028,age,12,number_without_unit
GSM3648029,age,12,number_without_unit
GSM3648030,age,12,number_without_unit
GSM3648031,age,12,number_without_unit
GSM3648032,age,12,number_without_unit
GSM3648033,age,12,number_without_unit
GSM3648034,age,12,number_without_unit
GSM3648035,age,12,number_without_unit
GSM3648036,age,12,number_without_unit
GSM3648037,age,12,number_without_unit
GSM3648038,age,12,number_without_unit
GSM3648039,age,12,number_without_unit
GSM3648040,age,12,number_without_unit
GSM3648041,age,12,number_without_unit
GSM3648042,age,12,number_without_unit
GSM3648043,age,12,number_without_unit
GSM3648044,age,12,number_without_unit
GSM3648045,age,12,number_without_unit
GSM3648046,age,12,number_without_unit
GSM3648047,age,12,number_without_unit
GSM3648048,age,12,number_without_unit
GSM3648049,age,12,number_without_unit
GSM3648050,age,12,number_without_unit
GSM3648051,age,12,number_without_unit
GSM3648052,age,12,number_without_unit
GSM3648053,age,12,number_without_unit
GSM3648054,age,12,number_without_unit
GSM3648055,age,12,number_without_unit
GSM3648056,age,12,number_without_unit
GSM3648057,age,12,number_without_unit
GSM3648058,age,12,number_without_unit
GSM3648059,age,12,number_without_unit
GSM3648060,age,12,number_without_unit
GSM3648061,age,12,number_without_unit
GSM3648062,age,12,number_without_unit
GSM3648063,age,12,number_without_unit
GSM3648064,age,12,number_without_unit
GSM3648065,age,12,number_without_unit
GSM3648066,age,12,number_without_unit
GSM3648067,age,12,number_without_unit
GSM3648068,age,12,number_without_unit
GSM3648069,age,12,number_without_unit
GSM3648070,age,12,number_without_unit
GSM3648071,age,12,number_without_unit
GSM3648072,age,12,number_without_unit
GSM3648073,age,12,number_without_unit
GSM3648074,age,12,number_without_unit
GSM3648075,age,12,number_without_unit
GSM3648076,age,12,number_without_unit
GSM3648077,age,12,number_without_unit
GSM3648078,age,12,number_without_unit
GSM3648079,age,12,number_without_unit
GSM3648080,age,12,number_without_unit
GSM3648081,age,12,number_without_unit
GSM3648082,age,12,number_without_unit
GSM3648083,age,12,number_without_unit
GSM3648084,age,12,number_without_unit
GSM3648085,age,12,number_without_unit
GSM3648086,age,12,number_without_unit
GSM3648087,age,12,number_without_unit
GSM3648088,age,12,number_without_unit
GSM3648089,age,12,number_without_unit
GSM3648090,age,12,number_without_unit
GSM3648091,age,12,number_without_unit
GSM3648092,age,12,number_without_unit
GSM3648093,age,12,number_without_unit
GSM3648094,age,12,number_without_unit
GSM3648095,age,12,number_without_unit
GSM3648096,age,12,number_without_unit
GSM3648097,age,12,number_without_unit
GSM3648098,age,12,number_without_unit
GSM3648099,age,12,number_without_unit
GSM3648100,age,12,number_without_unit
GSM3648101,age,12,number_without_unit
GSM3648102,age,12,number_without_unit
GSM3648103,age,12,number_without_unit
GSM3648104,age,12,number_without_unit
GSM3648105,age,12,number_without_unit
GSM3648106,age,12,number_without_unit
GSM3648107,age,12,number_without_unit
GSM3648108,age,12,number_without_unit
GSM3648109,age,12,number_without_unit
GSM3648110,age,12,number_without_unit
GSM3648111,age,12,number_without_unit
GSM3648112,age,12,number_without_unit
GSM3648113,age,12,number_without_unit
GSM3648114,age,12,number_without_unit
GSM3648115,age,12,number_without_unit
GSM3648116,age,12,number_without_unit
GSM3648117,age,12,number_without_unit
GSM3648118,age,12,number_without_unit
GSM3648119,age,12,number_without_unit
GSM3648120,age,12,number_without_unit
GSM3648121,age,12,number_without_unit
GSM3648122,age,12,number_without_unit
GSM3648123,age,12,number_without_unit
GSM3648124,age,12,number_without_unit
GSM3648125,age,12,number_without_unit
GSM3648126,age,12,number_without_unit
GSM3648127,age,12,number_without_unit
GSM3648128,age,12,number_without_unit
GSM3648129,age,12,number_without_unit
GSM3648130,age,12,number_without_unit
GSM3648131,age,12,number_without_unit
GSM3648132,age,12,number_without_unit
GSM3648133,age,12,number_without_unit
GSM3648134,age,12,number_without_unit
GSM3648135,age,12,number_without_unit
GSM3648136,age,12,number_without_unit
GSM3648137,age,12,number_without_unit
GSM3648138,age,12,number_without_unit
GSM3648139,age,12,number_without_unit
GSM3648140,age,12,number_without_unit
GSM3648141,age,12,number_without_unit
GSM3648142,age,12,number_without_unit
GSM3648143,age,12,number_without_unit
GSM3648144,age,12,number_without_unit
GSM3648145,age,12,number_without_unit
GSM3648146,age,12,number_without_unit
GSM3648147,age,12,number_without_unit
GSM3648148,age,12,number_without_unit
GSM3648149,age,12,number_without_unit
GSM3648150,age,12,number_without_unit
GSM3648151,age,12,number_without_unit
GSM3648152,age,12,number_without_unit
GSM3648153,age,12,number_without_unit
GSM3648154,age,12,number_without_unit
GSM3648155,age,12,number_without_unit
GSM3648156,age,12,number_without_unit
GSM3648157,age,12,number_without_unit
GSM3648158,age,12,number_without_unit
GSM3648159,age,12,number_without_unit
GSM3648160,age,12,number_without_unit
GSM3648161,age,12,number_without_unit
GSM3648162,age,12,number_without_unit
GSM3648163,age,12,number_without_unit
GSM3648164,age,12,number_without_unit
GSM3648165,age,12,number_without_unit
GSM3648166,age,12,number_without_unit
GSM3648167,age,12,number_without_unit
GSM3648168,age,12,number_without_unit
GSM3648169,age,12,number_without_unit
GSM3648170,age,12,number_without_unit
GSM3648171,age,12,number_without_unit
GSM3648172,age,12,number_without_unit
GSM3648173,age,12,number_without_unit
GSM3648174,age,12,number_without_unit
GSM3648175,age,12,number_without_unit
GSM3648176,age,12,number_without_unit
GSM3648177,age,12,number_without_unit
GSM3648178,age,12,number_without_unit
GSM3648179,age,12,number_without_unit
GSM3648180,age,12,number_without_unit
GSM3648181,age,12,number_without_unit
GSM3648182,age,12,number_without_unit
GSM3648183,age,12,number_without_unit
GSM3648184,age,12,number_without_unit
GSM3648185,age,12,number_without_unit
GSM3648186,age,12,number_without_unit
GSM3648187,age,12,number_without_unit
GSM3648188,age,12,number_without_unit
GSM3648189,age,12,number_without_unit
GSM3648190,age,12,number_without_unit
GSM3648191,age,12,number_without_unit
GSM3648192,age,12,number_without_unit
GSM3648193,age,12,number_without_unit
GSM3648194,age,12,number_without_unit
GSM3648195,age,12,number_without_unit
GSM3648196,age,12,number_without_unit
GSM3648197,age,12,number_without_unit
GSM3648198,age,12,number_without_unit
GSM3648199,age,12,number_without_unit
GSM3648200,age,12,number_without_unit
GSM3648201,age,12,number_without_unit
GSM3648202,age,12,number_without_unit
GSM3648203,age,12,number_without_unit
GSM3648204,age,12,number_without_unit
GSM3648205,age,12,number_without_unit
GSM3648206,age,12,number_without_unit
GSM3648207,age,12,number_without_unit
GSM3648208,age,12,number_without_unit
GSM3648209,age,12,number_without_unit
GSM3648210,age,12,number_without_unit
GSM3648211,age,12,number_without_unit
GSM3648212,age,12,number_without_unit
GSM3648213,age,12,number_without_unit
GSM3648214,age,12,number_without_unit
GSM3648215,age,12,number_without_unit
GSM3648216,age,12,number_without_unit
GSM3648217,age,12,number_without_unit
GSM3648218,age,12,number_without_unit
GSM3648219,age,12,number_without_unit
GSM3648220,age,12,number_without_unit
GSM3648221,age,12,number_without_unit
GSM3648222,age,12,number_without_unit
GSM3648223,age,12,number_without_unit
GSM3648224,age,12,number_without_unit
GSM3648225,age,12,number_without_unit
GSM3648226,age,12,number_without_unit
GSM3648227,age,12,number_without_unit
GSM3648228,age,12,number_without_unit
GSM3648229,age,12,number_without_unit
GSM3648230,age,12,number_without_unit
GSM3648231,age,12,number_without_unit
GSM3648232,age,12,number_without_unit
GSM3648233,age,12,number_without_unit
GSM3648234,age,12,number_without_unit
GSM3648235,age,12,number_without_unit
GSM3648236,age,12,number_without_unit
GSM3648237,age,12,number_without_unit
GSM3648238,age,12,number_without_unit
GSM3648239,age,12,number_without_unit
GSM3648240,age,12,number_without_unit
GSM3648241,age,12,number_without_unit
GSM3648242,age,12,number_without_unit
GSM3648243,age,12,number_without_unit
GSM3648244,age,12,number_without_unit
GSM3648245,age,12,number_without_unit
GSM3648246,age,12,number_without_unit
GSM3648247,age,12,number_without_unit
GSM3648248,age,12,number_without_unit
GSM3648249,age,12,number_without_unit
GSM3648250,age,12,number_without_unit
GSM3648251,age,12,number_without_unit
GSM3648252,age,12,number_without_unit
GSM3648253,age,12,number_without_unit
GSM3648254,age,12,number_without_unit
GSM3648255,age,12,number_without_unit
GSM3648256,age,12,number_without_unit
GSM3648257,age,12,number_without_unit
GSM3648258,age,12,number_without_unit
GSM3648259,age,12,number_without_unit
GSM3648260,age,12,number_without_unit
GSM3648261,age,12,number_without_unit
GSM3648262,age,12,number_without_unit
GSM3648263,age,12,number_without_unit
GSM3648264,age,12,number_without_unit
GSM3648265,age,12,number_without_unit
GSM3648266,age,12,number_without_unit
GSM3648267,age,12,number_without_unit
GSM3648268,age,12,number_without_unit
GSM3648269,age,12,number_without_unit
GSM3648270,age,12,number_without_unit
GSM3648271,age,12,number_without_unit
GSM3648272,age,12,number_without_unit
GSM3648273,age,12,number_without_unit
GSM3648274,age,12,number_without_unit
GSM3648275,age,12,number_without_unit
GSM3648276,age,12,number_without_unit
GSM3648277,age,12,number_without_unit
GSM3648278,age,12,number_without_unit
GSM3648279,age,12,number_without_unit
GSM3648280,age,12,number_without_unit
GSM3648281,age,12,number_without_unit
GSM3648282,age,12,number_without_unit
GSM3648283,age,12,number_without_unit
GSM3648284,age,12,number_without_unit
GSM3648285,age,12,number_without_unit
GSM3648286,age,12,number_without_unit
GSM3648287,age,12,number_without_unit
GSM3648288,age,12,number_without_unit
GSM3648289,age,12,number_without_unit
GSM3648290,age,12,number_without_unit
GSM3648291,age,12,number_without_unit
GSM3648292,age,12,number_without_unit
GSM3648293,age,12,number_without_unit
GSM3648294,age,12,number_without_unit
GSM3648295,age,12,number_without_unit
GSM3648296,age,12,number_without_unit
GSM3648297,age,12,number_without_unit
GSM3648298,age,12,number_without_unit
GSM3648299,age,12,number_without_unit
GSM3648300,age,12,number_without_unit
GSM3648301,age,12,number_without_unit
GSM3648302,age,12,number_without_unit
GSM3648303,age,12,number_without_unit
GSM3648304,age,12,number_without_unit
GSM3648305,age,12,number_without_unit
GSM3648306,age,12,number_without_unit
GSM3648307,age,12,number_without_unit
GSM3648308,age,12,number_without_unit
GSM3648309,age,12,number_without_unit
GSM3648310,age,12,number_without_unit
GSM3648311,age,12,number_without_unit
GSM3648312,age,12,number_without_unit
GSM3648313,age,12,number_without_unit
GSM3648314,age,12,number_without_unit
GSM3648315,age,12,number_without_unit
GSM3648316,age,12,number_without_unit
GSM3648317,age,12,number_without_unit
GSM3648318,age,12,number_without_unit
GSM3648319,age,12,number_without_unit
GSM3648320,age,12,number_without_unit
GSM3648321,age,12,number_without_unit
GSM3648322,age,12,number_without_unit
GSM3648323,age,12,number_without_unit
GSM3648324,age,12,number_without_unit
GSM3648325,age,12,number_without_unit
GSM3648326,age,12,number_without_unit
GSM3648327,age,12,number_without_unit
GSM3648328,age,12,number_without_unit
GSM3648329,age,12,number_without_unit
GSM3648330,age,12,number_without_unit
GSM3648331,age,12,number_without_unit
GSM3648332,age,12,number_without_unit
GSM3648333,age,12,number_without_unit
GSM3648334,age,12,number_without_unit
GSM3648335,age,12,number_without_unit
GSM3648336,age,12,number_without_unit
GSM3648337,age,12,number_without_unit
GSM3648338,age,12,number_without_unit
GSM3648339,age,12,number_without_unit
GSM3648340,age,12,number_without_unit
GSM3648341,age,12,number_without_unit
GSM3648342,age,12,number_without_unit
GSM3648343,age,12,number_without_unit
GSM3648344,age,12,number_without_unit
GSM3648345,age,12,number_without_unit
GSM3648346,age,12,number_without_unit
GSM3648347,age,12,number_without_unit
GSM3648348,age,12,number_without_unit
GSM3648349,age,12,number_without_unit
GSM3648350,age,12,number_without_unit
GSM3648351,age,12,number_without_unit
GSM3648352,age,12,number_without_unit
GSM3648353,age,12,number_without_unit
GSM3648354,age,12,number_without_unit
GSM3648355,age,12,number_without_unit
GSM3648356,age,12,number_without_unit
GSM3648357,age,12,number_without_unit
GSM3648358,age,12,number_without_unit
GSM3648359,age,12,number_without_unit
GSM3648360,age,12,number_without_unit
GSM3648361,age,12,number_without_unit
GSM3648362,age,12,number_without_unit
GSM3648363,age,12,number_without_unit
GSM3648364,age,12,number_without_unit
GSM3648365,age,12,number_without_unit
GSM3648366,age,12,number_without_unit
GSM3648367,age,12,number_without_unit
GSM3648368,age,12,number_without_unit
GSM3648369,age,12,number_without_unit
GSM3648370,age,12,number_without_unit
GSM3648371,age,12,number_without_unit
GSM3648372,age,12,number_without_unit
GSM3652999,age,12,number_without_unit
GSM3653000,age,12,number_without_unit
GSM3653001,age,12,number_without_unit
GSM3653002,age,12,number_without_unit
GSM3653003,age,12,number_without_unit
GSM3653004,age,12,number_without_unit
GSM3653005,age,12,number_without_unit
GSM3653006,age,12,number_without_unit
GSM3653007,age,12,number_without_unit
GSM3653008,age,12,number_without_unit
GSM3653009,age,12,number_without_unit
GSM3653010,age,12,number_without_unit
GSM3653011,age,12,number_without_unit
GSM3653012,age,12,number_without_unit
GSM3653013,age,12,number_without_unit
GSM3653014,age,12,number_without_unit
GSM3653015,age,12,number_without_unit
GSM3653016,age,12,number_without_unit
GSM3653017,age,12,number_without_unit
GSM3653018,age,12,number_without_unit
GSM3653019,age,12,number_without_unit
GSM3653020,age,12,number_without_unit
GSM3653021,age,12,number_without_unit
GSM3653022,age,12,number_without_unit
GSM3653023,age,12,number_without_unit
GSM3653024,age,12,number_without_unit
GSM3653025,age,12,number_without_unit
GSM3653026,age,12,number_without_unit
GSM3653027,age,12,number_without_unit
GSM3653028,age,12,number_without_unit
GSM3653029,age,12,number_without_unit
GSM3653030,age,12,number_without_unit
GSM3653031,age,12,number_without_unit
GSM3653032,age,12,number_without_unit
GSM3653033,age,12,number_without_unit
GSM3653034,age,12,number_without_unit
GSM3653035,age,12,number_without_unit
GSM3653036,age,12,number_without_unit
GSM3653037,age,12,number_without_unit
GSM3653038,age,12,number_without_unit
GSM3653039,age,12,number_without_unit
GSM3653040,age,12,number_without_unit
GSM3653041,age,12,number_without_unit
GSM3653042,age,12,number_without_unit
GSM3653043,age,12,number_without_unit
GSM3653044,age,12,number_without_unit
GSM3653045,age,12,number_without_unit
GSM3653046,age,12,number_without_unit
GSM3653047,age,12,number_without_unit
GSM3653048,age,12,number_without_unit
GSM3653049,age,12,number_without_unit
GSM3653050,age,12,number_without_unit
GSM3653051,age,12,number_without_unit
GSM3653052,age,12,number_without_unit
GSM3653053,age,12,number_without_unit
GSM3653054,age,12,number_without_unit
GSM3653055,age,12,number_without_unit
GSM3653056,age,12,number_without_unit
GSM3653057,age,12,number_without_unit
GSM3653058,age,12,number_without_unit
GSM3653059,age,12,number_without_unit
GSM3653060,age,12,number_without_unit
GSM3653061,age,12,number_without_unit
GSM3653062,age,12,number_without_unit
GSM3653063,age,12,number_without_unit
GSM3653064,age,12,number_without_unit
GSM3653065,age,12,number_without_unit
GSM3653066,age,12,number_without_unit
GSM3653067,age,12,number_without_unit
GSM3653068,age,12,number_without_unit
GSM3653069,age,12,number_without_unit
GSM3653070,age,12,number_without_unit
GSM3653071,age,12,number_without_unit
GSM3653072,age,12,number_without_unit
GSM3653073,age,12,number_without_unit
GSM3653074,age,12,number_without_unit
GSM3653075,age,12,number_without_unit
GSM3653076,age,12,number_without_unit
GSM3653077,age,12,number_without_unit
GSM3653078,age,12,number_without_unit
GSM3653079,age,12,number_without_unit
GSM3653080,age,12,number_without_unit
GSM3653081,age,12,number_without_unit
GSM3653082,age,12,number_without_unit
GSM3653083,age,12,number_without_unit
GSM3653084,age,12,number_without_unit
GSM3653085,age,12,number_without_unit
GSM3653086,age,12,number_without_unit
GSM3653087,age,12,number_without_unit
GSM3653088,age,12,number_without_unit
GSM3653089,age,12,number_without_unit
GSM3653090,age,12,number_without_unit
GSM3653091,age,12,number_without_unit
GSM3653092,age,12,number_without_unit
GSM3653093,age,12,number_without_unit
GSM3653094,age,12,number_without_unit
GSM3653095,age,12,number_without_unit
GSM3653096,age,12,number_without_unit
GSM3653097,age,12,number_without_unit
GSM3653098,age,12,number_without_unit
GSM3653099,age,12,number_without_unit
GSM3653100,age,12,number_without_unit
GSM3653101,age,12,number_without_unit
GSM3653102,age,12,number_without_unit
GSM3653103,age,12,number_without_unit
GSM3653104,age,12,number_without_unit
GSM3653105,age,12,number_without_unit
GSM3653106,age,12,number_without_unit
GSM3653107,age,12,number_without_unit
GSM3653108,age,12,number_without_unit
GSM3653109,age,12,number_without_unit
GSM3653110,age,12,number_without_unit
GSM3653111,age,12,number_without_unit
GSM3653112,age,12,number_without_unit
GSM3653113,age,12,number_without_unit
GSM3653114,age,12,number_without_unit
GSM3653115,age,12,number_without_unit
GSM3653116,age,12,number_without_unit
GSM3653117,age,12,number_without_unit
GSM3653118,age,12,number_without_unit
GSM3653119,age,12,number_without_unit
GSM3653120,age,12,number_without_unit
GSM3653121,age,12,number_without_unit
GSM3653122,age,12,number_without_unit
GSM3653123,age,12,number_without_unit
GSM3653124,age,12,number_without_unit
GSM3653125,age,12,number_without_unit
GSM3653126,age,12,number_without_unit
GSM3653127,age,12,number_without_unit
GSM3653128,age,12,number_without_unit
GSM3653129,age,12,number_without_unit
GSM3653130,age,12,number_without_unit
GSM3653131,age,12,number_without_unit
GSM3653132,age,12,number_without_unit
GSM3653133,age,12,number_without_unit
GSM3653134,age,12,number_without_unit
GSM3653135,age,12,number_without_unit
GSM3653136,age,12,number_without_unit
GSM3653137,age,12,number_without_unit
GSM3653138,age,12,number_without_unit
GSM3653139,age,12,number_without_unit
GSM3653140,age,12,number_without_unit
GSM3653141,age,12,number_without_unit
GSM3653142,age,12,number_without_unit
GSM3653143,age,12,number_without_unit
GSM3653144,age,12,number_without_unit
GSM3653145,age,12,number_without_unit
GSM3653146,age,12,number_without_unit
GSM3653147,age,12,number_without_unit
GSM3653148,age,12,number_without_unit
GSM3653149,age,12,number_without_unit
GSM3653150,age,12,number_without_unit
GSM3653151,age,12,number_without_unit
GSM3653152,age,12,number_without_unit
GSM3653153,age,12,number_without_unit
GSM3653154,age,12,number_without_unit
GSM3653155,age,12,number_without_unit
GSM3653156,age,12,number_without_unit
GSM3653157,age,12,number_without_unit
GSM3653158,age,12,number_without_unit
GSM3653159,age,12,number_without_unit
GSM3653160,age,12,number_without_unit
GSM3653161,age,12,number_without_unit
GSM3653162,age,12,number_without_unit
GSM3653163,age,12,number_without_unit
GSM3653164,age,12,number_without_unit
GSM3653165,age,12,number_without_unit
GSM3653166,age,12,number_without_unit
GSM3653167,age,12,number_without_unit
GSM3653168,age,12,number_without_unit
GSM3653169,age,12,number_without_unit
GSM3653170,age,12,number_without_unit
GSM3653171,age,12,number_without_unit
GSM3653172,age,12,number_without_unit
GSM3653173,age,12,number_without_unit
GSM3653174,age,12,number_without_unit
GSM3653175,age,12,number_without_unit
GSM3653176,age,12,number_without_unit
GSM3653177,age,12,number_without_unit
GSM3653178,age,12,number_without_unit
GSM3653179,age,12,number_without_unit
GSM3653180,age,12,number_without_unit
GSM3653181,age,12,number_without_unit
GSM3653182,age,12,number_without_unit
GSM3653183,age,12,number_without_unit
GSM3653184,age,12,number_without_unit
GSM3653185,age,12,number_without_unit
GSM3653186,age,12,number_without_unit
GSM3653187,age,12,number_without_unit
GSM3653188,age,12,number_without_unit
GSM3653189,age,12,number_without_unit
GSM3653190,age,12,number_without_unit
GSM3653191,age,12,number_without_unit
GSM3653192,age,12,number_without_unit
GSM3653193,age,12,number_without_unit
GSM3653194,age,12,number_without_unit
GSM3653195,age,12,number_without_unit
GSM3653196,age,12,number_without_unit
GSM3653197,age,12,number_without_unit
GSM3653198,age,12,number_without_unit
GSM3653199,age,12,number_without_unit
GSM3653200,age,12,number_without_unit
GSM3653201,age,12,number_without_unit
GSM3653202,age,12,number_without_unit
GSM3653203,age,12,number_without_unit
GSM3653204,age,12,number_without_unit
GSM3653205,age,12,number_without_unit
GSM3653206,age,12,number_without_unit
GSM3653207,age,12,number_without_unit
GSM3653208,age,12,number_without_unit
GSM3653209,age,12,number_without_unit
GSM3653210,age,12,number_without_unit
GSM3653211,age,12,number_without_unit
GSM3653212,age,12,number_without_unit
GSM3653213,age,12,number_without_unit
GSM3653214,age,12,number_without_unit
GSM3653215,age,12,number_without_unit
GSM3653216,age,12,number_without_unit
GSM3653217,age,12,number_without_unit
GSM3653218,age,12,number_without_unit
GSM3653219,age,12,number_without_unit
GSM3653220,age,12,number_without_unit
GSM3653221,age,12,number_without_unit
GSM3653222,age,12,number_without_unit
GSM3653223,age,12,number_without_unit
GSM3653224,age,12,number_without_unit
GSM3653225,age,12,number_without_unit
GSM3653226,age,12,number_without_unit
GSM3653227,age,12,number_without_unit
GSM3653228,age,12,number_without_unit
GSM3653229,age,12,number_without_unit
GSM3653230,age,12,number_without_unit
GSM3653231,age,12,number_without_unit
GSM3653232,age,12,number_without_unit
GSM3653233,age,12,number_without_unit
GSM3653234,age,12,number_without_unit
GSM3653235,age,12,number_without_unit
GSM3653236,age,12,number_without_unit
GSM3653237,age,12,number_without_unit
GSM3653238,age,12,number_without_unit
GSM3653239,age,12,number_without_unit
GSM3653240,age,12,number_without_unit
GSM3653241,age,12,number_without_unit
GSM3653242,age,12,number_without_unit
GSM3653243,age,12,number_without_unit
GSM3653244,age,12,number_without_unit
GSM3653245,age,12,number_without_unit
GSM3653246,age,12,number_without_unit
GSM3653247,age,12,number_without_unit
GSM3653248,age,12,number_without_unit
GSM3653249,age,12,number_without_unit
GSM3653250,age,12,number_without_unit
GSM3653251,age,12,number_without_unit
GSM3653252,age,12,number_without_unit
GSM3653253,age,12,number_without_unit
GSM3653254,age,12,number_without_unit
GSM3653255,age,12,number_without_unit
GSM3653256,age,12,number_without_unit
GSM3653257,age,12,number_without_unit
GSM3653258,age,12,number_without_unit
GSM3653259,age,12,number_without_unit
GSM3653260,age,12,number_without_unit
GSM3653261,age,12,number_without_unit
GSM3653262,age,12,number_without_unit
GSM3653263,age,12,number_without_unit
GSM3653264,age,12,number_without_unit
GSM3653265,age,12,number_without_unit
GSM3653266,age,12,number_without_unit
GSM3653267,age,12,number_without_unit
GSM3653268,age,12,number_without_unit
GSM3653269,age,12,number_without_unit
GSM3653270,age,12,number_without_unit
GSM3653271,age,12,number_without_unit
GSM3653272,age,12,number_without_unit
GSM3653273,age,12,number_without_unit
GSM3653274,age,12,number_without_unit
GSM3653275,age,12,number_without_unit
GSM3653276,age,12,number_without_unit
GSM3653277,age,12,number_without_unit
GSM3653278,age,12,number_without_unit
GSM3653279,age,12,number_without_unit
GSM3653280,age,12,number_without_unit
GSM3653281,age,12,number_without_unit
GSM3653282,age,12,number_without_unit
GSM3653283,age,12,number_without_unit
GSM3653284,age,12,number_without_unit
GSM3653285,age,12,number_without_unit
GSM3653286,age,12,number_without_unit
GSM3653287,age,12,number_without_unit
GSM3653288,age,12,number_without_unit
GSM3653289,age,12,number_without_unit
GSM3653290,age,12,number_without_unit
GSM3653291,age,12,number_without_unit
GSM3653292,age,12,number_without_unit
GSM3653293,age,12,number_without_unit
GSM3653294,age,12,number_without_unit
GSM3653295,age,12,number_without_unit
GSM3653296,age,12,number_without_unit
GSM3653297,age,12,number_without_unit
GSM3653298,age,12,number_without_unit
GSM3653299,age,12,number_without_unit
GSM3653300,age,12,number_without_unit
GSM3653301,age,12,number_without_unit
GSM3653302,age,12,number_without_unit
GSM3653303,age,12,number_without_unit
GSM3653304,age,12,number_without_unit
GSM3653305,age,12,number_without_unit
GSM3653306,age,12,number_without_unit
GSM3653307,age,12,number_without_unit
GSM3653308,age,12,number_without_unit
GSM3653309,age,12,number_without_unit
GSM3653310,age,12,number_without_unit
GSM3653311,age,12,number_without_unit
GSM3653312,age,12,number_without_unit
GSM3653313,age,12,number_without_unit
GSM3653314,age,12,number_without_unit
GSM3653315,age,12,number_without_unit
GSM3653316,age,12,number_without_unit
GSM3653317,age,12,number_without_unit
GSM3653318,age,12,number_without_unit
GSM3653319,age,12,number_without_unit
GSM3653320,age,12,number_without_unit
GSM3653321,age,12,number_without_unit
GSM3653322,age,12,number_without_unit
GSM3653323,age,12,number_without_unit
GSM3653324,age,12,number_without_unit
GSM3653325,age,12,number_without_unit
GSM3653326,age,12,number_without_unit
GSM3653327,age,12,number_without_unit
GSM3653328,age,12,number_without_unit
GSM3653329,age,12,number_without_unit
GSM3653330,age,12,number_without_unit
GSM3653331,age,12,number_without_unit
GSM3653332,age,12,number_without_unit
GSM3653333,age,12,number_without_unit
GSM3653334,age,12,number_without_unit
GSM3653335,age,12,number_without_unit
GSM3653336,age,12,number_without_unit
GSM3653337,age,12,number_without_unit
GSM3653338,age,12,number_without_unit
GSM3653339,age,12,number_without_unit
GSM3653340,age,12,number_without_unit
GSM3653341,age,12,number_without_unit
GSM3653342,age,12,number_without_unit
GSM3653343,age,12,number_without_unit
GSM3653344,age,12,number_without_unit
GSM3653345,age,12,number_without_unit
GSM3653346,age,12,number_without_unit
GSM3653347,age,12,number_without_unit
GSM3653348,age,12,number_without_unit
GSM3653349,age,12,number_without_unit
GSM3653350,age,12,number_without_unit
GSM3653351,age,12,number_without_unit
GSM3653352,age,12,number_without_unit
GSM3653353,age,12,number_without_unit
GSM3653354,age,12,number_without_unit
GSM3653355,age,12,number_without_unit
GSM3653356,age,12,number_without_unit
GSM3653357,age,12,number_without_unit
GSM3653358,age,12,number_without_unit
GSM3653359,age,12,number_without_unit
GSM3653360,age,12,number_without_unit
GSM3653361,age,12,number_without_unit
GSM3653362,age,12,number_without_unit
GSM3653363,age,12,number_without_unit
GSM3653364,age,12,number_without_unit
GSM3653365,age,12,number_without_unit
GSM3653366,age,12,number_without_unit
GSM3653367,age,12,number_without_unit
GSM3653368,age,12,number_without_unit
GSM3653369,age,12,number_without_unit
GSM3653370,age,12,number_without_unit
GSM3653371,age,12,number_without_unit
GSM3653372,age,12,number_without_unit
GSM3653373,age,12,number_without_unit
GSM3653374,age,12,number_without_unit
GSM3653375,age,12,number_without_unit
GSM3653376,age,12,number_without_unit
GSM3653377,age,12,number_without_unit
GSM3653378,age,12,number_without_unit
GSM3653379,age,12,number_without_unit
GSM3653380,age,12,number_without_unit
GSM3653381,age,12,number_without_unit
GSM3653382,age,12,number_without_unit
GSM3653383,age,12,number_without_unit
GSM3653384,age,12,number_without_unit
GSM3653385,age,12,number_without_unit
GSM3653386,age,12,number_without_unit
GSM3653387,age,12,number_without_unit
GSM3653388,age,12,number_without_unit
GSM3653389,age,12,number_without_unit
GSM3653390,age,12,number_without_unit
GSM3653391,age,12,number_without_unit
GSM3653392,age,12,number_without_unit
GSM3653393,age,12,number_without_unit
GSM3653394,age,12,number_without_unit
GSM3653395,age,12,number_without_unit
GSM3653396,age,12,number_without_unit
GSM3653397,age,12,number_without_unit
GSM3653398,age,12,number_without_unit
GSM3653399,age,12,number_without_unit
GSM3653400,age,12,number_without_unit
GSM3653401,age,12,number_without_unit
GSM3653402,age,12,number_without_unit
GSM3653403,age,12,number_without_unit
GSM3653404,age,12,number_without_unit
GSM3653405,age,12,number_without_unit
GSM3653406,age,12,number_without_unit
GSM3653407,age,12,number_without_unit
GSM3653408,age,12,number_without_unit
GSM3653409,age,12,number_without_unit
GSM3653410,age,12,number_without_unit
GSM3653411,age,12,number_without_unit
GSM3653412,age,12,number_without_unit
GSM3653413,age,12,number_without_unit
GSM3653414,age,12,number_without_unit
GSM3653415,age,12,number_without_unit
GSM3653416,age,12,number_without_unit
GSM3653417,age,12,number_without_unit
GSM3653418,age,12,number_without_unit
GSM3653419,age,12,number_without_unit
GSM3653420,age,12,number_without_unit
GSM3653421,age,12,number_without_unit
GSM3653422,age,12,number_without_unit
GSM3653423,age,12,number_without_unit
GSM3653424,age,12,number_without_unit
GSM3653425,age,12,number_without_unit
GSM3653426,age,12,number_without_unit
GSM3653427,age,12,number_without_unit
GSM3653428,age,12,number_without_unit
GSM3653429,age,12,number_without_unit
GSM3653430,age,12,number_without_unit
GSM3653431,age,12,number_without_unit
GSM3653432,age,12,number_without_unit
GSM3653433,age,12,number_without_unit
GSM3653434,age,12,number_without_unit
GSM3653435,age,12,number_without_unit
GSM3653436,age,12,number_without_unit
GSM3653437,age,12,number_without_unit
GSM3653438,age,12,number_without_unit
GSM3653439,age,12,number_without_unit
GSM3653440,age,12,number_without_unit
GSM3653441,age,12,number_without_unit
GSM3653442,age,12,number_without_unit
GSM3653443,age,12,number_without_unit
GSM3653444,age,12,number_without_unit
GSM3653445,age,12,number_without_unit
GSM3653446,age,12,number_without_unit
GSM3653447,age,12,number_without_unit
GSM3653448,age,12,number_without_unit
GSM3653449,age,12,number_without_unit
GSM3653450,age,12,number_without_unit
GSM3653451,age,12,number_without_unit
GSM3653452,age,12,number_without_unit
GSM3653453,age,12,number_without_unit
GSM3653454,age,12,number_without_unit
GSM3653455,age,12,number_without_unit
GSM3653456,age,12,number_without_unit
GSM3653457,age,12,number_without_unit
GSM3653458,age,12,number_without_unit
GSM3653459,age,12,number_without_unit
GSM3653460,age,12,number_without_unit
GSM3653461,age,12,number_without_unit
GSM3653462,age,12,number_without_unit
GSM3653463,age,12,number_without_unit
GSM3653464,age,12,number_without_unit
GSM3653465,age,12,number_without_unit
GSM3653466,age,12,number_without_unit
GSM3653467,age,12,number_without_unit
GSM3653468,age,12,number_without_unit
GSM3653469,age,12,number_without_unit
GSM3653470,age,12,number_without_unit
GSM3653471,age,12,number_without_unit
GSM3653472,age,12,number_without_unit
GSM3653473,age,12,number_without_unit
GSM3653474,age,12,number_without_unit
GSM3653475,age,12,number_without_unit
GSM3653476,age,12,number_without_unit
GSM3653477,age,12,number_without_unit
GSM3653478,age,12,number_without_unit
GSM3653479,age,12,number_without_unit
GSM3653480,age,12,number_without_unit
GSM3653481,age,12,number_without_unit
GSM3653482,age,12,number_without_unit
GSM3653483,age,12,number_without_unit
GSM3653484,age,12,number_without_unit
GSM3653485,age,12,number_without_unit
GSM3653486,age,12,number_without_unit
GSM3653487,age,12,number_without_unit
GSM3653488,age,12,number_without_unit
GSM3653489,age,12,number_without_unit
GSM3653490,age,12,number_without_unit
GSM3653491,age,12,number_without_unit
GSM3653492,age,12,number_without_unit
GSM3653493,age,12,number_without_unit
GSM3653494,age,12,number_without_unit
GSM3653495,age,12,number_without_unit
GSM3653496,age,12,number_without_unit
GSM3653497,age,12,number_without_unit
GSM3653498,age,12,number_without_unit
GSM3653499,age,12,number_without_unit
GSM3653500,age,12,number_without_unit
GSM3653501,age,12,number_without_unit
GSM3653502,age,12,number_without_unit
GSM3653503,age,12,number_without_unit
GSM3653504,age,12,number_without_unit
GSM3653505,age,12,number_without_unit
GSM3653506,age,12,number_without_unit
GSM3653507,age,12,number_without_unit
GSM3653508,age,12,number_without_unit
GSM3653509,age,12,number_without_unit
GSM3653510,age,12,number_without_unit
GSM3653511,age,12,number_without_unit
GSM3653512,age,12,number_without_unit
GSM3653513,age,12,number_without_unit
GSM3653514,age,12,number_without_unit
GSM3653515,age,12,number_without_unit
GSM3653516,age,12,number_without_unit
GSM3653517,age,12,number_without_unit
GSM3653518,age,12,number_without_unit
GSM3653519,age,12,number_without_unit
GSM3653520,age,12,number_without_unit
GSM3653521,age,12,number_without_unit
GSM3653522,age,12,number_without_unit
GSM3653523,age,12,number_without_unit
GSM3653524,age,12,number_without_unit
GSM3653525,age,12,number_without_unit
GSM3653526,age,12,number_without_unit
GSM3653527,age,12,number_without_unit
GSM3653528,age,12,number_without_unit
GSM3653529,age,12,number_without_unit
GSM3653530,age,12,number_without_unit
GSM3653531,age,12,number_without_unit
GSM3653532,age,12,number_without_unit
GSM3653533,age,12,number_without_unit
GSM3653534,age,12,number_without_unit
GSM3653535,age,12,number_without_unit
GSM3653536,age,12,number_without_unit
GSM3653537,age,12,number_without_unit
GSM3653538,age,12,number_without_unit
GSM3653539,age,12,number_without_unit
GSM3653540,age,12,number_without_unit
GSM3653541,age,12,number_without_unit
GSM3653542,age,12,number_without_unit
GSM3653543,age,12,number_without_unit
GSM3653544,age,12,number_without_unit
GSM3653545,age,12,number_without_unit
GSM3653546,age,12,number_without_unit
GSM3653547,age,12,number_without_unit
GSM3653548,age,12,number_without_unit
GSM3653549,age,12,number_without_unit
GSM3653550,age,12,number_without_unit
GSM3653551,age,12,number_without_unit
GSM3653552,age,12,number_without_unit
GSM3653553,age,12,number_without_unit
GSM3653554,age,12,number_without_unit
GSM3653555,age,12,number_without_unit
GSM3653556,age,12,number_without_unit
GSM3653557,age,12,number_without_unit
GSM3653558,age,12,number_without_unit
GSM3653559,age,12,number_without_unit
GSM3653560,age,12,number_without_unit
GSM3653561,age,12,number_without_unit
GSM3653562,age,12,number_without_unit
GSM3653563,age,12,number_without_unit
GSM3653564,age,12,number_without_unit
GSM3653565,age,12,number_without_unit
GSM3653566,age,12,number_without_unit
GSM3653567,age,12,number_without_unit
GSM3653568,age,12,number_without_unit
GSM3653569,age,12,number_without_unit
GSM3653570,age,12,number_without_unit
GSM3653571,age,12,number_without_unit
GSM3653572,age,12,number_without_unit
GSM3653573,age,12,number_without_unit
GSM3653574,age,12,number_without_unit
GSM3653575,age,12,number_without_unit
GSM3653576,age,12,number_without_unit
GSM3653577,age,12,number_without_unit
GSM3653578,age,12,number_without_unit
GSM3653579,age,12,number_without_unit
GSM3653580,age,12,number_without_unit
GSM3653581,age,12,number_without_unit
GSM3653582,age,12,number_without_unit
GSM3653583,age,12,number_without_unit
GSM3653584,age,12,number_without_unit
GSM3653585,age,12,number_without_unit
GSM3653586,age,12,number_without_unit
GSM3653587,age,12,number_without_unit
GSM3653588,age,12,number_without_unit
GSM3653589,age,12,number_without_unit
GSM3653590,age,12,number_without_unit
GSM3653591,age,12,number_without_unit
GSM3653592,age,12,number_without_unit
GSM3653593,age,12,number_without_unit
GSM3653594,age,12,number_without_unit
GSM3653595,age,12,number_without_unit
GSM3653596,age,12,number_without_unit
GSM3653597,age,12,number_without_unit
GSM3653598,age,12,number_without_unit
GSM3653599,age,12,number_without_unit
GSM3653600,age,12,number_without_unit
GSM3653601,age,12,number_without_unit
GSM3653602,age,12,number_without_unit
GSM3653603,age,12,number_without_unit
GSM3653604,age,12,number_without_unit
GSM3653605,age,12,number_without_unit
GSM3653606,age,12,number_without_unit
GSM3653607,age,12,number_without_unit
GSM3653608,age,12,number_without_unit
GSM3653609,age,12,number_without_unit
GSM3653610,age,12,number_without_unit
GSM3653611,age,12,number_without_unit
GSM3653612,age,12,number_without_unit
GSM3653613,age,12,number_without_unit
GSM3653614,age,12,number_without_unit
GSM3653615,age,12,number_without_unit
GSM3653616,age,12,number_without_unit
GSM3653617,age,12,number_without_unit
GSM3653618,age,12,number_without_unit
GSM3653619,age,12,number_without_unit
GSM3653620,age,12,number_without_unit
GSM3653621,age,12,number_without_unit
GSM3653622,age,12,number_without_unit
GSM3653623,age,12,number_without_unit
GSM3653624,age,12,number_without_unit
GSM3653625,age,12,number_without_unit
GSM3653626,age,12,number_without_unit
GSM3653627,age,12,number_without_unit
GSM3653628,age,12,number_without_unit
GSM3653629,age,12,number_without_unit
GSM3653630,age,12,number_without_unit
GSM3653631,age,12,number_without_unit
GSM3653632,age,12,number_without_unit
GSM3653633,age,12,number_without_unit
GSM3653634,age,12,number_without_unit
GSM3653635,age,12,number_without_unit
GSM3653636,age,12,number_without_unit
GSM3653637,age,12,number_without_unit
GSM3653638,age,12,number_without_unit
GSM3653639,age,12,number_without_unit
GSM3653640,age,12,number_without_unit
GSM3653641,age,12,number_without_unit
GSM3653642,age,12,number_without_unit
GSM3653643,age,12,number_without_unit
GSM3653644,age,12,number_without_unit
GSM3653645,age,12,number_without_unit
GSM3653646,age,12,number_without_unit
GSM3653647,age,12,number_without_unit
GSM3653648,age,12,number_without_unit
GSM3653649,age,12,number_without_unit
GSM3653650,age,12,number_without_unit
GSM3653651,age,12,number_without_unit
GSM3653652,age,12,number_without_unit
GSM3653653,age,12,number_without_unit
GSM3653654,age,12,number_without_unit
GSM3653655,age,12,number_without_unit
GSM3653656,age,12,number_without_unit
GSM3653657,age,12,number_without_unit
GSM3653658,age,12,number_without_unit
GSM3653659,age,12,number_without_unit
GSM3653660,age,12,number_without_unit
GSM3653661,age,12,number_without_unit
GSM3653662,age,12,number_without_unit
GSM3653663,age,12,number_without_unit
GSM3653664,age,12,number_without_unit
GSM3653665,age,12,number_without_unit
GSM3653666,age,12,number_without_unit
GSM3653667,age,12,number_without_unit
GSM3653668,age,12,number_without_unit
GSM3653669,age,12,number_without_unit
GSM3653670,age,12,number_without_unit
GSM3653671,age,12,number_without_unit
GSM3653672,age,12,number_without_unit
GSM3653673,age,12,number_without_unit
GSM3653674,age,12,number_without_unit
GSM3653675,age,12,number_without_unit
GSM3653676,age,12,number_without_unit
GSM3653677,age,12,number_without_unit
GSM3653678,age,12,number_without_unit
GSM3653679,age,12,number_without_unit
GSM3653680,age,12,number_without_unit
GSM3653681,age,12,number_without_unit
GSM3653682,age,12,number_without_unit
GSM3653683,age,12,number_without_unit
GSM3653684,age,12,number_without_unit
GSM3653685,age,12,number_without_unit
GSM3653686,age,12,number_without_unit
GSM3653687,age,12,number_without_unit
GSM3653688,age,12,number_without_unit
GSM3653689,age,12,number_without_unit
GSM3653690,age,12,number_without_unit
GSM3653691,age,12,number_without_unit
GSM3653692,age,12,number_without_unit
GSM3653693,age,12,number_without_unit
GSM3653694,age,12,number_without_unit
GSM3653695,age,12,number_without_unit
GSM3653696,age,12,number_without_unit
GSM3653697,age,12,number_without_unit
GSM3653698,age,12,number_without_unit
GSM3653699,age,12,number_without_unit
GSM3653700,age,12,number_without_unit
GSM3653701,age,12,number_without_unit
GSM3653702,age,12,number_without_unit
GSM3653703,age,12,number_without_unit
GSM3653704,age,12,number_without_unit
GSM3653705,age,12,number_without_unit
GSM3653706,age,12,number_without_unit
GSM3653707,age,12,number_without_unit
GSM3653708,age,12,number_without_unit
GSM3653709,age,12,number_without_unit
GSM3653710,age,12,number_without_unit
GSM3653711,age,12,number_without_unit
GSM3653712,age,12,number_without_unit
GSM3653713,age,12,number_without_unit
GSM3653714,age,12,number_without_unit
GSM3653715,age,12,number_without_unit
GSM3653716,age,12,number_without_unit
GSM3653717,age,12,number_without_unit
GSM3653718,age,12,number_without_unit
GSM3653719,age,12,number_without_unit
GSM3653720,age,12,number_without_unit
GSM3653721,age,12,number_without_unit
GSM3653722,age,12,number_without_unit
GSM3653723,age,12,number_without_unit
GSM3653724,age,12,number_without_unit
GSM3653725,age,12,number_without_unit
GSM3653726,age,12,number_without_unit
GSM3653727,age,12,number_without_unit
GSM3653728,age,12,number_without_unit
GSM3653729,age,12,number_without_unit
GSM3653730,age,12,number_without_unit
GSM3653731,age,12,number_without_unit
GSM3653732,age,12,number_without_unit
GSM3653733,age,12,number_without_unit
GSM3653734,age,12,number_without_unit
GSM3653735,age,12,number_without_unit
GSM3653736,age,12,number_without_unit
GSM3653737,age,12,number_without_unit
GSM3653738,age,12,number_without_unit
GSM3653739,age,12,number_without_unit
GSM3653740,age,12,number_without_unit
GSM3653741,age,12,number_without_unit
GSM3653742,age,12,number_without_unit
GSM3653743,age,12,number_without_unit
GSM3653744,age,12,number_without_unit
GSM3653745,age,12,number_without_unit
GSM3653746,age,12,number_without_unit
GSM3653747,age,12,number_without_unit
GSM3653748,age,12,number_without_unit
GSM3653749,age,12,number_without_unit
GSM3653750,age,12,number_without_unit
GSM3653751,age,12,number_without_unit
GSM3653752,age,12,number_without_unit
GSM3653753,age,12,number_without_unit
GSM3653754,age,12,number_without_unit
GSM3653755,age,12,number_without_unit
GSM3653756,age,12,number_without_unit
GSM3653757,age,12,number_without_unit
GSM3653758,age,12,number_without_unit
GSM3653759,age,12,number_without_unit
GSM3653760,age,12,number_without_unit
GSM3653761,age,12,number_without_unit
GSM3653762,age,12,number_without_unit
GSM3653763,age,12,number_without_unit
GSM3653764,age,12,number_without_unit
GSM3653765,age,12,number_without_unit
GSM3653766,age,12,number_without_unit
GSM3653767,age,12,number_without_unit
GSM3653768,age,12,number_without_unit
GSM3653769,age,12,number_without_unit
GSM3653770,age,12,number_without_unit
GSM3653771,age,12,number_without_unit
GSM3653772,age,12,number_without_unit
GSM3653773,age,12,number_without_unit
GSM3653774,age,12,number_without_unit
GSM3653775,age,12,number_without_unit
GSM3653776,age,12,number_without_unit
GSM3653777,age,12,number_without_unit
GSM3653778,age,12,number_without_unit
GSM3653779,age,12,number_without_unit
GSM3653780,age,12,number_without_unit
GSM3653781,age,12,number_without_unit
GSM3653782,age,12,number_without_unit
GSM3653783,age,12,number_without_unit
GSM3653784,age,12,number_without_unit
GSM3653785,age,12,number_without_unit
GSM3653786,age,12,number_without_unit
GSM3653787,age,12,number_without_unit
GSM3653788,age,12,number_without_unit
GSM3653789,age,12,number_without_unit
GSM3653790,age,12,number_without_unit
GSM3653791,age,12,number_without_unit
GSM3653792,age,12,number_without_unit
GSM3653793,age,12,number_without_unit
GSM3653794,age,12,number_without_unit
GSM3653795,age,12,number_without_unit
GSM3653796,age,12,number_without_unit
GSM3653797,age,12,number_without_unit
GSM3653798,age,12,number_without_unit
GSM3653799,age,12,number_without_unit
GSM3653800,age,12,number_without_unit
GSM3653801,age,12,number_without_unit
GSM3653802,age,12,number_without_unit
GSM3653803,age,12,number_without_unit
GSM3653804,age,12,number_without_unit
GSM3653805,age,12,number_without_unit
GSM3653806,age,12,number_without_unit
GSM3653807,age,12,number_without_unit
GSM3653808,age,12,number_without_unit
GSM3653809,age,12,number_without_unit
GSM3653810,age,12,number_without_unit
GSM3653811,age,12,number_without_unit
GSM3653812,age,12,number_without_unit
GSM3653813,age,12,number_without_unit
GSM3653814,age,12,number_without_unit
GSM3653815,age,12,number_without_unit
GSM3653816,age,12,number_without_unit
GSM3653817,age,12,number_without_unit
GSM3653818,age,12,number_without_unit
GSM3653819,age,12,number_without_unit
GSM3653820,age,12,number_without_unit
GSM3653821,age,12,number_without_unit
GSM3653822,age,12,number_without_unit
GSM3653823,age,12,number_without_unit
GSM3653824,age,12,number_without_unit
GSM3653825,age,12,number_without_unit
GSM3653826,age,12,number_without_unit
GSM3653827,age,12,number_without_unit
GSM3653828,age,12,number_without_unit
GSM3653829,age,12,number_without_unit
GSM3653830,age,12,number_without_unit
GSM3653831,age,12,number_without_unit
GSM3653832,age,12,number_without_unit
GSM3653833,age,12,number_without_unit
GSM3653834,age,12,number_without_unit
GSM3653835,age,12,number_without_unit
GSM3653836,age,12,number_without_unit
GSM3653837,age,12,number_without_unit
GSM3653838,age,12,number_without_unit
GSM3653839,age,12,number_without_unit
GSM3653840,age,12,number_without_unit
GSM3653841,age,12,number_without_unit
GSM3653842,age,12,number_without_unit
GSM3653843,age,12,number_without_unit
GSM3653844,age,12,number_without_unit
GSM3653845,age,12,number_without_unit
GSM3653846,age,12,number_without_unit
GSM3653847,age,12,number_without_unit
GSM3653848,age,12,number_without_unit
GSM3653849,age,12,number_without_unit
GSM3653850,age,12,number_without_unit
GSM3653851,age,12,number_without_unit
GSM3653852,age,12,number_without_unit
GSM3653853,age,12,number_without_unit
GSM3653854,age,12,number_without_unit
GSM3653855,age,12,number_without_unit
GSM3653856,age,12,number_without_unit
GSM3653857,age,12,number_without_unit
GSM3653858,age,12,number_without_unit
GSM3653859,age,12,number_without_unit
GSM3653860,age,12,number_without_unit
GSM3653861,age,12,number_without_unit
GSM3653862,age,12,number_without_unit
GSM3653863,age,12,number_without_unit
GSM3653864,age,12,number_without_unit
GSM3653865,age,12,number_without_unit
GSM3653866,age,12,number_without_unit
GSM3653867,age,12,number_without_unit
GSM3653868,age,12,number_without_unit
GSM3653869,age,12,number_without_unit
GSM3653870,age,12,number_without_unit
GSM3653871,age,12,number_without_unit
GSM3653872,age,12,number_without_unit
GSM3653873,age,12,number_without_unit
GSM3653874,age,12,number_without_unit
GSM3653875,age,12,number_without_unit
GSM3653876,age,12,number_without_unit
GSM3653877,age,12,number_without_unit
GSM3653878,age,12,number_without_unit
GSM3653879,age,12,number_without_unit
GSM3653880,age,12,number_without_unit
GSM3653881,age,12,number_without_unit
GSM3653882,age,12,number_without_unit
GSM3653883,age,12,number_without_unit
GSM3653884,age,12,number_without_unit
GSM3653885,age,12,number_without_unit
GSM3653886,age,12,number_without_unit
GSM3653887,age,12,number_without_unit
GSM3653888,age,12,number_without_unit
GSM3653889,age,12,number_without_unit
GSM3653890,age,12,number_without_unit
GSM3653891,age,12,number_without_unit
GSM3653892,age,12,number_without_unit
GSM3653893,age,12,number_without_unit
GSM3653894,age,12,number_without_unit
GSM3653895,age,12,number_without_unit
GSM3653896,age,12,number_without_unit
GSM3653897,age,12,number_without_unit
GSM3653898,age,12,number_without_unit
GSM3653899,age,12,number_without_unit
GSM3653900,age,12,number_without_unit
GSM3653901,age,12,number_without_unit
GSM3653902,age,12,number_without_unit
GSM3653903,age,12,number_without_unit
GSM3653904,age,12,number_without_unit
GSM3653905,age,12,number_without_unit
GSM3653906,age,12,number_without_unit
GSM3653907,age,12,number_without_unit
GSM3653908,age,12,number_without_unit
GSM3653909,age,12,number_without_unit
GSM3653910,age,12,number_without_unit
GSM3653911,age,12,number_without_unit
GSM3653912,age,12,number_without_unit
GSM3653913,age,12,number_without_unit
GSM3653914,age,12,number_without_unit
GSM3653915,age,12,number_without_unit
GSM3653916,age,12,number_without_unit
GSM3653917,age,12,number_without_unit
GSM3653918,age,12,number_without_unit
GSM3653919,age,12,number_without_unit
GSM3653920,age,12,number_without_unit
GSM3653921,age,12,number_without_unit
GSM3653922,age,12,number_without_unit
GSM3653923,age,12,number_without_unit
GSM3653924,age,12,number_without_unit
GSM3653925,age,12,number_without_unit
GSM3653926,age,12,number_without_unit
GSM3653927,age,12,number_without_unit
GSM3653928,age,12,number_without_unit
GSM3653929,age,12,number_without_unit
GSM3653930,age,12,number_without_unit
GSM3653931,age,12,number_without_unit
GSM3653932,age,12,number_without_unit
GSM3653933,age,12,number_without_unit
GSM3653934,age,12,number_without_unit
GSM3653935,age,12,number_without_unit
GSM3653936,age,12,number_without_unit
GSM3653937,age,12,number_without_unit
GSM3653938,age,12,number_without_unit
GSM3653939,age,12,number_without_unit
GSM3653940,age,12,number_without_unit
GSM3653941,age,12,number_without_unit
GSM3653942,age,12,number_without_unit
GSM3653943,age,12,number_without_unit
GSM3653944,age,12,number_without_unit
GSM3653945,age,12,number_without_unit
GSM3653946,age,12,number_without_unit
GSM3653947,age,12,number_without_unit
GSM3653948,age,12,number_without_unit
GSM3653949,age,12,number_without_unit
GSM3653950,age,12,number_without_unit
GSM3653951,age,12,number_without_unit
GSM3653952,age,12,number_without_unit
GSM3653953,age,12,number_without_unit
GSM3653954,age,12,number_without_unit
GSM3653955,age,12,number_without_unit
GSM3653956,age,12,number_without_unit
GSM3653957,age,12,number_without_unit
GSM3653958,age,12,number_without_unit
GSM3653959,age,12,number_without_unit
GSM3653960,age,12,number_without_unit
GSM3653961,age,12,number_without_unit
GSM3653962,age,12,number_without_unit
GSM3653963,age,12,number_without_unit
GSM3653964,age,12,number_without_unit
GSM3653965,age,12,number_without_unit
GSM3653966,age,12,number_without_unit
GSM3653967,age,12,number_without_unit
GSM3653968,age,12,number_without_unit
GSM3653969,age,12,number_without_unit
GSM3653970,age,12,number_without_unit
GSM3653971,age,12,number_without_unit
GSM3653972,age,12,number_without_unit
GSM3653973,age,12,number_without_unit
GSM3653974,age,12,number_without_unit
GSM3653975,age,12,number_without_unit
GSM3653976,age,12,number_without_unit
GSM3653977,age,12,number_without_unit
GSM3653978,age,12,number_without_unit
GSM3653979,age,12,number_without_unit
GSM3653980,age,12,number_without_unit
GSM3653981,age,12,number_without_unit
GSM3653982,age,12,number_without_unit
GSM3653983,age,12,number_without_unit
GSM3653984,age,12,number_without_unit
GSM3653985,age,12,number_without_unit
GSM3653986,age,12,number_without_unit
GSM3653987,age,12,number_without_unit
GSM3653988,age,12,number_without_unit
GSM3653989,age,12,number_without_unit
GSM3653990,age,12,number_without_unit
GSM3653991,age,12,number_without_unit
GSM3653992,age,12,number_without_unit
GSM3653993,age,12,number_without_unit
GSM3653994,age,12,number_without_unit
GSM3653995,age,12,number_without_unit
GSM3653996,age,12,number_without_unit
GSM3653997,age,12,number_without_unit
GSM3653998,age,12,number_without_unit
GSM3653999,age,12,number_without_unit
GSM3654000,age,12,number_without_unit
GSM3654001,age,12,number_without_unit
GSM3654002,age,12,number_without_unit
GSM3654003,age,12,number_without_unit
GSM3654004,age,12,number_without_unit
GSM3654005,age,12,number_without_unit
GSM3654006,age,12,number_without_unit
GSM3654007,age,12,number_without_unit
GSM3654008,age,12,number_without_unit
GSM3654009,age,12,number_without_unit
GSM3654010,age,12,number_without_unit
GSM3654011,age,12,number_without_unit
GSM3654012,age,12,number_without_unit
GSM3654013,age,12,number_without_unit
GSM3654014,age,12,number_without_unit
GSM3654015,age,12,number_without_unit
GSM3654016,age,12,number_without_unit
GSM3654017,age,12,number_without_unit
GSM3654018,age,12,number_without_unit
GSM3654019,age,12,number_without_unit
GSM3654020,age,12,number_without_unit
GSM3654021,age,12,number_without_unit
GSM3654022,age,12,number_without_unit
GSM3654023,age,12,number_without_unit
GSM3654024,age,12,number_without_unit
GSM3654025,age,12,number_without_unit
GSM3654026,age,12,number_without_unit
GSM3654027,age,12,number_without_unit
GSM3654028,age,12,number_without_unit
GSM3654029,age,12,number_without_unit
GSM3654030,age,12,number_without_unit
GSM3654031,age,12,number_without_unit
GSM3654032,age,12,number_without_unit
GSM3654033,age,12,number_without_unit
GSM3654034,age,12,number_without_unit
GSM3654035,age,12,number_without_unit
GSM3654036,age,12,number_without_unit
GSM3654037,age,12,number_without_unit
GSM3654038,age,12,number_without_unit
GSM3654039,age,12,number_without_unit
GSM3654040,age,12,number_without_unit
GSM3654041,age,12,number_without_unit
GSM3654042,age,12,number_without_unit
GSM3654043,age,12,number_without_unit
GSM3654044,age,12,number_without_unit
GSM3654045,age,12,number_without_unit
GSM3654046,age,12,number_without_unit
GSM3654047,age,12,number_without_unit
GSM3654048,age,12,number_without_unit
GSM3654049,age,12,number_without_unit
GSM3654050,age,12,number_without_unit
GSM3654051,age,12,number_without_unit
GSM3654052,age,12,number_without_unit
GSM3654053,age,12,number_without_unit
GSM3654054,age,12,number_without_unit
GSM3654055,age,12,number_without_unit
GSM3654056,age,12,number_without_unit
GSM3654057,age,12,number_without_unit
GSM3654058,age,12,number_without_unit
GSM3654059,age,12,number_without_unit
GSM3654060,age,12,number_without_unit
GSM3654061,age,12,number_without_unit
GSM3654062,age,12,number_without_unit
GSM3654063,age,12,number_without_unit
GSM3654064,age,12,number_without_unit
GSM3654065,age,12,number_without_unit
GSM3654066,age,12,number_without_unit
GSM3654067,age,12,number_without_unit
GSM3654068,age,12,number_without_unit
GSM3654069,age,12,number_without_unit
GSM3654070,age,12,number_without_unit
GSM3654071,age,12,number_without_unit
GSM3654072,age,12,number_without_unit
GSM3654073,age,12,number_without_unit
GSM3654074,age,12,number_without_unit
GSM3654075,age,12,number_without_unit
GSM3654076,age,12,number_without_unit
GSM3654077,age,12,number_without_unit
GSM3654078,age,12,number_without_unit
GSM3654079,age,12,number_without_unit
GSM3654080,age,12,number_without_unit
GSM3654081,age,12,number_without_unit
GSM3654082,age,12,number_without_unit
GSM3654083,age,12,number_without_unit
GSM3654084,age,12,number_without_unit
GSM3654085,age,12,number_without_unit
GSM3654086,age,12,number_without_unit
GSM3654087,age,12,number_without_unit
GSM3654088,age,12,number_without_unit
GSM3654089,age,12,number_without_unit
GSM3654090,age,12,number_without_unit
GSM3654091,age,12,number_without_unit
GSM3654092,age,12,number_without_unit
GSM3654093,age,12,number_without_unit
GSM3654094,age,12,number_without_unit
GSM3654095,age,12,number_without_unit
GSM3654096,age,12,number_without_unit
GSM3654097,age,12,number_without_unit
GSM3654098,age,12,number_without_unit
GSM3654099,age,12,number_without_unit
GSM3654100,age,12,number_without_unit
GSM3654101,age,12,number_without_unit
GSM3654102,age,12,number_without_unit
GSM3654103,age,12,number_without_unit
GSM3654104,age,12,number_without_unit
GSM3654105,age,12,number_without_unit
GSM3654106,age,12,number_without_unit
GSM3654107,age,12,number_without_unit
GSM3654108,age,12,number_without_unit
GSM3654109,age,12,number_without_unit
GSM3654110,age,12,number_without_unit
GSM3654111,age,12,number_without_unit
GSM3654112,age,12,number_without_unit
GSM3654113,age,12,number_without_unit
GSM3654114,age,12,number_without_unit
GSM3654115,age,12,number_without_unit
GSM3654116,age,12,number_without_unit
GSM3654117,age,12,number_without_unit
GSM3654118,age,12,number_without_unit
GSM3654119,age,12,number_without_unit
GSM3654120,age,12,number_without_unit
GSM3654121,age,12,number_without_unit
GSM3654122,age,12,number_without_unit
GSM3654123,age,12,number_without_unit
GSM3654124,age,12,number_without_unit
GSM3654125,age,12,number_without_unit
GSM3654126,age,12,number_without_unit
GSM3654127,age,12,number_without_unit
GSM3654128,age,12,number_without_unit
GSM3654129,age,12,number_without_unit
GSM3654130,age,12,number_without_unit
GSM3654131,age,12,number_without_unit
GSM3654132,age,12,number_without_unit
GSM3654133,age,12,number_without_unit
GSM3654134,age,12,number_without_unit
GSM3654135,age,12,number_without_unit
GSM3654136,age,12,number_without_unit
GSM3654137,age,12,number_without_unit
GSM3654138,age,12,number_without_unit
GSM3654139,age,12,number_without_unit
GSM3654140,age,12,number_without_unit
GSM3654141,age,12,number_without_unit
GSM3654142,age,12,number_without_unit
GSM3654143,age,12,number_without_unit
GSM3654144,age,12,number_without_unit
GSM3654145,age,12,number_without_unit
GSM3654146,age,12,number_without_unit
GSM3654147,age,12,number_without_unit
GSM3654148,age,12,number_without_unit
GSM3654149,age,12,number_without_unit
GSM3654150,age,12,number_without_unit
GSM3654151,age,12,number_without_unit
GSM3654152,age,12,number_without_unit
GSM3654153,age,12,number_without_unit
GSM3654154,age,12,number_without_unit
GSM3654155,age,12,number_without_unit
GSM3654156,age,12,number_without_unit
GSM3654157,age,12,number_without_unit
GSM3654158,age,12,number_without_unit
GSM3654159,age,12,number_without_unit
GSM3654160,age,12,number_without_unit
GSM3654161,age,12,number_without_unit
GSM3654162,age,12,number_without_unit
GSM3654163,age,12,number_without_unit
GSM3654164,age,12,number_without_unit
GSM3654165,age,12,number_without_unit
GSM3654166,age,12,number_without_unit
GSM3654167,age,12,number_without_unit
GSM3654168,age,12,number_without_unit
GSM3654169,age,12,number_without_unit
GSM3654170,age,12,number_without_unit
GSM3654171,age,12,number_without_unit
GSM3654172,age,12,number_without_unit
GSM3654173,age,12,number_without_unit
GSM3654174,age,12,number_without_unit
GSM3654175,age,12,number_without_unit
GSM3654176,age,12,number_without_unit
GSM3654177,age,12,number_without_unit
GSM3654178,age,12,number_without_unit
GSM3654179,age,12,number_without_unit
GSM3654180,age,12,number_without_unit
GSM3654181,age,12,number_without_unit
GSM3654182,age,12,number_without_unit
GSM3654183,age,12,number_without_unit
GSM3654184,age,12,number_without_unit
GSM3654185,age,12,number_without_unit
GSM3654186,age,12,number_without_unit
GSM3654187,age,12,number_without_unit
GSM3654188,age,12,number_without_unit
GSM3654189,age,12,number_without_unit
GSM3654190,age,12,number_without_unit
GSM3654191,age,12,number_without_unit
GSM3654192,age,12,number_without_unit
GSM3654193,age,12,number_without_unit
GSM3654194,age,12,number_without_unit
GSM3654195,age,12,number_without_unit
GSM3654197,age,12,number_without_unit
GSM3654199,age,12,number_without_unit
GSM3654201,age,12,number_without_unit
GSM3654204,age,12,number_without_unit
GSM3654207,age,12,number_without_unit
GSM3654209,age,12,number_without_unit
GSM3654213,age,12,number_without_unit
GSM3654216,age,12,number_without_unit
GSM3654217,age,12,number_without_unit
GSM3654218,age,12,number_without_unit
GSM3654219,age,12,number_without_unit
GSM3654220,age,12,number_without_unit
GSM3654221,age,12,number_without_unit
GSM3654222,age,12,number_without_unit
GSM3654223,age,12,number_without_unit
GSM3654224,age,12,number_without_unit
GSM3654225,age,12,number_without_unit
GSM3654226,age,12,number_without_unit
GSM3654227,age,12,number_without_unit
GSM3654228,age,12,number_without_unit
GSM3654229,age,12,number_without_unit
GSM3654230,age,12,number_without_unit
GSM3654231,age,12,number_without_unit
GSM3654232,age,12,number_without_unit
GSM3654233,age,12,number_without_unit
GSM3654234,age,12,number_without_unit
GSM3654235,age,12,number_without_unit
GSM3654236,age,12,number_without_unit
GSM3654237,age,12,number_without_unit
GSM3654238,age,12,number_without_unit
GSM3654239,age,12,number_without_unit
GSM3654240,age,12,number_without_unit
GSM3654241,age,12,number_without_unit
GSM3654242,age,12,number_without_unit
GSM3654243,age,12,number_without_unit
GSM3654244,age,12,number_without_unit
GSM3654245,age,12,number_without_unit
GSM3654246,age,12,number_without_unit
GSM3654247,age,12,number_without_unit
GSM3654248,age,12,number_without_unit
GSM3654249,age,12,number_without_unit
GSM3654250,age,12,number_without_unit
GSM3654251,age,12,number_without_unit
GSM3654252,age,12,number_without_unit
GSM3654253,age,12,number_without_unit
GSM3654254,age,12,number_without_unit
GSM3654255,age,12,number_without_unit
GSM3654256,age,12,number_without_unit
GSM3654257,age,12,number_without_unit
GSM3654258,age,12,number_without_unit
GSM3654259,age,12,number_without_unit
GSM3654260,age,12,number_without_unit
GSM3654261,age,12,number_without_unit
GSM3654262,age,12,number_without_unit
GSM3654263,age,12,number_without_unit
GSM3654264,age,12,number_without_unit
GSM3654265,age,12,number_without_unit
GSM3654266,age,12,number_without_unit
GSM3654267,age,12,number_without_unit
GSM3654268,age,12,number_without_unit
GSM3654269,age,12,number_without_unit
GSM3654270,age,12,number_without_unit
GSM3654271,age,12,number_without_unit
GSM3654272,age,12,number_without_unit
GSM3654273,age,12,number_without_unit
GSM3654274,age,12,number_without_unit
GSM3654275,age,12,number_without_unit
GSM3654276,age,12,number_without_unit
GSM3654277,age,12,number_without_unit
GSM3654278,age,12,number_without_unit
GSM3654279,age,12,number_without_unit
GSM3654280,age,12,number_without_unit
GSM3654281,age,12,number_without_unit
GSM3654282,age,12,number_without_unit
GSM3654283,age,12,number_without_unit
GSM3654284,age,12,number_without_unit
GSM3654285,age,12,number_without_unit
GSM3654286,age,12,number_without_unit
GSM3654287,age,12,number_without_unit
GSM3654288,age,12,number_without_unit
GSM3654289,age,12,number_without_unit
GSM3654290,age,12,number_without_unit
GSM3654291,age,12,number_without_unit
GSM3654292,age,12,number_without_unit
GSM3654293,age,12,number_without_unit
GSM3654294,age,12,number_without_unit
GSM3654295,age,12,number_without_unit
GSM3654296,age,12,number_without_unit
GSM3654297,age,12,number_without_unit
GSM3654298,age,12,number_without_unit
GSM3654299,age,12,number_without_unit
GSM3654300,age,12,number_without_unit
GSM3654301,age,12,number_without_unit
GSM3654302,age,12,number_without_unit
GSM3654303,age,12,number_without_unit
GSM3654304,age,12,number_without_unit
GSM3654305,age,12,number_without_unit
GSM3654306,age,12,number_without_unit
GSM3654307,age,12,number_without_unit
GSM3654308,age,12,number_without_unit
GSM3654309,age,12,number_without_unit
GSM3654310,age,12,number_without_unit
GSM3654311,age,12,number_without_unit
GSM3654312,age,12,number_without_unit
GSM3654313,age,12,number_without_unit
GSM3654314,age,12,number_without_unit
GSM3654315,age,12,number_without_unit
GSM3654316,age,12,number_without_unit
GSM3654317,age,12,number_without_unit
GSM3654318,age,12,number_without_unit
GSM3654319,age,12,number_without_unit
GSM3654320,age,12,number_without_unit
GSM3654321,age,12,number_without_unit
GSM3654322,age,12,number_without_unit
GSM3654323,age,12,number_without_unit
GSM3654324,age,12,number_without_unit
GSM3654325,age,12,number_without_unit
GSM3654326,age,12,number_without_unit
GSM3654327,age,12,number_without_unit
GSM3654328,age,12,number_without_unit
GSM3654329,age,12,number_without_unit
GSM3654330,age,12,number_without_unit
GSM3654331,age,12,number_without_unit
GSM3654332,age,12,number_without_unit
GSM3654333,age,12,number_without_unit
GSM3654334,age,12,number_without_unit
GSM3654335,age,12,number_without_unit
GSM3654336,age,12,number_without_unit
GSM3654337,age,12,number_without_unit
GSM3654338,age,12,number_without_unit
GSM3654339,age,12,number_without_unit
GSM3654340,age,12,number_without_unit
GSM3654341,age,12,number_without_unit
GSM3654342,age,12,number_without_unit
GSM3654343,age,12,number_without_unit
GSM3654344,age,12,number_without_unit
GSM3654345,age,12,number_without_unit
GSM3654346,age,12,number_without_unit
GSM3654347,age,12,number_without_unit
GSM3654348,age,12,number_without_unit
GSM3654349,age,12,number_without_unit
GSM3654350,age,12,number_without_unit
GSM3654351,age,12,number_without_unit
GSM3654352,age,12,number_without_unit
GSM3654353,age,12,number_without_unit
GSM3654354,age,12,number_without_unit
GSM3654355,age,12,number_without_unit
GSM3654356,age,12,number_without_unit
GSM3654357,age,12,number_without_unit
GSM3654358,age,12,number_without_unit
GSM3654359,age,12,number_without_unit
GSM3654360,age,12,number_without_unit
GSM3654361,age,12,number_without_unit
GSM3654362,age,12,number_without_unit
GSM3654363,age,12,number_without_unit
GSM3654364,age,12,number_without_unit
GSM3654365,age,12,number_without_unit
GSM3654366,age,12,number_without_unit
GSM3654367,age,12,number_without_unit
GSM3654368,age,12,number_without_unit
GSM3654369,age,12,number_without_unit
GSM3654370,age,12,number_without_unit
GSM3654371,age,12,number_without_unit
GSM3654372,age,12,number_without_unit
GSM3654373,age,12,number_without_unit
GSM3654374,age,12,number_without_unit
GSM3654375,age,12,number_without_unit
GSM3654376,age,12,number_without_unit
GSM3654377,age,12,number_without_unit
GSM3654378,age,12,number_without_unit
GSM3654379,age,12,number_without_unit
GSM3654380,age,12,number_without_unit
GSM3654381,age,12,number_without_unit
GSM3654382,age,12,number_without_unit
GSM3654383,age,12,number_without_unit
GSM3654384,age,12,number_without_unit
GSM3654385,age,12,number_without_unit
GSM3654386,age,12,number_without_unit
GSM3654387,age,12,number_without_unit
GSM3654388,age,12,number_without_unit
GSM3654389,age,12,number_without_unit
GSM3654390,age,12,number_without_unit
GSM3654391,age,12,number_without_unit
GSM3654392,age,12,number_without_unit
GSM3654393,age,12,number_without_unit
GSM3654394,age,12,number_without_unit
GSM3654395,age,12,number_without_unit
GSM3654396,age,12,number_without_unit
GSM3654397,age,12,number_without_unit
GSM3654398,age,12,number_without_unit
GSM3654399,age,12,number_without_unit
GSM3654400,age,12,number_without_unit
GSM3654401,age,12,number_without_unit
GSM3654402,age,12,number_without_unit
GSM3654403,age,12,number_without_unit
GSM3654404,age,12,number_without_unit
GSM3654405,age,12,number_without_unit
GSM3654406,age,12,number_without_unit
GSM3654407,age,12,number_without_unit
GSM3654408,age,12,number_without_unit
GSM3654409,age,12,number_without_unit
GSM3654410,age,12,number_without_unit
GSM3654411,age,12,number_without_unit
GSM3654412,age,12,number_without_unit
GSM3654413,age,12,number_without_unit
GSM3654414,age,12,number_without_unit
GSM3654415,age,12,number_without_unit
GSM3654416,age,12,number_without_unit
GSM3654417,age,12,number_without_unit
GSM3654418,age,12,number_without_unit
GSM3654419,age,12,number_without_unit
GSM3654420,age,12,number_without_unit
GSM3654421,age,12,number_without_unit
GSM3654422,age,12,number_without_unit
GSM3654423,age,12,number_without_unit
GSM3654424,age,12,number_without_unit
GSM3654425,age,12,number_without_unit
GSM3654426,age,12,number_without_unit
GSM3654427,age,12,number_without_unit
GSM3654428,age,12,number_without_unit
GSM3654429,age,12,number_without_unit
GSM3654430,age,12,number_without_unit
GSM3654431,age,12,number_without_unit
GSM3654432,age,12,number_without_unit
GSM3654433,age,12,number_without_unit
GSM3654434,age,12,number_without_unit
GSM3654435,age,12,number_without_unit
GSM3654436,age,12,number_without_unit
GSM3654437,age,12,number_without_unit
GSM3654438,age,12,number_without_unit
GSM3654439,age,12,number_without_unit
GSM3654440,age,12,number_without_unit
GSM3654441,age,12,number_without_unit
GSM3654442,age,12,number_without_unit
GSM3654443,age,12,number_without_unit
GSM3654444,age,12,number_without_unit
GSM3654445,age,12,number_without_unit
GSM3654446,age,12,number_without_unit
GSM3654447,age,12,number_without_unit
GSM3654448,age,12,number_without_unit
GSM3654449,age,12,number_without_unit
GSM3654450,age,12,number_without_unit
GSM3654451,age,12,number_without_unit
GSM3654452,age,12,number_without_unit
GSM3654453,age,12,number_without_unit
GSM3654454,age,12,number_without_unit
GSM3654455,age,12,number_without_unit
GSM3654456,age,12,number_without_unit
GSM3654457,age,12,number_without_unit
GSM3654458,age,12,number_without_unit
GSM3654459,age,12,number_without_unit
GSM3654460,age,12,number_without_unit
GSM3654461,age,12,number_without_unit
GSM3654462,age,12,number_without_unit
GSM3654463,age,12,number_without_unit
GSM3654464,age,12,number_without_unit
GSM3654465,age,12,number_without_unit
GSM3654466,age,12,number_without_unit
GSM3654467,age,12,number_without_unit
GSM3654468,age,12,number_without_unit
GSM3654469,age,12,number_without_unit
GSM3654470,age,12,number_without_unit
GSM3654471,age,12,number_without_unit
GSM3654472,age,12,number_without_unit
GSM3654473,age,12,number_without_unit
GSM3654474,age,12,number_without_unit
GSM3654475,age,12,number_without_unit
GSM3654476,age,12,number_without_unit
GSM3654477,age,12,number_without_unit
GSM3654478,age,12,number_without_unit
GSM3654479,age,12,number_without_unit
GSM3654480,age,12,number_without_unit
GSM3654481,age,12,number_without_unit
GSM3654482,age,12,number_without_unit
GSM3654483,age,12,number_without_unit
GSM3654484,age,12,number_without_unit
GSM3654485,age,12,number_without_unit
GSM3654486,age,12,number_without_unit
GSM3654487,age,12,number_without_unit
GSM3654488,age,12,number_without_unit
GSM3654489,age,12,number_without_unit
GSM3654490,age,12,number_without_unit
GSM3654491,age,12,number_without_unit
GSM3654492,age,12,number_without_unit
GSM3654493,age,12,number_without_unit
GSM3654494,age,12,number_without_unit
GSM3654495,age,12,number_without_unit
GSM3654496,age,12,number_without_unit
GSM3654497,age,12,number_without_unit
GSM3654498,age,12,number_without_unit
GSM3654499,age,12,number_without_unit
GSM3654500,age,12,number_without_unit
GSM3654501,age,12,number_without_unit
GSM3654502,age,12,number_without_unit
GSM3654503,age,12,number_without_unit
GSM3654504,age,12,number_without_unit
GSM3654505,age,12,number_without_unit
GSM3654506,age,12,number_without_unit
GSM3654507,age,12,number_without_unit
GSM3654508,age,12,number_without_unit
GSM3654509,age,12,number_without_unit
GSM3654510,age,12,number_without_unit
GSM3654511,age,12,number_without_unit
GSM3654512,age,12,number_without_unit
GSM3654513,age,12,number_without_unit
GSM3654514,age,12,number_without_unit
GSM3654515,age,12,number_without_unit
GSM3654516,age,12,number_without_unit
GSM3654517,age,12,number_without_unit
GSM3654518,age,12,number_without_unit
GSM3654519,age,12,number_without_unit
GSM3654520,age,12,number_without_unit
GSM3654521,age,12,number_without_unit
GSM3654522,age,12,number_without_unit
GSM3654523,age,12,number_without_unit
GSM3654524,age,12,number_without_unit
GSM3654525,age,12,number_without_unit
GSM3654526,age,12,number_without_unit
GSM3654527,age,12,number_without_unit
GSM3654528,age,12,number_without_unit
GSM3654529,age,12,number_without_unit
GSM3654530,age,12,number_without_unit
GSM3654531,age,12,number_without_unit
GSM3654532,age,12,number_without_unit
GSM3654533,age,12,number_without_unit
GSM3654534,age,12,number_without_unit
GSM3654535,age,12,number_without_unit
GSM3654536,age,12,number_without_unit
GSM3654537,age,12,number_without_unit
GSM3654538,age,12,number_without_unit
GSM3654539,age,12,number_without_unit
GSM3654540,age,12,number_without_unit
GSM3654541,age,12,number_without_unit
GSM3654542,age,12,number_without_unit
GSM3654543,age,12,number_without_unit
GSM3654544,age,12,number_without_unit
GSM3654545,age,12,number_without_unit
GSM3654546,age,12,number_without_unit
GSM3654547,age,12,number_without_unit
GSM8822326,age,12,number_without_unit
GSM8822327,age,12,number_without_unit
GSM8822328,age,12,number_without_unit
GSM3642216,age,17,number_without_unit
GSM3642217,age,17,number_without_unit
GSM3642218,age,17,number_without_unit
GSM3642219,age,17,number_without_unit
GSM3642220,age,17,number_without_unit
GSM3642221,age,17,number_without_unit
GSM3642222,age,17,number_without_unit
GSM3642223,age,17,number_without_unit
GSM3642224,age,17,number_without_unit
GSM3642225,age,17,number_without_unit
GSM3642226,age,17,number_without_unit
GSM3642227,age,17,number_without_unit
GSM3642228,age,17,number_without_unit
GSM3642229,age,17,number_without_unit
GSM3642230,age,17,number_without_unit
GSM3642231,age,17,number_without_unit
GSM3642232,age,17,number_without_unit
GSM3642233,age,17,number_without_unit
GSM3642234,age,17,number_without_unit
GSM3642235,age,17,number_without_unit
GSM3642236,age,17,number_without_unit
GSM3642237,age,17,number_without_unit
GSM3642238,age,17,number_without_unit
GSM3642239,age,17,number_without_unit
GSM3642240,age,17,number_without_unit
GSM3642241,age,17,number_without_unit
GSM3642242,age,17,number_without_unit
GSM3642243,age,17,number_without_unit
GSM3642244,age,17,number_without_unit
GSM3642245,age,17,number_without_unit
GSM3642246,age,17,number_without_unit
GSM3642247,age,17,number_without_unit
GSM3642248,age,17,number_without_unit
GSM3642249,age,17,number_without_unit
GSM3642250,age,17,number_without_unit
GSM3642251,age,17,number_without_unit
GSM3642252,age,17,number_without_unit
GSM3642253,age,17,number_without_unit
GSM3642254,age,17,number_without_unit
GSM3642255,age,17,number_without_unit
GSM3642256,age,17,number_without_unit
GSM3642257,age,17,number_without_unit
GSM3642258,age,17,number_without_unit
GSM3642259,age,17,number_without_unit
GSM3642260,age,17,number_without_unit
GSM3642261,age,17,number_without_unit
GSM3642262,age,17,number_without_unit
GSM3642263,age,17,number_without_unit
GSM3642264,age,17,number_without_unit
GSM3642265,age,17,number_without_unit
GSM3642266,age,17,number_without_unit
GSM3642267,age,17,number_without_unit
GSM3642268,age,17,number_without_unit
GSM3642269,age,17,number_without_unit
GSM3642270,age,17,number_without_unit
GSM3642271,age,17,number_without_unit
GSM3642272,age,17,number_without_unit
GSM3642273,age,17,number_without_unit
GSM3642274,age,17,number_without_unit
GSM3642275,age,17,number_without_unit
GSM3642276,age,17,number_without_unit
GSM3642277,age,17,number_without_unit
GSM3642278,age,17,number_without_unit
GSM3642279,age,17,number_without_unit
GSM3642280,age,17,number_without_unit
GSM3642281,age,17,number_without_unit
GSM3642282,age,17,number_without_unit
GSM3642283,age,17,number_without_unit
GSM3642284,age,17,number_without_unit
GSM3642285,age,17,number_without_unit
GSM3642286,age,17,number_without_unit
GSM3642287,age,17,number_without_unit
GSM3642288,age,17,number_without_unit
GSM3642289,age,17,number_without_unit
GSM3642290,age,17,number_without_unit
GSM3642291,age,17,number_without_unit
GSM3642292,age,17,number_without_unit
GSM3642293,age,17,number_without_unit
GSM3642294,age,17,number_without_unit
GSM3642295,age,17,number_without_unit
GSM3642296,age,17,number_without_unit
GSM3642297,age,17,number_without_unit
GSM3642298,age,17,number_without_unit
GSM3642299,age,17,number_without_unit
GSM3642300,age,17,number_without_unit
GSM3642301,age,17,number_without_unit
GSM3642302,age,17,number_without_unit
GSM3642303,age,17,number_without_unit
GSM3642304,age,17,number_without_unit
GSM3642305,age,17,number_without_unit
GSM3642306,age,17,number_without_unit
GSM3642307,age,17,number_without_unit
GSM3642308,age,17,number_without_unit
GSM3642309,age,17,number_without_unit
GSM3642310,age,17,number_without_unit
GSM3642311,age,17,number_without_unit
GSM3642312,age,17,number_without_unit
GSM3642313,age,17,number_without_unit
GSM3642314,age,17,number_without_unit
GSM3642315,age,17,number_without_unit
GSM3642316,age,17,number_without_unit
GSM3642317,age,17,number_without_unit
GSM3642318,age,17,number_without_unit
GSM3642319,age,17,number_without_unit
GSM3642320,age,17,number_without_unit
GSM3642321,age,17,number_without_unit
GSM3642322,age,17,number_without_unit
GSM3642323,age,17,number_without_unit
GSM3642324,age,17,number_without_unit
GSM3642325,age,17,number_without_unit
GSM3642326,age,17,number_without_unit
GSM3642327,age,17,number_without_unit
GSM3642328,age,17,number_without_unit
GSM3642329,age,17,number_without_unit
GSM3642330,age,17,number_without_unit
GSM3642331,age,17,number_without_unit
GSM3642332,age,17,number_without_unit
GSM3642333,age,17,number_without_unit
GSM3642334,age,17,number_without_unit
GSM3642335,age,17,number_without_unit
GSM3642336,age,17,number_without_unit
GSM3642337,age,17,number_without_unit
GSM3642338,age,17,number_without_unit
GSM3642339,age,17,number_without_unit
GSM3642340,age,17,number_without_unit
GSM3642341,age,17,number_without_unit
GSM3642342,age,17,number_without_unit
GSM3642343,age,17,number_without_unit
GSM3642344,age,17,number_without_unit
GSM3642345,age,17,number_without_unit
GSM3642346,age,17,number_without_unit
GSM3642347,age,17,number_without_unit
GSM3642348,age,17,number_without_unit
GSM3642349,age,17,number_without_unit
GSM3642350,age,17,number_without_unit
GSM3642351,age,17,number_without_unit
GSM3642352,age,17,number_without_unit
GSM3642353,age,17,number_without_unit
GSM3642354,age,17,number_without_unit
GSM3642355,age,17,number_without_unit
GSM3642356,age,17,number_without_unit
GSM3642357,age,17,number_without_unit
GSM3642358,age,17,number_without_unit
GSM3642359,age,17,number_without_unit
GSM3642360,age,17,number_without_unit
GSM3642361,age,17,number_without_unit
GSM3642362,age,17,number_without_unit
GSM3642363,age,17,number_without_unit
GSM3642364,age,17,number_without_unit
GSM3642365,age,17,number_without_unit
GSM3642366,age,17,number_without_unit
GSM3642367,age,17,number_without_unit
GSM3642368,age,17,number_without_unit
GSM3642369,age,17,number_without_unit
GSM3642370,age,17,number_without_unit
GSM3642371,age,17,number_without_unit
GSM3642372,age,17,number_without_unit
GSM3642373,age,17,number_without_unit
GSM3642374,age,17,number_without_unit
GSM3642375,age,17,number_without_unit
GSM3642376,age,17,number_without_unit
GSM3642377,age,17,number_without_unit
GSM3642378,age,17,number_without_unit
GSM3642379,age,17,number_without_unit
GSM3642380,age,17,number_without_unit
GSM3642381,age,17,number_without_unit
GSM3642382,age,17,number_without_unit
GSM3642383,age,17,number_without_unit
GSM3642384,age,17,number_without_unit
GSM3642385,age,17,number_without_unit
GSM3642386,age,17,number_without_unit
GSM3642387,age,17,number_without_unit
GSM3642388,age,17,number_without_unit
GSM3642389,age,17,number_without_unit
GSM3642390,age,17,number_without_unit
GSM3642391,age,17,number_without_unit
GSM3642392,age,17,number_without_unit
GSM3642393,age,17,number_without_unit
GSM3642394,age,17,number_without_unit
GSM3642395,age,17,number_without_unit
GSM3642396,age,17,number_without_unit
GSM3642397,age,17,number_without_unit
GSM3642398,age,17,number_without_unit
GSM3642399,age,17,number_without_unit
GSM3642400,age,17,number_without_unit
GSM3642401,age,17,number_without_unit
GSM3642402,age,17,number_without_unit
GSM3642403,age,17,number_without_unit
GSM3642404,age,17,number_without_unit
GSM3642405,age,17,number_without_unit
GSM3642406,age,17,number_without_unit
GSM3642407,age,17,number_without_unit
GSM3642408,age,17,number_without_unit
GSM3642409,age,17,number_without_unit
GSM3642410,age,17,number_without_unit
GSM3642411,age,17,number_without_unit
GSM3642412,age,17,number_without_unit
GSM3642413,age,17,number_without_unit
GSM3642414,age,17,number_without_unit
GSM3642415,age,17,number_without_unit
GSM3642416,age,17,number_without_unit
GSM3642417,age,17,number_without_unit
GSM3642418,age,17,number_without_unit
GSM3642419,age,17,number_without_unit
GSM3642420,age,17,number_without_unit
GSM3642421,age,17,number_without_unit
GSM3642422,age,17,number_without_unit
GSM3642423,age,17,number_without_unit
GSM3642424,age,17,number_without_unit
GSM3642425,age,17,number_without_unit
GSM3642426,age,17,number_without_unit
GSM3642427,age,17,number_without_unit
GSM3642428,age,17,number_without_unit
GSM3642429,age,17,number_without_unit
GSM3642430,age,17,number_without_unit
GSM3642431,age,17,number_without_unit
GSM3642432,age,17,number_without_unit
GSM3642433,age,17,number_without_unit
GSM3642434,age,17,number_without_unit
GSM3642435,age,17,number_without_unit
GSM3642436,age,17,number_without_unit
GSM3642437,age,17,number_without_unit
GSM3642438,age,17,number_without_unit
GSM3642439,age,17,number_without_unit
GSM3642440,age,17,number_without_unit
GSM3642441,age,17,number_without_unit
GSM3642442,age,17,number_without_unit
GSM3642443,age,17,number_without_unit
GSM3642444,age,17,number_without_unit
GSM3642445,age,17,number_without_unit
GSM3642446,age,17,number_without_unit
GSM3642447,age,17,number_without_unit
GSM3642448,age,17,number_without_unit
GSM3642449,age,17,number_without_unit
GSM3642450,age,17,number_without_unit
GSM3642451,age,17,number_without_unit
GSM3642452,age,17,number_without_unit
GSM3642453,age,17,number_without_unit
GSM3642454,age,17,number_without_unit
GSM3642455,age,17,number_without_unit
GSM3642456,age,17,number_without_unit
GSM3642457,age,17,number_without_unit
GSM3642458,age,17,number_without_unit
GSM3642459,age,17,number_without_unit
GSM3642460,age,17,number_without_unit
GSM3642461,age,17,number_without_unit
GSM3642462,age,17,number_without_unit
GSM3642463,age,17,number_without_unit
GSM3642464,age,17,number_without_unit
GSM3642465,age,17,number_without_unit
GSM3642466,age,17,number_without_unit
GSM3642467,age,17,number_without_unit
GSM3642468,age,17,number_without_unit
GSM3642469,age,17,number_without_unit
GSM3642470,age,17,number_without_unit
GSM3642471,age,17,number_without_unit
GSM3642472,age,17,number_without_unit
GSM3642473,age,17,number_without_unit
GSM3642474,age,17,number_without_unit
GSM3642475,age,17,number_without_unit
GSM3642476,age,17,number_without_unit
GSM3642477,age,17,number_without_unit
GSM3642478,age,17,number_without_unit
GSM3642479,age,17,number_without_unit
GSM3642480,age,17,number_without_unit
GSM3642481,age,17,number_without_unit
GSM3642482,age,17,number_without_unit
GSM3642483,age,17,number_without_unit
GSM3642484,age,17,number_without_unit
GSM3642485,age,17,number_without_unit
GSM3642486,age,17,number_without_unit
GSM3642487,age,17,number_without_unit
GSM3642488,age,17,number_without_unit
GSM3642489,age,17,number_without_unit
GSM3642490,age,17,number_without_unit
GSM3642491,age,17,number_without_unit
GSM3642492,age,17,number_without_unit
GSM3642493,age,17,number_without_unit
GSM3642494,age,17,number_without_unit
GSM3642495,age,17,number_without_unit
GSM3642496,age,17,number_without_unit
GSM3642497,age,17,number_without_unit
GSM3642498,age,17,number_without_unit
GSM3642499,age,17,number_without_unit
GSM3642500,age,17,number_without_unit
GSM3642501,age,17,number_without_unit
GSM3642502,age,17,number_without_unit
GSM3642503,age,17,number_without_unit
GSM3642504,age,17,number_without_unit
GSM3642505,age,17,number_without_unit
GSM3642506,age,17,number_without_unit
GSM3642507,age,17,number_without_unit
GSM3642508,age,17,number_without_unit
GSM3642509,age,17,number_without_unit
GSM3642510,age,17,number_without_unit
GSM3642511,age,17,number_without_unit
GSM3642512,age,17,number_without_unit
GSM3642513,age,17,number_without_unit
GSM3642514,age,17,number_without_unit
GSM3642515,age,17,number_without_unit
GSM3642516,age,17,number_without_unit
GSM3642517,age,17,number_without_unit
GSM3642518,age,17,number_without_unit
GSM3642519,age,17,number_without_unit
GSM3642520,age,17,number_without_unit
GSM3642521,age,17,number_without_unit
GSM3642522,age,17,number_without_unit
GSM3642523,age,17,number_without_unit
GSM3642524,age,17,number_without_unit
GSM3642525,age,17,number_without_unit
GSM3642526,age,17,number_without_unit
GSM3642527,age,17,number_without_unit
GSM3642528,age,17,number_without_unit
GSM3642529,age,17,number_without_unit
GSM3642530,age,17,number_without_unit
GSM3642531,age,17,number_without_unit
GSM3642532,age,17,number_without_unit
GSM3642533,age,17,number_without_unit
GSM3642534,age,17,number_without_unit
GSM3642535,age,17,number_without_unit
GSM3642536,age,17,number_without_unit
GSM3642537,age,17,number_without_unit
GSM3642538,age,17,number_without_unit
GSM3642539,age,17,number_without_unit
GSM3642540,age,17,number_without_unit
GSM3642541,age,17,number_without_unit
GSM3642542,age,17,number_without_unit
GSM3642543,age,17,number_without_unit
GSM3642544,age,17,number_without_unit
GSM3642545,age,17,number_without_unit
GSM3642546,age,17,number_without_unit
GSM3642547,age,17,number_without_unit
GSM3642548,age,17,number_without_unit
GSM3642549,age,17,number_without_unit
GSM3642550,age,17,number_without_unit
GSM3642551,age,17,number_without_unit
GSM3642552,age,17,number_without_unit
GSM3642553,age,17,number_without_unit
GSM3642554,age,17,number_without_unit
GSM3642555,age,17,number_without_unit
GSM3642556,age,17,number_without_unit
GSM3642557,age,17,number_without_unit
GSM3642558,age,17,number_without_unit
GSM3642559,age,17,number_without_unit
GSM3642560,age,17,number_without_unit
GSM3642561,age,17,number_without_unit
GSM3642562,age,17,number_without_unit
GSM3642563,age,17,number_without_unit
GSM3642564,age,17,number_without_unit
GSM3642565,age,17,number_without_unit
GSM3642566,age,17,number_without_unit
GSM3642567,age,17,number_without_unit
GSM3642568,age,17,number_without_unit
GSM3642569,age,17,number_without_unit
GSM3642570,age,17,number_without_unit
GSM3642571,age,17,number_without_unit
GSM3642572,age,17,number_without_unit
GSM3642573,age,17,number_without_unit
GSM3642574,age,17,number_without_unit
GSM3642575,age,17,number_without_unit
GSM3642576,age,17,number_without_unit
GSM3642577,age,17,number_without_unit
GSM3642578,age,17,number_without_unit
GSM3642579,age,17,number_without_unit
GSM3642580,age,17,number_without_unit
GSM3642581,age,17,number_without_unit
GSM3642582,age,17,number_without_unit
GSM3642583,age,17,number_without_unit
GSM3642584,age,17,number_without_unit
GSM3642585,age,17,number_without_unit
GSM3642586,age,17,number_without_unit
GSM3642587,age,17,number_without_unit
GSM3642588,age,17,number_without_unit
GSM3642589,age,17,number_without_unit
GSM3642590,age,17,number_without_unit
GSM3642591,age,17,number_without_unit
GSM3642592,age,17,number_without_unit
GSM3642593,age,17,number_without_unit
GSM3642594,age,17,number_without_unit
GSM3642595,age,17,number_without_unit
GSM3642596,age,17,number_without_unit
GSM3642597,age,17,number_without_unit
GSM3642598,age,17,number_without_unit
GSM3642599,age,17,number_without_unit
GSM3642600,age,17,number_without_unit
GSM3642601,age,17,number_without_unit
GSM3642602,age,17,number_without_unit
GSM3642603,age,17,number_without_unit
GSM3642604,age,17,number_without_unit
GSM3642605,age,17,number_without_unit
GSM3642606,age,17,number_without_unit
GSM3642607,age,17,number_without_unit
GSM3642608,age,17,number_without_unit
GSM3642609,age,17,number_without_unit
GSM3642610,age,17,number_without_unit
GSM3642611,age,17,number_without_unit
GSM3642612,age,17,number_without_unit
GSM3642613,age,17,number_without_unit
GSM3642614,age,17,number_without_unit
GSM3642615,age,17,number_without_unit
GSM3642616,age,17,number_without_unit
GSM3642617,age,17,number_without_unit
GSM3642618,age,17,number_without_unit
GSM3642619,age,17,number_without_unit
GSM3642620,age,17,number_without_unit
GSM3642621,age,17,number_without_unit
GSM3642622,age,17,number_without_unit
GSM3642623,age,17,number_without_unit
GSM3642624,age,17,number_without_unit
GSM3642625,age,17,number_without_unit
GSM3642626,age,17,number_without_unit
GSM3642627,age,17,number_without_unit
GSM3642628,age,17,number_without_unit
GSM3642629,age,17,number_without_unit
GSM3642630,age,17,number_without_unit
GSM3642631,age,17,number_without_unit
GSM3642632,age,17,number_without_unit
GSM3642633,age,17,number_without_unit
GSM3642634,age,17,number_without_unit
GSM3642635,age,17,number_without_unit
GSM3642636,age,17,number_without_unit
GSM3642637,age,17,number_without_unit
GSM3642638,age,17,number_without_unit
GSM3642639,age,17,number_without_unit
GSM3642640,age,17,number_without_unit
GSM3642641,age,17,number_without_unit
GSM3642642,age,17,number_without_unit
GSM3642643,age,17,number_without_unit
GSM3642644,age,17,number_without_unit
GSM3642645,age,17,number_without_unit
GSM3642646,age,17,number_without_unit
GSM3642647,age,17,number_without_unit
GSM3642648,age,17,number_without_unit
GSM3642649,age,17,number_without_unit
GSM3642650,age,17,number_without_unit
GSM3642651,age,17,number_without_unit
GSM3642652,age,17,number_without_unit
GSM3642653,age,17,number_without_unit
GSM3642654,age,17,number_without_unit
GSM3642655,age,17,number_without_unit
GSM3642656,age,17,number_without_unit
GSM3642657,age,17,number_without_unit
GSM3642658,age,17,number_without_unit
GSM3642659,age,17,number_without_unit
GSM3642660,age,17,number_without_unit
GSM3642661,age,17,number_without_unit
GSM3642662,age,17,number_without_unit
GSM3642663,age,17,number_without_unit
GSM3642664,age,17,number_without_unit
GSM3642665,age,17,number_without_unit
GSM3642666,age,17,number_without_unit
GSM3642667,age,17,number_without_unit
GSM3642668,age,17,number_without_unit
GSM3642669,age,17,number_without_unit
GSM3642670,age,17,number_without_unit
GSM3642671,age,17,number_without_unit
GSM3642672,age,17,number_without_unit
GSM3642673,age,17,number_without_unit
GSM3642674,age,17,number_without_unit
GSM3642675,age,17,number_without_unit
GSM3642676,age,17,number_without_unit
GSM3642677,age,17,number_without_unit
GSM3642678,age,17,number_without_unit
GSM3642679,age,17,number_without_unit
GSM3642680,age,17,number_without_unit
GSM3642681,age,17,number_without_unit
GSM3642682,age,17,number_without_unit
GSM3642683,age,17,number_without_unit
GSM3642684,age,17,number_without_unit
GSM3642685,age,17,number_without_unit
GSM3642686,age,17,number_without_unit
GSM3642687,age,17,number_without_unit
GSM3642688,age,17,number_without_unit
GSM3642689,age,17,number_without_unit
GSM3642690,age,17,number_without_unit
GSM3642691,age,17,number_without_unit
GSM3642692,age,17,number_without_unit
GSM3642693,age,17,number_without_unit
GSM3642694,age,17,number_without_unit
GSM3642695,age,17,number_without_unit
GSM3642696,age,17,number_without_unit
GSM3642697,age,17,number_without_unit
GSM3642698,age,17,number_without_unit
GSM3642699,age,17,number_without_unit
GSM3642700,age,17,number_without_unit
GSM3642701,age,17,number_without_unit
GSM3642702,age,17,number_without_unit
GSM3642703,age,17,number_without_unit
GSM3642704,age,17,number_without_unit
GSM3642705,age,17,number_without_unit
GSM3642706,age,17,number_without_unit
GSM3642707,age,17,number_without_unit
GSM3642708,age,17,number_without_unit
GSM3642709,age,17,number_without_unit
GSM3642710,age,17,number_without_unit
GSM3642711,age,17,number_without_unit
GSM3642712,age,17,number_without_unit
GSM3642713,age,17,number_without_unit
GSM3642714,age,17,number_without_unit
GSM3642715,age,17,number_without_unit
GSM3642716,age,17,number_without_unit
GSM3642717,age,17,number_without_unit
GSM3642718,age,17,number_without_unit
GSM3642719,age,17,number_without_unit
GSM3642720,age,17,number_without_unit
GSM3642721,age,17,number_without_unit
GSM3642722,age,17,number_without_unit
GSM3642723,age,17,number_without_unit
GSM3642724,age,17,number_without_unit
GSM3642725,age,17,number_without_unit
GSM3642726,age,17,number_without_unit
GSM3642727,age,17,number_without_unit
GSM3642728,age,17,number_without_unit
GSM3642729,age,17,number_without_unit
GSM3642730,age,17,number_without_unit
GSM3642731,age,17,number_without_unit
GSM3642732,age,17,number_without_unit
GSM3642733,age,17,number_without_unit
GSM3642734,age,17,number_without_unit
GSM3642735,age,17,number_without_unit
GSM3642736,age,17,number_without_unit
GSM3642737,age,17,number_without_unit
GSM3642738,age,17,number_without_unit
GSM3642739,age,17,number_without_unit
GSM3642740,age,17,number_without_unit
GSM3642741,age,17,number_without_unit
GSM3642742,age,17,number_without_unit
GSM3642743,age,17,number_without_unit
GSM3642744,age,17,number_without_unit
GSM3642745,age,17,number_without_unit
GSM3642746,age,17,number_without_unit
GSM3642747,age,17,number_without_unit
GSM3642748,age,17,number_without_unit
GSM3642749,age,17,number_without_unit
GSM3642750,age,17,number_without_unit
GSM3642751,age,17,number_without_unit
GSM3642752,age,17,number_without_unit
GSM3642753,age,17,number_without_unit
GSM3642754,age,17,number_without_unit
GSM3642755,age,17,number_without_unit
GSM3642756,age,17,number_without_unit
GSM3642757,age,17,number_without_unit
GSM3642758,age,17,number_without_unit
GSM3642759,age,17,number_without_unit
GSM3642760,age,17,number_without_unit
GSM3642761,age,17,number_without_unit
GSM3642762,age,17,number_without_unit
GSM3642763,age,17,number_without_unit
GSM3642764,age,17,number_without_unit
GSM3642765,age,17,number_without_unit
GSM3642766,age,17,number_without_unit
GSM3642767,age,17,number_without_unit
GSM3642768,age,17,number_without_unit
GSM3642769,age,17,number_without_unit
GSM3642770,age,17,number_without_unit
GSM3642771,age,17,number_without_unit
GSM3642772,age,17,number_without_unit
GSM3642773,age,17,number_without_unit
GSM3642774,age,17,number_without_unit
GSM3642775,age,17,number_without_unit
GSM3642776,age,17,number_without_unit
GSM3642777,age,17,number_without_unit
GSM3642778,age,17,number_without_unit
GSM3642779,age,17,number_without_unit
GSM3642780,age,17,number_without_unit
GSM3642781,age,17,number_without_unit
GSM3642782,age,17,number_without_unit
GSM3642783,age,17,number_without_unit
GSM3642784,age,17,number_without_unit
GSM3642785,age,17,number_without_unit
GSM3642786,age,17,number_without_unit
GSM3642787,age,17,number_without_unit
GSM3642788,age,17,number_without_unit
GSM3642789,age,17,number_without_unit
GSM3642790,age,17,number_without_unit
GSM3642791,age,17,number_without_unit
GSM3642792,age,17,number_without_unit
GSM3642793,age,17,number_without_unit
GSM3642794,age,17,number_without_unit
GSM3642795,age,17,number_without_unit
GSM3642796,age,17,number_without_unit
GSM3642797,age,17,number_without_unit
GSM3642798,age,17,number_without_unit
GSM3642799,age,17,number_without_unit
GSM3642800,age,17,number_without_unit
GSM3642801,age,17,number_without_unit
GSM3642802,age,17,number_without_unit
GSM3642803,age,17,number_without_unit
GSM3642804,age,17,number_without_unit
GSM3642805,age,17,number_without_unit
GSM3642806,age,17,number_without_unit
GSM3642807,age,17,number_without_unit
GSM3642808,age,17,number_without_unit
GSM3642809,age,17,number_without_unit
GSM3642810,age,17,number_without_unit
GSM3642811,age,17,number_without_unit
GSM3642812,age,17,number_without_unit
GSM3642813,age,17,number_without_unit
GSM3642814,age,17,number_without_unit
GSM3642815,age,17,number_without_unit
GSM3642816,age,17,number_without_unit
GSM3642817,age,17,number_without_unit
GSM3642818,age,17,number_without_unit
GSM3642819,age,17,number_without_unit
GSM3642820,age,17,number_without_unit
GSM3642821,age,17,number_without_unit
GSM3642822,age,17,number_without_unit
GSM3642823,age,17,number_without_unit
GSM3642824,age,17,number_without_unit
GSM3642825,age,17,number_without_unit
GSM3642826,age,17,number_without_unit
GSM3642827,age,17,number_without_unit
GSM3642828,age,17,number_without_unit
GSM3642829,age,17,number_without_unit
GSM3642830,age,17,number_without_unit
GSM3642831,age,17,number_without_unit
GSM3642832,age,17,number_without_unit
GSM3642833,age,17,number_without_unit
GSM3642834,age,17,number_without_unit
GSM3642835,age,17,number_without_unit
GSM3642836,age,17,number_without_unit
GSM3642837,age,17,number_without_unit
GSM3642838,age,17,number_without_unit
GSM3642839,age,17,number_without_unit
GSM3642840,age,17,number_without_unit
GSM3642841,age,17,number_without_unit
GSM3642842,age,17,number_without_unit
GSM3642843,age,17,number_without_unit
GSM3642844,age,17,number_without_unit
GSM3642845,age,17,number_without_unit
GSM3642846,age,17,number_without_unit
GSM3642847,age,17,number_without_unit
GSM3642848,age,17,number_without_unit
GSM3642849,age,17,number_without_unit
GSM3642850,age,17,number_without_unit
GSM3642851,age,17,number_without_unit
GSM3642852,age,17,number_without_unit
GSM3642853,age,17,number_without_unit
GSM3642854,age,17,number_without_unit
GSM3642855,age,17,number_without_unit
GSM3642856,age,17,number_without_unit
GSM3642857,age,17,number_without_unit
GSM3642858,age,17,number_without_unit
GSM3642859,age,17,number_without_unit
GSM3642860,age,17,number_without_unit
GSM3642861,age,17,number_without_unit
GSM3642862,age,17,number_without_unit
GSM3642863,age,17,number_without_unit
GSM3642864,age,17,number_without_unit
GSM3642865,age,17,number_without_unit
GSM3642866,age,17,number_without_unit
GSM3642867,age,17,number_without_unit
GSM3642868,age,17,number_without_unit
GSM3642869,age,17,number_without_unit
GSM3642870,age,17,number_without_unit
GSM3642871,age,17,number_without_unit
GSM3642872,age,17,number_without_unit
GSM3642873,age,17,number_without_unit
GSM3642874,age,17,number_without_unit
GSM3642875,age,17,number_without_unit
GSM3642876,age,17,number_without_unit
GSM3642877,age,17,number_without_unit
GSM3642878,age,17,number_without_unit
GSM3642879,age,17,number_without_unit
GSM3642880,age,17,number_without_unit
GSM3642881,age,17,number_without_unit
GSM3642882,age,17,number_without_unit
GSM3642883,age,17,number_without_unit
GSM3642884,age,17,number_without_unit
GSM3642885,age,17,number_without_unit
GSM3642886,age,17,number_without_unit
GSM3642887,age,17,number_without_unit
GSM3642888,age,17,number_without_unit
GSM3642889,age,17,number_without_unit
GSM3642890,age,17,number_without_unit
GSM3642891,age,17,number_without_unit
GSM3642892,age,17,number_without_unit
GSM3642893,age,17,number_without_unit
GSM3642894,age,17,number_without_unit
GSM3642895,age,17,number_without_unit
GSM3642896,age,17,number_without_unit
GSM3642897,age,17,number_without_unit
GSM3642898,age,17,number_without_unit
GSM3642899,age,17,number_without_unit
GSM3642900,age,17,number_without_unit
GSM3642901,age,17,number_without_unit
GSM3642902,age,17,number_without_unit
GSM3642903,age,17,number_without_unit
GSM3642904,age,17,number_without_unit
GSM3642905,age,17,number_without_unit
GSM3642906,age,17,number_without_unit
GSM3642907,age,17,number_without_unit
GSM3642908,age,17,number_without_unit
GSM3642909,age,17,number_without_unit
GSM3642910,age,17,number_without_unit
GSM3642911,age,17,number_without_unit
GSM3642912,age,17,number_without_unit
GSM3642913,age,17,number_without_unit
GSM3642914,age,17,number_without_unit
GSM3642915,age,17,number_without_unit
GSM3642916,age,17,number_without_unit
GSM3642917,age,17,number_without_unit
GSM3642918,age,17,number_without_unit
GSM3642919,age,17,number_without_unit
GSM3642920,age,17,number_without_unit
GSM3642922,age,17,number_without_unit
GSM3642923,age,17,number_without_unit
GSM3642925,age,17,number_without_unit
GSM3642926,age,17,number_without_unit
GSM3642927,age,17,number_without_unit
GSM3642929,age,17,number_without_unit
GSM3642931,age,17,number_without_unit
GSM3642932,age,17,number_without_unit
GSM3642933,age,17,number_without_unit
GSM3642934,age,17,number_without_unit
GSM3642935,age,17,number_without_unit
GSM3642936,age,17,number_without_unit
GSM3642937,age,17,number_without_unit
GSM3642938,age,17,number_without_unit
GSM3642939,age,17,number_without_unit
GSM3642940,age,17,number_without_unit
GSM3642941,age,17,number_without_unit
GSM3642942,age,17,number_without_unit
GSM3642943,age,17,number_without_unit
GSM3642944,age,17,number_without_unit
GSM3642945,age,17,number_without_unit
GSM3642946,age,17,number_without_unit
GSM3642947,age,17,number_without_unit
GSM3642948,age,17,number_without_unit
GSM3642949,age,17,number_without_unit
GSM3642950,age,17,number_without_unit
GSM3642951,age,17,number_without_unit
GSM3642952,age,17,number_without_unit
GSM3642953,age,17,number_without_unit
GSM3642954,age,17,number_without_unit
GSM3642955,age,17,number_without_unit
GSM3642956,age,17,number_without_unit
GSM3642957,age,17,number_without_unit
GSM3642958,age,17,number_without_unit
GSM3642959,age,17,number_without_unit
GSM3642960,age,17,number_without_unit
GSM3642961,age,17,number_without_unit
GSM3642962,age,17,number_without_unit
GSM3642963,age,17,number_without_unit
GSM3642964,age,17,number_without_unit
GSM3642965,age,17,number_without_unit
GSM3642966,age,17,number_without_unit
GSM3642967,age,17,number_without_unit
GSM3642968,age,17,number_without_unit
GSM3642969,age,17,number_without_unit
GSM3642970,age,17,number_without_unit
GSM3642971,age,17,number_without_unit
GSM3642972,age,17,number_without_unit
GSM3642973,age,17,number_without_unit
GSM3642974,age,17,number_without_unit
GSM3642975,age,17,number_without_unit
GSM3642976,age,17,number_without_unit
GSM3642977,age,17,number_without_unit
GSM3642978,age,17,number_without_unit
GSM3642979,age,17,number_without_unit
GSM3642980,age,17,number_without_unit
GSM3642981,age,17,number_without_unit
GSM3642982,age,17,number_without_unit
GSM3642983,age,17,number_without_unit
GSM3642984,age,17,number_without_unit
GSM3642985,age,17,number_without_unit
GSM3642986,age,17,number_without_unit
GSM3642987,age,17,number_without_unit
GSM3640488,age,18,number_without_unit
GSM3640489,age,18,number_without_unit
GSM3640490,age,18,number_without_unit
GSM3640491,age,18,number_without_unit
GSM3640492,age,18,number_without_unit
GSM3640493,age,18,number_without_unit
GSM3640494,age,18,number_without_unit
GSM3640495,age,18,number_without_unit
GSM3640496,age,18,number_without_unit
GSM3640497,age,18,number_without_unit
GSM3640498,age,18,number_without_unit
GSM3640499,age,18,number_without_unit
GSM3640500,age,18,number_without_unit
GSM3640501,age,18,number_without_unit
GSM3640502,age,18,number_without_unit
GSM3640503,age,18,number_without_unit
GSM3640504,age,18,number_without_unit
GSM3640505,age,18,number_without_unit
GSM3640506,age,18,number_without_unit
GSM3640507,age,18,number_without_unit
GSM3640508,age,18,number_without_unit
GSM3640509,age,18,number_without_unit
GSM3640510,age,18,number_without_unit
GSM3640511,age,18,number_without_unit
GSM3640512,age,18,number_without_unit
GSM3640513,age,18,number_without_unit
GSM3640514,age,18,number_without_unit
GSM3640515,age,18,number_without_unit
GSM3640516,age,18,number_without_unit
GSM3640517,age,18,number_without_unit
GSM3640518,age,18,number_without_unit
GSM3640519,age,18,number_without_unit
GSM3640520,age,18,number_without_unit
GSM3640521,age,18,number_without_unit
GSM3640522,age,18,number_without_unit
GSM3640523,age,18,number_without_unit
GSM3640524,age,18,number_without_unit
GSM3640525,age,18,number_without_unit
GSM3640526,age,18,number_without_unit
GSM3640527,age,18,number_without_unit
GSM3640528,age,18,number_without_unit
GSM3640529,age,18,number_without_unit
GSM3640530,age,18,number_without_unit
GSM3640531,age,18,number_without_unit
GSM3640532,age,18,number_without_unit
GSM3640533,age,18,number_without_unit
GSM3640534,age,18,number_without_unit
GSM3640535,age,18,number_without_unit
GSM3640536,age,18,number_without_unit
GSM3640537,age,18,number_without_unit
GSM3640538,age,18,number_without_unit
GSM3640539,age,18,number_without_unit
GSM3640540,age,18,number_without_unit
GSM3640541,age,18,number_without_unit
GSM3640542,age,18,number_without_unit
GSM3640543,age,18,number_without_unit
GSM3640544,age,18,number_without_unit
GSM3640545,age,18,number_without_unit
GSM3640546,age,18,number_without_unit
GSM3640547,age,18,number_without_unit
GSM3640548,age,18,number_without_unit
GSM3640549,age,18,number_without_unit
GSM3640550,age,18,number_without_unit
GSM3640551,age,18,number_without_unit
GSM3640552,age,18,number_without_unit
GSM3640553,age,18,number_without_unit
GSM3640554,age,18,number_without_unit
GSM3640555,age,18,number_without_unit
GSM3640556,age,18,number_without_unit
GSM3640557,age,18,number_without_unit
GSM3640558,age,18,number_without_unit
GSM3640559,age,18,number_without_unit
GSM3640560,age,18,number_without_unit
GSM3640561,age,18,number_without_unit
GSM3640562,age,18,number_without_unit
GSM3640563,age,18,number_without_unit
GSM3640564,age,18,number_without_unit
GSM3640565,age,18,number_without_unit
GSM3640566,age,18,number_without_unit
GSM3640567,age,18,number_without_unit
GSM3640568,age,18,number_without_unit
GSM3640569,age,18,number_without_unit
GSM3640570,age,18,number_without_unit
GSM3640571,age,18,number_without_unit
GSM3640572,age,18,number_without_unit
GSM3640573,age,18,number_without_unit
GSM3640574,age,18,number_without_unit
GSM3640575,age,18,number_without_unit
GSM3640576,age,18,number_without_unit
GSM3640577,age,18,number_without_unit
GSM3640578,age,18,number_without_unit
GSM3640579,age,18,number_without_unit
GSM3640580,age,18,number_without_unit
GSM3640581,age,18,number_without_unit
GSM3640582,age,18,number_without_unit
GSM3640583,age,18,number_without_unit
GSM3640584,age,18,number_without_unit
GSM3640585,age,18,number_without_unit
GSM3640586,age,18,number_without_unit
GSM3640587,age,18,number_without_unit
GSM3640588,age,18,number_without_unit
GSM3640589,age,18,number_without_unit
GSM3640590,age,18,number_without_unit
GSM3640591,age,18,number_without_unit
GSM3640592,age,18,number_without_unit
GSM3640593,age,18,number_without_unit
GSM3640594,age,18,number_without_unit
GSM3640595,age,18,number_without_unit
GSM3640596,age,18,number_without_unit
GSM3640597,age,18,number_without_unit
GSM3640598,age,18,number_without_unit
GSM3640599,age,18,number_without_unit
GSM3640600,age,18,number_without_unit
GSM3640601,age,18,number_without_unit
GSM3640602,age,18,number_without_unit
GSM3640603,age,18,number_without_unit
GSM3640604,age,18,number_without_unit
GSM3640605,age,18,number_without_unit
GSM3640606,age,18,number_without_unit
GSM3640607,age,18,number_without_unit
GSM3640608,age,18,number_without_unit
GSM3640609,age,18,number_without_unit
GSM3640610,age,18,number_without_unit
GSM3640611,age,18,number_without_unit
GSM3640612,age,18,number_without_unit
GSM3640613,age,18,number_without_unit
GSM3640614,age,18,number_without_unit
GSM3640615,age,18,number_without_unit
GSM3640616,age,18,number_without_unit
GSM3640617,age,18,number_without_unit
GSM3640618,age,18,number_without_unit
GSM3640619,age,18,number_without_unit
GSM3640620,age,18,number_without_unit
GSM3640621,age,18,number_without_unit
GSM3640622,age,18,number_without_unit
GSM3640623,age,18,number_without_unit
GSM3640624,age,18,number_without_unit
GSM3640625,age,18,number_without_unit
GSM3640626,age,18,number_without_unit
GSM3640627,age,18,number_without_unit
GSM3640628,age,18,number_without_unit
GSM3640629,age,18,number_without_unit
GSM3640630,age,18,number_without_unit
GSM3640631,age,18,number_without_unit
GSM3640632,age,18,number_without_unit
GSM3640633,age,18,number_without_unit
GSM3640634,age,18,number_without_unit
GSM3640635,age,18,number_without_unit
GSM3640636,age,18,number_without_unit
GSM3640637,age,18,number_without_unit
GSM3640638,age,18,number_without_unit
GSM3640639,age,18,number_without_unit
GSM3640640,age,18,number_without_unit
GSM3640641,age,18,number_without_unit
GSM3640642,age,18,number_without_unit
GSM3640643,age,18,number_without_unit
GSM3640644,age,18,number_without_unit
GSM3640645,age,18,number_without_unit
GSM3640646,age,18,number_without_unit
GSM3640647,age,18,number_without_unit
GSM3640648,age,18,number_without_unit
GSM3640649,age,18,number_without_unit
GSM3640650,age,18,number_without_unit
GSM3640651,age,18,number_without_unit
GSM3640652,age,18,number_without_unit
GSM3640653,age,18,number_without_unit
GSM3640654,age,18,number_without_unit
GSM3640655,age,18,number_without_unit
GSM3640656,age,18,number_without_unit
GSM3640657,age,18,number_without_unit
GSM3640658,age,18,number_without_unit
GSM3640659,age,18,number_without_unit
GSM3640660,age,18,number_without_unit
GSM3640661,age,18,number_without_unit
GSM3640662,age,18,number_without_unit
GSM3640663,age,18,number_without_unit
GSM3640664,age,18,number_without_unit
GSM3640665,age,18,number_without_unit
GSM3640666,age,18,number_without_unit
GSM3640667,age,18,number_without_unit
GSM3640668,age,18,number_without_unit
GSM3640669,age,18,number_without_unit
GSM3640670,age,18,number_without_unit
GSM3640671,age,18,number_without_unit
GSM3640672,age,18,number_without_unit
GSM3640673,age,18,number_without_unit
GSM3640674,age,18,number_without_unit
GSM3640675,age,18,number_without_unit
GSM3640676,age,18,number_without_unit
GSM3640677,age,18,number_without_unit
GSM3640678,age,18,number_without_unit
GSM3640679,age,18,number_without_unit
GSM3640680,age,18,number_without_unit
GSM3640681,age,18,number_without_unit
GSM3640682,age,18,number_without_unit
GSM3640683,age,18,number_without_unit
GSM3640684,age,18,number_without_unit
GSM3640685,age,18,number_without_unit
GSM3640686,age,18,number_without_unit
GSM3640687,age,18,number_without_unit
GSM3640688,age,18,number_without_unit
GSM3640689,age,18,number_without_unit
GSM3640690,age,18,number_without_unit
GSM3640691,age,18,number_without_unit
GSM3640692,age,18,number_without_unit
GSM3640693,age,18,number_without_unit
GSM3640694,age,18,number_without_unit
GSM3640695,age,18,number_without_unit
GSM3640696,age,18,number_without_unit
GSM3640697,age,18,number_without_unit
GSM3640698,age,18,number_without_unit
GSM3640699,age,18,number_without_unit
GSM3640700,age,18,number_without_unit
GSM3640701,age,18,number_without_unit
GSM3640702,age,18,number_without_unit
GSM3640703,age,18,number_without_unit
GSM3640704,age,18,number_without_unit
GSM3640705,age,18,number_without_unit
GSM3640706,age,18,number_without_unit
GSM3640707,age,18,number_without_unit
GSM3640708,age,18,number_without_unit
GSM3640709,age,18,number_without_unit
GSM3640710,age,18,number_without_unit
GSM3640711,age,18,number_without_unit
GSM3640712,age,18,number_without_unit
GSM3640713,age,18,number_without_unit
GSM3640714,age,18,number_without_unit
GSM3640715,age,18,number_without_unit
GSM3640716,age,18,number_without_unit
GSM3640717,age,18,number_without_unit
GSM3640718,age,18,number_without_unit
GSM3640719,age,18,number_without_unit
GSM3640720,age,18,number_without_unit
GSM3640721,age,18,number_without_unit
GSM3640722,age,18,number_without_unit
GSM3640723,age,18,number_without_unit
GSM3640724,age,18,number_without_unit
GSM3640725,age,18,number_without_unit
GSM3640726,age,18,number_without_unit
GSM3640727,age,18,number_without_unit
GSM3640728,age,18,number_without_unit
GSM3640729,age,18,number_without_unit
GSM3640730,age,18,number_without_unit
GSM3640731,age,18,number_without_unit
GSM3640732,age,18,number_without_unit
GSM3640733,age,18,number_without_unit
GSM3640734,age,18,number_without_unit
GSM3640735,age,18,number_without_unit
GSM3640736,age,18,number_without_unit
GSM3640737,age,18,number_without_unit
GSM3640738,age,18,number_without_unit
GSM3640739,age,18,number_without_unit
GSM3640740,age,18,number_without_unit
GSM3640741,age,18,number_without_unit
GSM3640742,age,18,number_without_unit
GSM3640743,age,18,number_without_unit
GSM3640744,age,18,number_without_unit
GSM3640745,age,18,number_without_unit
GSM3640746,age,18,number_without_unit
GSM3640747,age,18,number_without_unit
GSM3640748,age,18,number_without_unit
GSM3640749,age,18,number_without_unit
GSM3640750,age,18,number_without_unit
GSM3640751,age,18,number_without_unit
GSM3640752,age,18,number_without_unit
GSM3640753,age,18,number_without_unit
GSM3640754,age,18,number_without_unit
GSM3640755,age,18,number_without_unit
GSM3640756,age,18,number_without_unit
GSM3640757,age,18,number_without_unit
GSM3640758,age,18,number_without_unit
GSM3640759,age,18,number_without_unit
GSM3640760,age,18,number_without_unit
GSM3640761,age,18,number_without_unit
GSM3640762,age,18,number_without_unit
GSM3640763,age,18,number_without_unit
GSM3640764,age,18,number_without_unit
GSM3640765,age,18,number_without_unit
GSM3640766,age,18,number_without_unit
GSM3640767,age,18,number_without_unit
GSM3640768,age,18,number_without_unit
GSM3640769,age,18,number_without_unit
GSM3640770,age,18,number_without_unit
GSM3640771,age,18,number_without_unit
GSM3640772,age,18,number_without_unit
GSM3640773,age,18,number_without_unit
GSM3640774,age,18,number_without_unit
GSM3640775,age,18,number_without_unit
GSM3640776,age,18,number_without_unit
GSM3640777,age,18,number_without_unit
GSM3640778,age,18,number_without_unit
GSM3640779,age,18,number_without_unit
GSM3640780,age,18,number_without_unit
GSM3640781,age,18,number_without_unit
GSM3640782,age,18,number_without_unit
GSM3640783,age,18,number_without_unit
GSM3640784,age,18,number_without_unit
GSM3640785,age,18,number_without_unit
GSM3640786,age,18,number_without_unit
GSM3640787,age,18,number_without_unit
GSM3640788,age,18,number_without_unit
GSM3640789,age,18,number_without_unit
GSM3640790,age,18,number_without_unit
GSM3640791,age,18,number_without_unit
GSM3640792,age,18,number_without_unit
GSM3640793,age,18,number_without_unit
GSM3640794,age,18,number_without_unit
GSM3640795,age,18,number_without_unit
GSM3640796,age,18,number_without_unit
GSM3640797,age,18,number_without_unit
GSM3640798,age,18,number_without_unit
GSM3640799,age,18,number_without_unit
GSM3640800,age,18,number_without_unit
GSM3640801,age,18,number_without_unit
GSM3640802,age,18,number_without_unit
GSM3640803,age,18,number_without_unit
GSM3640804,age,18,number_without_unit
GSM3640805,age,18,number_without_unit
GSM3640806,age,18,number_without_unit
GSM3640807,age,18,number_without_unit
GSM3640808,age,18,number_without_unit
GSM3640809,age,18,number_without_unit
GSM3640810,age,18,number_without_unit
GSM3640811,age,18,number_without_unit
GSM3640812,age,18,number_without_unit
GSM3640813,age,18,number_without_unit
GSM3640814,age,18,number_without_unit
GSM3640815,age,18,number_without_unit
GSM3640816,age,18,number_without_unit
GSM3640817,age,18,number_without_unit
GSM3640818,age,18,number_without_unit
GSM3640819,age,18,number_without_unit
GSM3640820,age,18,number_without_unit
GSM3640821,age,18,number_without_unit
GSM3640822,age,18,number_without_unit
GSM3640823,age,18,number_without_unit
GSM3640824,age,18,number_without_unit
GSM3640825,age,18,number_without_unit
GSM3640826,age,18,number_without_unit
GSM3640827,age,18,number_without_unit
GSM3640828,age,18,number_without_unit
GSM3640829,age,18,number_without_unit
GSM3640830,age,18,number_without_unit
GSM3640831,age,18,number_without_unit
GSM3640832,age,18,number_without_unit
GSM3640833,age,18,number_without_unit
GSM3640834,age,18,number_without_unit
GSM3640835,age,18,number_without_unit
GSM3640836,age,18,number_without_unit
GSM3640837,age,18,number_without_unit
GSM3640838,age,18,number_without_unit
GSM3640839,age,18,number_without_unit
GSM3640840,age,18,number_without_unit
GSM3640841,age,18,number_without_unit
GSM3640842,age,18,number_without_unit
GSM3640843,age,18,number_without_unit
GSM3640844,age,18,number_without_unit
GSM3640845,age,18,number_without_unit
GSM3640846,age,18,number_without_unit
GSM3640847,age,18,number_without_unit
GSM3640848,age,18,number_without_unit
GSM3640849,age,18,number_without_unit
GSM3640850,age,18,number_without_unit
GSM3640851,age,18,number_without_unit
GSM3640852,age,18,number_without_unit
GSM3640853,age,18,number_without_unit
GSM3640854,age,18,number_without_unit
GSM3640855,age,18,number_without_unit
GSM3640856,age,18,number_without_unit
GSM3640857,age,18,number_without_unit
GSM3640858,age,18,number_without_unit
GSM3640859,age,18,number_without_unit
GSM3640860,age,18,number_without_unit
GSM3640861,age,18,number_without_unit
GSM3640862,age,18,number_without_unit
GSM3640863,age,18,number_without_unit
GSM3640864,age,18,number_without_unit
GSM3640865,age,18,number_without_unit
GSM3640866,age,18,number_without_unit
GSM3640867,age,18,number_without_unit
GSM3640868,age,18,number_without_unit
GSM3640869,age,18,number_without_unit
GSM3640870,age,18,number_without_unit
GSM3640871,age,18,number_without_unit
GSM3640872,age,18,number_without_unit
GSM3640873,age,18,number_without_unit
GSM3640874,age,18,number_without_unit
GSM3640875,age,18,number_without_unit
GSM3640876,age,18,number_without_unit
GSM3640877,age,18,number_without_unit
GSM3640878,age,18,number_without_unit
GSM3640879,age,18,number_without_unit
GSM3640880,age,18,number_without_unit
GSM3640881,age,18,number_without_unit
GSM3640882,age,18,number_without_unit
GSM3640883,age,18,number_without_unit
GSM3640884,age,18,number_without_unit
GSM3640885,age,18,number_without_unit
GSM3640886,age,18,number_without_unit
GSM3640887,age,18,number_without_unit
GSM3640888,age,18,number_without_unit
GSM3640889,age,18,number_without_unit
GSM3640890,age,18,number_without_unit
GSM3640891,age,18,number_without_unit
GSM3640892,age,18,number_without_unit
GSM3640893,age,18,number_without_unit
GSM3640894,age,18,number_without_unit
GSM3640895,age,18,number_without_unit
GSM3640896,age,18,number_without_unit
GSM3640897,age,18,number_without_unit
GSM3640898,age,18,number_without_unit
GSM3640899,age,18,number_without_unit
GSM3640900,age,18,number_without_unit
GSM3640901,age,18,number_without_unit
GSM3640902,age,18,number_without_unit
GSM3640903,age,18,number_without_unit
GSM3640904,age,18,number_without_unit
GSM3640905,age,18,number_without_unit
GSM3640906,age,18,number_without_unit
GSM3640907,age,18,number_without_unit
GSM3640908,age,18,number_without_unit
GSM3640909,age,18,number_without_unit
GSM3640910,age,18,number_without_unit
GSM3640911,age,18,number_without_unit
GSM3640912,age,18,number_without_unit
GSM3640913,age,18,number_without_unit
GSM3640914,age,18,number_without_unit
GSM3640915,age,18,number_without_unit
GSM3640916,age,18,number_without_unit
GSM3640917,age,18,number_without_unit
GSM3640918,age,18,number_without_unit
GSM3640919,age,18,number_without_unit
GSM3640920,age,18,number_without_unit
GSM3640921,age,18,number_without_unit
GSM3640922,age,18,number_without_unit
GSM3640923,age,18,number_without_unit
GSM3640924,age,18,number_without_unit
GSM3640925,age,18,number_without_unit
GSM3640926,age,18,number_without_unit
GSM3640927,age,18,number_without_unit
GSM3640928,age,18,number_without_unit
GSM3640929,age,18,number_without_unit
GSM3640930,age,18,number_without_unit
GSM3640931,age,18,number_without_unit
GSM3640932,age,18,number_without_unit
GSM3640933,age,18,number_without_unit
GSM3640934,age,18,number_without_unit
GSM3640935,age,18,number_without_unit
GSM3640936,age,18,number_without_unit
GSM3640937,age,18,number_without_unit
GSM3640938,age,18,number_without_unit
GSM3640939,age,18,number_without_unit
GSM3640940,age,18,number_without_unit
GSM3640941,age,18,number_without_unit
GSM3640942,age,18,number_without_unit
GSM3640943,age,18,number_without_unit
GSM3640944,age,18,number_without_unit
GSM3640945,age,18,number_without_unit
GSM3640946,age,18,number_without_unit
GSM3640947,age,18,number_without_unit
GSM3640948,age,18,number_without_unit
GSM3640949,age,18,number_without_unit
GSM3640950,age,18,number_without_unit
GSM3640951,age,18,number_without_unit
GSM3640952,age,18,number_without_unit
GSM3640953,age,18,number_without_unit
GSM3640954,age,18,number_without_unit
GSM3640955,age,18,number_without_unit
GSM3640956,age,18,number_without_unit
GSM3640957,age,18,number_without_unit
GSM3640958,age,18,number_without_unit
GSM3640959,age,18,number_without_unit
GSM3640960,age,18,number_without_unit
GSM3640961,age,18,number_without_unit
GSM3640962,age,18,number_without_unit
GSM3640963,age,18,number_without_unit
GSM3640964,age,18,number_without_unit
GSM3640965,age,18,number_without_unit
GSM3640966,age,18,number_without_unit
GSM3640967,age,18,number_without_unit
GSM3640968,age,18,number_without_unit
GSM3640969,age,18,number_without_unit
GSM3640970,age,18,number_without_unit
GSM3640971,age,18,number_without_unit
GSM3640972,age,18,number_without_unit
GSM3640973,age,18,number_without_unit
GSM3640974,age,18,number_without_unit
GSM3640975,age,18,number_without_unit
GSM3640976,age,18,number_without_unit
GSM3640977,age,18,number_without_unit
GSM3640978,age,18,number_without_unit
GSM3640979,age,18,number_without_unit
GSM3640980,age,18,number_without_unit
GSM3640981,age,18,number_without_unit
GSM3640982,age,18,number_without_unit
GSM3640983,age,18,number_without_unit
GSM3640984,age,18,number_without_unit
GSM3640985,age,18,number_without_unit
GSM3640986,age,18,number_without_unit
GSM3640987,age,18,number_without_unit
GSM3640988,age,18,number_without_unit
GSM3640989,age,18,number_without_unit
GSM3640990,age,18,number_without_unit
GSM3640991,age,18,number_without_unit
GSM3640992,age,18,number_without_unit
GSM3640993,age,18,number_without_unit
GSM3640994,age,18,number_without_unit
GSM3640995,age,18,number_without_unit
GSM3640996,age,18,number_without_unit
GSM3640997,age,18,number_without_unit
GSM3640998,age,18,number_without_unit
GSM3640999,age,18,number_without_unit
GSM3641000,age,18,number_without_unit
GSM3641001,age,18,number_without_unit
GSM3641002,age,18,number_without_unit
GSM3641003,age,18,number_without_unit
GSM3641004,age,18,number_without_unit
GSM3641005,age,18,number_without_unit
GSM3641006,age,18,number_without_unit
GSM3641007,age,18,number_without_unit
GSM3641008,age,18,number_without_unit
GSM3641009,age,18,number_without_unit
GSM3641010,age,18,number_without_unit
GSM3641011,age,18,number_without_unit
GSM3641012,age,18,number_without_unit
GSM3641013,age,18,number_without_unit
GSM3641014,age,18,number_without_unit
GSM3641015,age,18,number_without_unit
GSM3641016,age,18,number_without_unit
GSM3641017,age,18,number_without_unit
GSM3641018,age,18,number_without_unit
GSM3641019,age,18,number_without_unit
GSM3641020,age,18,number_without_unit
GSM3641021,age,18,number_without_unit
GSM3641022,age,18,number_without_unit
GSM3641023,age,18,number_without_unit
GSM3641024,age,18,number_without_unit
GSM3641025,age,18,number_without_unit
GSM3641026,age,18,number_without_unit
GSM3641027,age,18,number_without_unit
GSM3641028,age,18,number_without_unit
GSM3641029,age,18,number_without_unit
GSM3641030,age,18,number_without_unit
GSM3641031,age,18,number_without_unit
GSM3641032,age,18,number_without_unit
GSM3641033,age,18,number_without_unit
GSM3641034,age,18,number_without_unit
GSM3641035,age,18,number_without_unit
GSM3641036,age,18,number_without_unit
GSM3641037,age,18,number_without_unit
GSM3641038,age,18,number_without_unit
GSM3641039,age,18,number_without_unit
GSM3641040,age,18,number_without_unit
GSM3641041,age,18,number_without_unit
GSM3641042,age,18,number_without_unit
GSM3641043,age,18,number_without_unit
GSM3641044,age,18,number_without_unit
GSM3641045,age,18,number_without_unit
GSM3641046,age,18,number_without_unit
GSM3641047,age,18,number_without_unit
GSM3641048,age,18,number_without_unit
GSM3641049,age,18,number_without_unit
GSM3641050,age,18,number_without_unit
GSM3641051,age,18,number_without_unit
GSM3641052,age,18,number_without_unit
GSM3641053,age,18,number_without_unit
GSM3641054,age,18,number_without_unit
GSM3641055,age,18,number_without_unit
GSM3641056,age,18,number_without_unit
GSM3641057,age,18,number_without_unit
GSM3641058,age,18,number_without_unit
GSM3641059,age,18,number_without_unit
GSM3641060,age,18,number_without_unit
GSM3641061,age,18,number_without_unit
GSM3641062,age,18,number_without_unit
GSM3641063,age,18,number_without_unit
GSM3641064,age,18,number_without_unit
GSM3641065,age,18,number_without_unit
GSM3641066,age,18,number_without_unit
GSM3641067,age,18,number_without_unit
GSM3641068,age,18,number_without_unit
GSM3641069,age,18,number_without_unit
GSM3641070,age,18,number_without_unit
GSM3641071,age,18,number_without_unit
GSM3641072,age,18,number_without_unit
GSM3641073,age,18,number_without_unit
GSM3641074,age,18,number_without_unit
GSM3641075,age,18,number_without_unit
GSM3641076,age,18,number_without_unit
GSM3641077,age,18,number_without_unit
GSM3641078,age,18,number_without_unit
GSM3641079,age,18,number_without_unit
GSM3641080,age,18,number_without_unit
GSM3641081,age,18,number_without_unit
GSM3641082,age,18,number_without_unit
GSM3641083,age,18,number_without_unit
GSM3641084,age,18,number_without_unit
GSM3641085,age,18,number_without_unit
GSM3641086,age,18,number_without_unit
GSM3641087,age,18,number_without_unit
GSM3641088,age,18,number_without_unit
GSM3641089,age,18,number_without_unit
GSM3641090,age,18,number_without_unit
GSM3641091,age,18,number_without_unit
GSM3641092,age,18,number_without_unit
GSM3641093,age,18,number_without_unit
GSM3641094,age,18,number_without_unit
GSM3641095,age,18,number_without_unit
GSM3641096,age,18,number_without_unit
GSM3641097,age,18,number_without_unit
GSM3641098,age,18,number_without_unit
GSM3641099,age,18,number_without_unit
GSM3641100,age,18,number_without_unit
GSM3641101,age,18,number_without_unit
GSM3641102,age,18,number_without_unit
GSM3641103,age,18,number_without_unit
GSM3641104,age,18,number_without_unit
GSM3641105,age,18,number_without_unit
GSM3641106,age,18,number_without_unit
GSM3641107,age,18,number_without_unit
GSM3641108,age,18,number_without_unit
GSM3641109,age,18,number_without_unit
GSM3641110,age,18,number_without_unit
GSM3641111,age,18,number_without_unit
GSM3641112,age,18,number_without_unit
GSM3641113,age,18,number_without_unit
GSM3641114,age,18,number_without_unit
GSM3641115,age,18,number_without_unit
GSM3641116,age,18,number_without_unit
GSM3641117,age,18,number_without_unit
GSM3641118,age,18,number_without_unit
GSM3641119,age,18,number_without_unit
GSM3641120,age,18,number_without_unit
GSM3641121,age,18,number_without_unit
GSM3641122,age,18,number_without_unit
GSM3641123,age,18,number_without_unit
GSM3641124,age,18,number_without_unit
GSM3641125,age,18,number_without_unit
GSM3641126,age,18,number_without_unit
GSM3641127,age,18,number_without_unit
GSM3641128,age,18,number_without_unit
GSM3641129,age,18,number_without_unit
GSM3641130,age,18,number_without_unit
GSM3641131,age,18,number_without_unit
GSM3641132,age,18,number_without_unit
GSM3641133,age,18,number_without_unit
GSM3641134,age,18,number_without_unit
GSM3641135,age,18,number_without_unit
GSM3641136,age,18,number_without_unit
GSM3641137,age,18,number_without_unit
GSM3641138,age,18,number_without_unit
GSM3641139,age,18,number_without_unit
GSM3641140,age,18,number_without_unit
GSM3641141,age,18,number_without_unit
GSM3641142,age,18,number_without_unit
GSM3641143,age,18,number_without_unit
GSM3641144,age,18,number_without_unit
GSM3641145,age,18,number_without_unit
GSM3641146,age,18,number_without_unit
GSM3641147,age,18,number_without_unit
GSM3641148,age,18,number_without_unit
GSM3641149,age,18,number_without_unit
GSM3641150,age,18,number_without_unit
GSM3641151,age,18,number_without_unit
GSM3641152,age,18,number_without_unit
GSM3641153,age,18,number_without_unit
GSM3641154,age,18,number_without_unit
GSM3641155,age,18,number_without_unit
GSM3641156,age,18,number_without_unit
GSM3641157,age,18,number_without_unit
GSM3641158,age,18,number_without_unit
GSM3641159,age,18,number_without_unit
GSM3641160,age,18,number_without_unit
GSM3641161,age,18,number_without_unit
GSM3641162,age,18,number_without_unit
GSM3641163,age,18,number_without_unit
GSM3641164,age,18,number_without_unit
GSM3641165,age,18,number_without_unit
GSM3641166,age,18,number_without_unit
GSM3641167,age,18,number_without_unit
GSM3641168,age,18,number_without_unit
GSM3641169,age,18,number_without_unit
GSM3641170,age,18,number_without_unit
GSM3641171,age,18,number_without_unit
GSM3641172,age,18,number_without_unit
GSM3641173,age,18,number_without_unit
GSM3641174,age,18,number_without_unit
GSM3641175,age,18,number_without_unit
GSM3641176,age,18,number_without_unit
GSM3641177,age,18,number_without_unit
GSM3641178,age,18,number_without_unit
GSM3641179,age,18,number_without_unit
GSM3641180,age,18,number_without_unit
GSM3641181,age,18,number_without_unit
GSM3641182,age,18,number_without_unit
GSM3641183,age,18,number_without_unit
GSM3641184,age,18,number_without_unit
GSM3641185,age,18,number_without_unit
GSM3641186,age,18,number_without_unit
GSM3641187,age,18,number_without_unit
GSM3641188,age,18,number_without_unit
GSM3641189,age,18,number_without_unit
GSM3641190,age,18,number_without_unit
GSM3641191,age,18,number_without_unit
GSM3641192,age,18,number_without_unit
GSM3641193,age,18,number_without_unit
GSM3641194,age,18,number_without_unit
GSM3641195,age,18,number_without_unit
GSM3641196,age,18,number_without_unit
GSM3641197,age,18,number_without_unit
GSM3641198,age,18,number_without_unit
GSM3641199,age,18,number_without_unit
GSM3641200,age,18,number_without_unit
GSM3641201,age,18,number_without_unit
GSM3641202,age,18,number_without_unit
GSM3641203,age,18,number_without_unit
GSM3641204,age,18,number_without_unit
GSM3641205,age,18,number_without_unit
GSM3641206,age,18,number_without_unit
GSM3641207,age,18,number_without_unit
GSM3641208,age,18,number_without_unit
GSM3641209,age,18,number_without_unit
GSM3641210,age,18,number_without_unit
GSM3641211,age,18,number_without_unit
GSM3641212,age,18,number_without_unit
GSM3641213,age,18,number_without_unit
GSM3641214,age,18,number_without_unit
GSM3641215,age,18,number_without_unit
GSM3641216,age,18,number_without_unit
GSM3641217,age,18,number_without_unit
GSM3641218,age,18,number_without_unit
GSM3641219,age,18,number_without_unit
GSM3641220,age,18,number_without_unit
GSM3641221,age,18,number_without_unit
GSM3641222,age,18,number_without_unit
GSM3641223,age,18,number_without_unit
GSM3641224,age,18,number_without_unit
GSM3641225,age,18,number_without_unit
GSM3641226,age,18,number_without_unit
GSM3641227,age,18,number_without_unit
GSM3641228,age,18,number_without_unit
GSM3641229,age,18,number_without_unit
GSM3641230,age,18,number_without_unit
GSM3641231,age,18,number_without_unit
GSM3641232,age,18,number_without_unit
GSM3641233,age,18,number_without_unit
GSM3641234,age,18,number_without_unit
GSM3641235,age,18,number_without_unit
GSM3641236,age,18,number_without_unit
GSM3641237,age,18,number_without_unit
GSM3641238,age,18,number_without_unit
GSM3641239,age,18,number_without_unit
GSM3641240,age,18,number_without_unit
GSM3641241,age,18,number_without_unit
GSM3641242,age,18,number_without_unit
GSM3641243,age,18,number_without_unit
GSM3641244,age,18,number_without_unit
GSM3641245,age,18,number_without_unit
GSM3641246,age,18,number_without_unit
GSM3641247,age,18,number_without_unit
GSM3641248,age,18,number_without_unit
GSM3641249,age,18,number_without_unit
GSM3641250,age,18,number_without_unit
GSM3641251,age,18,number_without_unit
GSM3641252,age,18,number_without_unit
GSM3641253,age,18,number_without_unit
GSM3641254,age,18,number_without_unit
GSM3641255,age,18,number_without_unit
GSM3641256,age,18,number_without_unit
GSM3641257,age,18,number_without_unit
GSM3641258,age,18,number_without_unit
GSM3641259,age,18,number_without_unit
GSM3641260,age,18,number_without_unit
GSM3641261,age,18,number_without_unit
GSM3641262,age,18,number_without_unit
GSM3641263,age,18,number_without_unit
GSM3641264,age,18,number_without_unit
GSM3641265,age,18,number_without_unit
GSM3641266,age,18,number_without_unit
GSM3641267,age,18,number_without_unit
GSM3641268,age,18,number_without_unit
GSM3641269,age,18,number_without_unit
GSM3641270,age,18,number_without_unit
GSM3641271,age,18,number_without_unit
GSM3641272,age,18,number_without_unit
GSM3641273,age,18,number_without_unit
GSM3641274,age,18,number_without_unit
GSM3641275,age,18,number_without_unit
GSM3641276,age,18,number_without_unit
GSM3641277,age,18,number_without_unit
GSM3641278,age,18,number_without_unit
GSM3641279,age,18,number_without_unit
GSM3641280,age,18,number_without_unit
GSM3641281,age,18,number_without_unit
GSM3641282,age,18,number_without_unit
GSM3641283,age,18,number_without_unit
GSM3641284,age,18,number_without_unit
GSM3641285,age,18,number_without_unit
GSM3641286,age,18,number_without_unit
GSM3641287,age,18,number_without_unit
GSM3641288,age,18,number_without_unit
GSM3641289,age,18,number_without_unit
GSM3641290,age,18,number_without_unit
GSM3641291,age,18,number_without_unit
GSM3641292,age,18,number_without_unit
GSM3641293,age,18,number_without_unit
GSM3641294,age,18,number_without_unit
GSM3641295,age,18,number_without_unit
GSM3641296,age,18,number_without_unit
GSM3641297,age,18,number_without_unit
GSM3641298,age,18,number_without_unit
GSM3641299,age,18,number_without_unit
GSM3641300,age,18,number_without_unit
GSM3641301,age,18,number_without_unit
GSM3641302,age,18,number_without_unit
GSM3641303,age,18,number_without_unit
GSM3641304,age,18,number_without_unit
GSM3641305,age,18,number_without_unit
GSM3641306,age,18,number_without_unit
GSM3641307,age,18,number_without_unit
GSM3641308,age,18,number_without_unit
GSM3641309,age,18,number_without_unit
GSM3641310,age,18,number_without_unit
GSM3641311,age,18,number_without_unit
GSM3641312,age,18,number_without_unit
GSM3641313,age,18,number_without_unit
GSM3641314,age,18,number_without_unit
GSM3641315,age,18,number_without_unit
GSM3641316,age,18,number_without_unit
GSM3641317,age,18,number_without_unit
GSM3641318,age,18,number_without_unit
GSM3641319,age,18,number_without_unit
GSM3641320,age,18,number_without_unit
GSM3641321,age,18,number_without_unit
GSM3641322,age,18,number_without_unit
GSM3641323,age,18,number_without_unit
GSM3641324,age,18,number_without_unit
GSM3641325,age,18,number_without_unit
GSM3641326,age,18,number_without_unit
GSM3641327,age,18,number_without_unit
GSM3641328,age,18,number_without_unit
GSM3641329,age,18,number_without_unit
GSM3641330,age,18,number_without_unit
GSM3641331,age,18,number_without_unit
GSM3641332,age,18,number_without_unit
GSM3641333,age,18,number_without_unit
GSM3641334,age,18,number_without_unit
GSM3641335,age,18,number_without_unit
GSM3641336,age,18,number_without_unit
GSM3641337,age,18,number_without_unit
GSM3641338,age,18,number_without_unit
GSM3641339,age,18,number_without_unit
GSM3641340,age,18,number_without_unit
GSM3641341,age,18,number_without_unit
GSM3641342,age,18,number_without_unit
GSM3641343,age,18,number_without_unit
GSM3641344,age,18,number_without_unit
GSM3641345,age,18,number_without_unit
GSM3641346,age,18,number_without_unit
GSM3641347,age,18,number_without_unit
GSM3641348,age,18,number_without_unit
GSM3641349,age,18,number_without_unit
GSM3641350,age,18,number_without_unit
GSM3641351,age,18,number_without_unit
GSM3641352,age,18,number_without_unit
GSM3641353,age,18,number_without_unit
GSM3641354,age,18,number_without_unit
GSM3641355,age,18,number_without_unit
GSM3641356,age,18,number_without_unit
GSM3641357,age,18,number_without_unit
GSM3641358,age,18,number_without_unit
GSM3641359,age,18,number_without_unit
GSM3641360,age,18,number_without_unit
GSM3641361,age,18,number_without_unit
GSM3641362,age,18,number_without_unit
GSM3641363,age,18,number_without_unit
GSM3641364,age,18,number_without_unit
GSM3641365,age,18,number_without_unit
GSM3641366,age,18,number_without_unit
GSM3641367,age,18,number_without_unit
GSM3641368,age,18,number_without_unit
GSM3641369,age,18,number_without_unit
GSM3641370,age,18,number_without_unit
GSM3641371,age,18,number_without_unit
GSM3641372,age,18,number_without_unit
GSM3641373,age,18,number_without_unit
GSM3641374,age,18,number_without_unit
GSM3641375,age,18,number_without_unit
GSM3641376,age,18,number_without_unit
GSM3641377,age,18,number_without_unit
GSM3641378,age,18,number_without_unit
GSM3641379,age,18,number_without_unit
GSM3641380,age,18,number_without_unit
GSM3641381,age,18,number_without_unit
GSM3641382,age,18,number_without_unit
GSM3641383,age,18,number_without_unit
GSM3641384,age,18,number_without_unit
GSM3641385,age,18,number_without_unit
GSM3641386,age,18,number_without_unit
GSM3641387,age,18,number_without_unit
GSM3641388,age,18,number_without_unit
GSM3641389,age,18,number_without_unit
GSM3641390,age,18,number_without_unit
GSM3641391,age,18,number_without_unit
GSM3641392,age,18,number_without_unit
GSM3641393,age,18,number_without_unit
GSM3641394,age,18,number_without_unit
GSM3641395,age,18,number_without_unit
GSM3641396,age,18,number_without_unit
GSM3641397,age,18,number_without_unit
GSM3641398,age,18,number_without_unit
GSM3641399,age,18,number_without_unit
GSM3641400,age,18,number_without_unit
GSM3641401,age,18,number_without_unit
GSM3641402,age,18,number_without_unit
GSM3641403,age,18,number_without_unit
GSM3641404,age,18,number_without_unit
GSM3641405,age,18,number_without_unit
GSM3641406,age,18,number_without_unit
GSM3641407,age,18,number_without_unit
GSM3641408,age,18,number_without_unit
GSM3641409,age,18,number_without_unit
GSM3641410,age,18,number_without_unit
GSM3641411,age,18,number_without_unit
GSM3641412,age,18,number_without_unit
GSM3641413,age,18,number_without_unit
GSM3641414,age,18,number_without_unit
GSM3641415,age,18,number_without_unit
GSM3641416,age,18,number_without_unit
GSM3641417,age,18,number_without_unit
GSM3641418,age,18,number_without_unit
GSM3641419,age,18,number_without_unit
GSM3641420,age,18,number_without_unit
GSM3641421,age,18,number_without_unit
GSM3641422,age,18,number_without_unit
GSM3641423,age,18,number_without_unit
GSM3641424,age,18,number_without_unit
GSM3641425,age,18,number_without_unit
GSM3641426,age,18,number_without_unit
GSM3641427,age,18,number_without_unit
GSM3641428,age,18,number_without_unit
GSM3641429,age,18,number_without_unit
GSM3641430,age,18,number_without_unit
GSM3641431,age,18,number_without_unit
GSM3641432,age,18,number_without_unit
GSM3641433,age,18,number_without_unit
GSM3641434,age,18,number_without_unit
GSM3641435,age,18,number_without_unit
GSM3641436,age,18,number_without_unit
GSM3641437,age,18,number_without_unit
GSM3641438,age,18,number_without_unit
GSM3641439,age,18,number_without_unit
GSM3641440,age,18,number_without_unit
GSM3641441,age,18,number_without_unit
GSM3641442,age,18,number_without_unit
GSM3641443,age,18,number_without_unit
GSM3641444,age,18,number_without_unit
GSM3641445,age,18,number_without_unit
GSM3641446,age,18,number_without_unit
GSM3641447,age,18,number_without_unit
GSM3641448,age,18,number_without_unit
GSM3641449,age,18,number_without_unit
GSM3641450,age,18,number_without_unit
GSM3641451,age,18,number_without_unit
GSM3641452,age,18,number_without_unit
GSM3641453,age,18,number_without_unit
GSM3641454,age,18,number_without_unit
GSM3641455,age,18,number_without_unit
GSM3641456,age,18,number_without_unit
GSM3641457,age,18,number_without_unit
GSM3641458,age,18,number_without_unit
GSM3641459,age,18,number_without_unit
GSM3641460,age,18,number_without_unit
GSM3641461,age,18,number_without_unit
GSM3641462,age,18,number_without_unit
GSM3641463,age,18,number_without_unit
GSM3641464,age,18,number_without_unit
GSM3641465,age,18,number_without_unit
GSM3641466,age,18,number_without_unit
GSM3641467,age,18,number_without_unit
GSM3641468,age,18,number_without_unit
GSM3641469,age,18,number_without_unit
GSM3641470,age,18,number_without_unit
GSM3641471,age,18,number_without_unit
GSM3641472,age,18,number_without_unit
GSM3641473,age,18,number_without_unit
GSM3641474,age,18,number_without_unit
GSM3641475,age,18,number_without_unit
GSM3641476,age,18,number_without_unit
GSM3641477,age,18,number_without_unit
GSM3641478,age,18,number_without_unit
GSM3641479,age,18,number_without_unit
GSM3641480,age,18,number_without_unit
GSM3641481,age,18,number_without_unit
GSM3641482,age,18,number_without_unit
GSM3641483,age,18,number_without_unit
GSM3641484,age,18,number_without_unit
GSM3641485,age,18,number_without_unit
GSM3641486,age,18,number_without_unit
GSM3641487,age,18,number_without_unit
GSM3641488,age,18,number_without_unit
GSM3641489,age,18,number_without_unit
GSM3641490,age,18,number_without_unit
GSM3641491,age,18,number_without_unit
GSM3641492,age,18,number_without_unit
GSM3641493,age,18,number_without_unit
GSM3641494,age,18,number_without_unit
GSM3641495,age,18,number_without_unit
GSM3641496,age,18,number_without_unit
GSM3641497,age,18,number_without_unit
GSM3641498,age,18,number_without_unit
GSM3641499,age,18,number_without_unit
GSM3641500,age,18,number_without_unit
GSM3641501,age,18,number_without_unit
GSM3641502,age,18,number_without_unit
GSM3641503,age,18,number_without_unit
GSM3641504,age,18,number_without_unit
GSM3641505,age,18,number_without_unit
GSM3641506,age,18,number_without_unit
GSM3641507,age,18,number_without_unit
GSM3641508,age,18,number_without_unit
GSM3641509,age,18,number_without_unit
GSM3641510,age,18,number_without_unit
GSM3641511,age,18,number_without_unit
GSM3641512,age,18,number_without_unit
GSM3641513,age,18,number_without_unit
GSM3641514,age,18,number_without_unit
GSM3641515,age,18,number_without_unit
GSM3641516,age,18,number_without_unit
GSM3641517,age,18,number_without_unit
GSM3641518,age,18,number_without_unit
GSM3641519,age,18,number_without_unit
GSM3641520,age,18,number_without_unit
GSM3641521,age,18,number_without_unit
GSM3641522,age,18,number_without_unit
GSM3641523,age,18,number_without_unit
GSM3641524,age,18,number_without_unit
GSM3641525,age,18,number_without_unit
GSM3641526,age,18,number_without_unit
GSM3641527,age,18,number_without_unit
GSM3641528,age,18,number_without_unit
GSM3641529,age,18,number_without_unit
GSM3641530,age,18,number_without_unit
GSM3641531,age,18,number_without_unit
GSM3641532,age,18,number_without_unit
GSM3641533,age,18,number_without_unit
GSM3641534,age,18,number_without_unit
GSM3641535,age,18,number_without_unit
GSM3641536,age,18,number_without_unit
GSM3641537,age,18,number_without_unit
GSM3641538,age,18,number_without_unit
GSM3641539,age,18,number_without_unit
GSM3641540,age,18,number_without_unit
GSM3641541,age,18,number_without_unit
GSM3641542,age,18,number_without_unit
GSM3641543,age,18,number_without_unit
GSM3641544,age,18,number_without_unit
GSM3641545,age,18,number_without_unit
GSM3641546,age,18,number_without_unit
GSM3641547,age,18,number_without_unit
GSM3641548,age,18,number_without_unit
GSM3641549,age,18,number_without_unit
GSM3641550,age,18,number_without_unit
GSM3641551,age,18,number_without_unit
GSM3641552,age,18,number_without_unit
GSM3641553,age,18,number_without_unit
GSM3641554,age,18,number_without_unit
GSM3641555,age,18,number_without_unit
GSM3641556,age,18,number_without_unit
GSM3641557,age,18,number_without_unit
GSM3641558,age,18,number_without_unit
GSM3641559,age,18,number_without_unit
GSM3641560,age,18,number_without_unit
GSM3641561,age,18,number_without_unit
GSM3641562,age,18,number_without_unit
GSM3641563,age,18,number_without_unit
GSM3641564,age,18,number_without_unit
GSM3641565,age,18,number_without_unit
GSM3641566,age,18,number_without_unit
GSM3641567,age,18,number_without_unit
GSM3641568,age,18,number_without_unit
GSM3641569,age,18,number_without_unit
GSM3641570,age,18,number_without_unit
GSM3641571,age,18,number_without_unit
GSM3641572,age,18,number_without_unit
GSM3641573,age,18,number_without_unit
GSM3641574,age,18,number_without_unit
GSM3641575,age,18,number_without_unit
GSM3641576,age,18,number_without_unit
GSM3641577,age,18,number_without_unit
GSM3641578,age,18,number_without_unit
GSM3641579,age,18,number_without_unit
GSM3641580,age,18,number_without_unit
GSM3641581,age,18,number_without_unit
GSM3641582,age,18,number_without_unit
GSM3641583,age,18,number_without_unit
GSM3641584,age,18,number_without_unit
GSM3641585,age,18,number_without_unit
GSM3641586,age,18,number_without_unit
GSM3641587,age,18,number_without_unit
GSM3641588,age,18,number_without_unit
GSM3641589,age,18,number_without_unit
GSM3641590,age,18,number_without_unit
GSM3641591,age,18,number_without_unit
GSM3641592,age,18,number_without_unit
GSM3641593,age,18,number_without_unit
GSM3641594,age,18,number_without_unit
GSM3641595,age,18,number_without_unit
GSM3641596,age,18,number_without_unit
GSM3641597,age,18,number_without_unit
GSM3641598,age,18,number_without_unit
GSM3641599,age,18,number_without_unit
GSM3641600,age,18,number_without_unit
GSM3641601,age,18,number_without_unit
GSM3641602,age,18,number_without_unit
GSM3641603,age,18,number_without_unit
GSM3641604,age,18,number_without_unit
GSM3641605,age,18,number_without_unit
GSM3641606,age,18,number_without_unit
GSM3641607,age,18,number_without_unit
GSM3641608,age,18,number_without_unit
GSM3641609,age,18,number_without_unit
GSM3641610,age,18,number_without_unit
GSM3641611,age,18,number_without_unit
GSM3641612,age,18,number_without_unit
GSM3641613,age,18,number_without_unit
GSM3641614,age,18,number_without_unit
GSM3641615,age,18,number_without_unit
GSM3641616,age,18,number_without_unit
GSM3641617,age,18,number_without_unit
GSM3641618,age,18,number_without_unit
GSM3641619,age,18,number_without_unit
GSM3641620,age,18,number_without_unit
GSM3641621,age,18,number_without_unit
GSM3641622,age,18,number_without_unit
GSM3641623,age,18,number_without_unit
GSM3641624,age,18,number_without_unit
GSM3641625,age,18,number_without_unit
GSM3641626,age,18,number_without_unit
GSM3641627,age,18,number_without_unit
GSM3641628,age,18,number_without_unit
GSM3641629,age,18,number_without_unit
GSM3641630,age,18,number_without_unit
GSM3641631,age,18,number_without_unit
GSM3641632,age,18,number_without_unit
GSM3641633,age,18,number_without_unit
GSM3641634,age,18,number_without_unit
GSM3641635,age,18,number_without_unit
GSM3641636,age,18,number_without_unit
GSM3641637,age,18,number_without_unit
GSM3641638,age,18,number_without_unit
GSM3641639,age,18,number_without_unit
GSM3641640,age,18,number_without_unit
GSM3641641,age,18,number_without_unit
GSM3641642,age,18,number_without_unit
GSM3641643,age,18,number_without_unit
GSM3641644,age,18,number_without_unit
GSM3641645,age,18,number_without_unit
GSM3641646,age,18,number_without_unit
GSM3641647,age,18,number_without_unit
GSM3641648,age,18,number_without_unit
GSM3641649,age,18,number_without_unit
GSM3641650,age,18,number_without_unit
GSM3641651,age,18,number_without_unit
GSM3641652,age,18,number_without_unit
GSM3641653,age,18,number_without_unit
GSM3641654,age,18,number_without_unit
GSM3641655,age,18,number_without_unit
GSM3641656,age,18,number_without_unit
GSM3641657,age,18,number_without_unit
GSM3641658,age,18,number_without_unit
GSM3641659,age,18,number_without_unit
GSM3641660,age,18,number_without_unit
GSM3641661,age,18,number_without_unit
GSM3641662,age,18,number_without_unit
GSM3641663,age,18,number_without_unit
GSM3641664,age,18,number_without_unit
GSM3641665,age,18,number_without_unit
GSM3641666,age,18,number_without_unit
GSM3641667,age,18,number_without_unit
GSM3641668,age,18,number_without_unit
GSM3641669,age,18,number_without_unit
GSM3641670,age,18,number_without_unit
GSM3641671,age,18,number_without_unit
GSM3641672,age,18,number_without_unit
GSM3641673,age,18,number_without_unit
GSM3641674,age,18,number_without_unit
GSM3641675,age,18,number_without_unit
GSM3641676,age,18,number_without_unit
GSM3641677,age,18,number_without_unit
GSM3641678,age,18,number_without_unit
GSM3641679,age,18,number_without_unit
GSM3641680,age,18,number_without_unit
GSM3641681,age,18,number_without_unit
GSM3641682,age,18,number_without_unit
GSM3641683,age,18,number_without_unit
GSM3641684,age,18,number_without_unit
GSM3641685,age,18,number_without_unit
GSM3641686,age,18,number_without_unit
GSM3641687,age,18,number_without_unit
GSM3641688,age,18,number_without_unit
GSM3641689,age,18,number_without_unit
GSM3641690,age,18,number_without_unit
GSM3641691,age,18,number_without_unit
GSM3641692,age,18,number_without_unit
GSM3641693,age,18,number_without_unit
GSM3641694,age,18,number_without_unit
GSM3641695,age,18,number_without_unit
GSM3641696,age,18,number_without_unit
GSM3641697,age,18,number_without_unit
GSM3641698,age,18,number_without_unit
GSM3641699,age,18,number_without_unit
GSM3641700,age,18,number_without_unit
GSM3641701,age,18,number_without_unit
GSM3641702,age,18,number_without_unit
GSM3641703,age,18,number_without_unit
GSM3641704,age,18,number_without_unit
GSM3641705,age,18,number_without_unit
GSM3641706,age,18,number_without_unit
GSM3641707,age,18,number_without_unit
GSM3641708,age,18,number_without_unit
GSM3641709,age,18,number_without_unit
GSM3641710,age,18,number_without_unit
GSM3641711,age,18,number_without_unit
GSM3641712,age,18,number_without_unit
GSM3641713,age,18,number_without_unit
GSM3641714,age,18,number_without_unit
GSM3641715,age,18,number_without_unit
GSM3641716,age,18,number_without_unit
GSM3641717,age,18,number_without_unit
GSM3641718,age,18,number_without_unit
GSM3641719,age,18,number_without_unit
GSM3641720,age,18,number_without_unit
GSM3641721,age,18,number_without_unit
GSM3641722,age,18,number_without_unit
GSM3641723,age,18,number_without_unit
GSM3641724,age,18,number_without_unit
GSM3641725,age,18,number_without_unit
GSM3641726,age,18,number_without_unit
GSM3641727,age,18,number_without_unit
GSM3641728,age,18,number_without_unit
GSM3641729,age,18,number_without_unit
GSM3641730,age,18,number_without_unit
GSM3641731,age,18,number_without_unit
GSM3641732,age,18,number_without_unit
GSM3641733,age,18,number_without_unit
GSM3641734,age,18,number_without_unit
GSM3641735,age,18,number_without_unit
GSM3641736,age,18,number_without_unit
GSM3641737,age,18,number_without_unit
GSM3641738,age,18,number_without_unit
GSM3641739,age,18,number_without_unit
GSM3641740,age,18,number_without_unit
GSM3641741,age,18,number_without_unit
GSM3641742,age,18,number_without_unit
GSM3641743,age,18,number_without_unit
GSM3641744,age,18,number_without_unit
GSM3641745,age,18,number_without_unit
GSM3641746,age,18,number_without_unit
GSM3641747,age,18,number_without_unit
GSM3641748,age,18,number_without_unit
GSM3641749,age,18,number_without_unit
GSM3641750,age,18,number_without_unit
GSM3641751,age,18,number_without_unit
GSM3641752,age,18,number_without_unit
GSM3641753,age,18,number_without_unit
GSM3641754,age,18,number_without_unit
GSM3641755,age,18,number_without_unit
GSM3641756,age,18,number_without_unit
GSM3641757,age,18,number_without_unit
GSM3641758,age,18,number_without_unit
GSM3641759,age,18,number_without_unit
GSM3641760,age,18,number_without_unit
GSM3641761,age,18,number_without_unit
GSM3641762,age,18,number_without_unit
GSM3641763,age,18,number_without_unit
GSM3641764,age,18,number_without_unit
GSM3641765,age,18,number_without_unit
GSM3641766,age,18,number_without_unit
GSM3641767,age,18,number_without_unit
GSM3641768,age,18,number_without_unit
GSM3641769,age,18,number_without_unit
GSM3641770,age,18,number_without_unit
GSM3641771,age,18,number_without_unit
GSM3641772,age,18,number_without_unit
GSM3641773,age,18,number_without_unit
GSM3641774,age,18,number_without_unit
GSM3641775,age,18,number_without_unit
GSM3641776,age,18,number_without_unit
GSM3641777,age,18,number_without_unit
GSM3641778,age,18,number_without_unit
GSM3641779,age,18,number_without_unit
GSM3641780,age,18,number_without_unit
GSM3641781,age,18,number_without_unit
GSM3641782,age,18,number_without_unit
GSM3641783,age,18,number_without_unit
GSM3641784,age,18,number_without_unit
GSM3641785,age,18,number_without_unit
GSM3641786,age,18,number_without_unit
GSM3641787,age,18,number_without_unit
GSM3641788,age,18,number_without_unit
GSM3641789,age,18,number_without_unit
GSM3641790,age,18,number_without_unit
GSM3641791,age,18,number_without_unit
GSM3641792,age,18,number_without_unit
GSM3641793,age,18,number_without_unit
GSM3641794,age,18,number_without_unit
GSM3641795,age,18,number_without_unit
GSM3641796,age,18,number_without_unit
GSM3641797,age,18,number_without_unit
GSM3641798,age,18,number_without_unit
GSM3641799,age,18,number_without_unit
GSM3641800,age,18,number_without_unit
GSM3641801,age,18,number_without_unit
GSM3641802,age,18,number_without_unit
GSM3641803,age,18,number_without_unit
GSM3641804,age,18,number_without_unit
GSM3641805,age,18,number_without_unit
GSM3641806,age,18,number_without_unit
GSM3641807,age,18,number_without_unit
GSM3641808,age,18,number_without_unit
GSM3641809,age,18,number_without_unit
GSM3641810,age,18,number_without_unit
GSM3641811,age,18,number_without_unit
GSM3641812,age,18,number_without_unit
GSM3641813,age,18,number_without_unit
GSM3641814,age,18,number_without_unit
GSM3641815,age,18,number_without_unit
GSM3641816,age,18,number_without_unit
GSM3641817,age,18,number_without_unit
GSM3641818,age,18,number_without_unit
GSM3641819,age,18,number_without_unit
GSM3641820,age,18,number_without_unit
GSM3641821,age,18,number_without_unit
GSM3641822,age,18,number_without_unit
GSM3641823,age,18,number_without_unit
GSM3641824,age,18,number_without_unit
GSM3641825,age,18,number_without_unit
GSM3641826,age,18,number_without_unit
GSM3641827,age,18,number_without_unit
GSM3641828,age,18,number_without_unit
GSM3641829,age,18,number_without_unit
GSM3641830,age,18,number_without_unit
GSM3641831,age,18,number_without_unit
GSM3641832,age,18,number_without_unit
GSM3641833,age,18,number_without_unit
GSM3641834,age,18,number_without_unit
GSM3641835,age,18,number_without_unit
GSM3641836,age,18,number_without_unit
GSM3641837,age,18,number_without_unit
GSM3641838,age,18,number_without_unit
GSM3641839,age,18,number_without_unit
GSM3641840,age,18,number_without_unit
GSM3641841,age,18,number_without_unit
GSM3641842,age,18,number_without_unit
GSM3641843,age,18,number_without_unit
GSM3641844,age,18,number_without_unit
GSM3641845,age,18,number_without_unit
GSM3641846,age,18,number_without_unit
GSM3641847,age,18,number_without_unit
GSM3641848,age,18,number_without_unit
GSM3641849,age,18,number_without_unit
GSM3641850,age,18,number_without_unit
GSM3641851,age,18,number_without_unit
GSM3641852,age,18,number_without_unit
GSM3641853,age,18,number_without_unit
GSM3641854,age,18,number_without_unit
GSM3641855,age,18,number_without_unit
GSM3641856,age,18,number_without_unit
GSM3641857,age,18,number_without_unit
GSM3641858,age,18,number_without_unit
GSM3641859,age,18,number_without_unit
GSM3641860,age,18,number_without_unit
GSM3641861,age,18,number_without_unit
GSM3641862,age,18,number_without_unit
GSM3641863,age,18,number_without_unit
GSM3641864,age,18,number_without_unit
GSM3641865,age,18,number_without_unit
GSM3641866,age,18,number_without_unit
GSM3641867,age,18,number_without_unit
GSM3641868,age,18,number_without_unit
GSM3641869,age,18,number_without_unit
GSM3641870,age,18,number_without_unit
GSM3641871,age,18,number_without_unit
GSM3641872,age,18,number_without_unit
GSM3641873,age,18,number_without_unit
GSM3641874,age,18,number_without_unit
GSM3641875,age,18,number_without_unit
GSM3641876,age,18,number_without_unit
GSM3641877,age,18,number_without_unit
GSM3641878,age,18,number_without_unit
GSM3641879,age,18,number_without_unit
GSM3641880,age,18,number_without_unit
GSM3641881,age,18,number_without_unit
GSM3641882,age,18,number_without_unit
GSM3641883,age,18,number_without_unit
GSM3641884,age,18,number_without_unit
GSM3641885,age,18,number_without_unit
GSM3641886,age,18,number_without_unit
GSM3641887,age,18,number_without_unit
GSM3641888,age,18,number_without_unit
GSM3641889,age,18,number_without_unit
GSM3641890,age,18,number_without_unit
GSM3641891,age,18,number_without_unit
GSM3641892,age,18,number_without_unit
GSM3641893,age,18,number_without_unit
GSM3641894,age,18,number_without_unit
GSM3641895,age,18,number_without_unit
GSM3641896,age,18,number_without_unit
GSM3641897,age,18,number_without_unit
GSM3641898,age,18,number_without_unit
GSM3641899,age,18,number_without_unit
GSM3641900,age,18,number_without_unit
GSM3641901,age,18,number_without_unit
GSM3641902,age,18,number_without_unit
GSM3641903,age,18,number_without_unit
GSM3641904,age,18,number_without_unit
GSM3641905,age,18,number_without_unit
GSM3641906,age,18,number_without_unit
GSM3641907,age,18,number_without_unit
GSM3641908,age,18,number_without_unit
GSM3641909,age,18,number_without_unit
GSM3641910,age,18,number_without_unit
GSM3641911,age,18,number_without_unit
GSM3641912,age,18,number_without_unit
GSM3641913,age,18,number_without_unit
GSM3641914,age,18,number_without_unit
GSM3641915,age,18,number_without_unit
GSM3641916,age,18,number_without_unit
GSM3641917,age,18,number_without_unit
GSM3641918,age,18,number_without_unit
GSM3641919,age,18,number_without_unit
GSM3641920,age,18,number_without_unit
GSM3641921,age,18,number_without_unit
GSM3641922,age,18,number_without_unit
GSM3641923,age,18,number_without_unit
GSM3641924,age,18,number_without_unit
GSM3641925,age,18,number_without_unit
GSM3641926,age,18,number_without_unit
GSM3641927,age,18,number_without_unit
GSM3641928,age,18,number_without_unit
GSM3641929,age,18,number_without_unit
GSM3641930,age,18,number_without_unit
GSM3641931,age,18,number_without_unit
GSM3641932,age,18,number_without_unit
GSM3641933,age,18,number_without_unit
GSM3641934,age,18,number_without_unit
GSM3641935,age,18,number_without_unit
GSM3641936,age,18,number_without_unit
GSM3641937,age,18,number_without_unit
GSM3641938,age,18,number_without_unit
GSM3641939,age,18,number_without_unit
GSM3641940,age,18,number_without_unit
GSM3641941,age,18,number_without_unit
GSM3641942,age,18,number_without_unit
GSM3641943,age,18,number_without_unit
GSM3641944,age,18,number_without_unit
GSM3641945,age,18,number_without_unit
GSM3641946,age,18,number_without_unit
GSM3641947,age,18,number_without_unit
GSM3641948,age,18,number_without_unit
GSM3641949,age,18,number_without_unit
GSM3641950,age,18,number_without_unit
GSM3641951,age,18,number_without_unit
GSM3641952,age,18,number_without_unit
GSM3641953,age,18,number_without_unit
GSM3641954,age,18,number_without_unit
GSM3641955,age,18,number_without_unit
GSM3641956,age,18,number_without_unit
GSM3641957,age,18,number_without_unit
GSM3641958,age,18,number_without_unit
GSM3641959,age,18,number_without_unit
GSM3641960,age,18,number_without_unit
GSM3641961,age,18,number_without_unit
GSM3641962,age,18,number_without_unit
GSM3641963,age,18,number_without_unit
GSM3641964,age,18,number_without_unit
GSM3641965,age,18,number_without_unit
GSM3641966,age,18,number_without_unit
GSM3641967,age,18,number_without_unit
GSM3641968,age,18,number_without_unit
GSM3641969,age,18,number_without_unit
GSM3641970,age,18,number_without_unit
GSM3641971,age,18,number_without_unit
GSM3641972,age,18,number_without_unit
GSM3641973,age,18,number_without_unit
GSM3641974,age,18,number_without_unit
GSM3641975,age,18,number_without_unit
GSM3641976,age,18,number_without_unit
GSM3641977,age,18,number_without_unit
GSM3641978,age,18,number_without_unit
GSM3641979,age,18,number_without_unit
GSM3641980,age,18,number_without_unit
GSM3641981,age,18,number_without_unit
GSM3641982,age,18,number_without_unit
GSM3641983,age,18,number_without_unit
GSM3641984,age,18,number_without_unit
GSM3641985,age,18,number_without_unit
GSM3641986,age,18,number_without_unit
GSM3641987,age,18,number_without_unit
GSM3641988,age,18,number_without_unit
GSM3641989,age,18,number_without_unit
GSM3641990,age,18,number_without_unit
GSM3641991,age,18,number_without_unit
GSM3641992,age,18,number_without_unit
GSM3641993,age,18,number_without_unit
GSM3641994,age,18,number_without_unit
GSM3641995,age,18,number_without_unit
GSM3641996,age,18,number_without_unit
GSM3641997,age,18,number_without_unit
GSM3641998,age,18,number_without_unit
GSM3641999,age,18,number_without_unit
GSM3642000,age,18,number_without_unit
GSM3642001,age,18,number_without_unit
GSM3642002,age,18,number_without_unit
GSM3642003,age,18,number_without_unit
GSM3642004,age,18,number_without_unit
GSM3642005,age,18,number_without_unit
GSM3642006,age,18,number_without_unit
GSM3642007,age,18,number_without_unit
GSM3642008,age,18,number_without_unit
GSM3642009,age,18,number_without_unit
GSM3642010,age,18,number_without_unit
GSM3642011,age,18,number_without_unit
GSM3642012,age,18,number_without_unit
GSM3642013,age,18,number_without_unit
GSM3642014,age,18,number_without_unit
GSM3642015,age,18,number_without_unit
GSM3642016,age,18,number_without_unit
GSM3642017,age,18,number_without_unit
GSM3642018,age,18,number_without_unit
GSM3642019,age,18,number_without_unit
GSM3642020,age,18,number_without_unit
GSM3642021,age,18,number_without_unit
GSM3642022,age,18,number_without_unit
GSM3642023,age,18,number_without_unit
GSM3642024,age,18,number_without_unit
GSM3642025,age,18,number_without_unit
GSM3642026,age,18,number_without_unit
GSM3642027,age,18,number_without_unit
GSM3642028,age,18,number_without_unit
GSM3642029,age,18,number_without_unit
GSM3642030,age,18,number_without_unit
GSM3642031,age,18,number_without_unit
GSM3642032,age,18,number_without_unit
GSM3642033,age,18,number_without_unit
GSM3642034,age,18,number_without_unit
GSM3642035,age,18,number_without_unit
GSM3642036,age,18,number_without_unit
GSM3642037,age,18,number_without_unit
GSM3642038,age,18,number_without_unit
GSM3642039,age,18,number_without_unit
GSM3642040,age,18,number_without_unit
GSM3642041,age,18,number_without_unit
GSM3642042,age,18,number_without_unit
GSM3642043,age,18,number_without_unit
GSM3642044,age,18,number_without_unit
GSM3642045,age,18,number_without_unit
GSM3642046,age,18,number_without_unit
GSM3642047,age,18,number_without_unit
GSM3642048,age,18,number_without_unit
GSM3642049,age,18,number_without_unit
GSM3642050,age,18,number_without_unit
GSM3642051,age,18,number_without_unit
GSM3642052,age,18,number_without_unit
GSM3642053,age,18,number_without_unit
GSM3642054,age,18,number_without_unit
GSM3642055,age,18,number_without_unit
GSM3642056,age,18,number_without_unit
GSM3642057,age,18,number_without_unit
GSM3642058,age,18,number_without_unit
GSM3642059,age,18,number_without_unit
GSM3642060,age,18,number_without_unit
GSM3642061,age,18,number_without_unit
GSM3642062,age,18,number_without_unit
GSM3642063,age,18,number_without_unit
GSM3642064,age,18,number_without_unit
GSM3642065,age,18,number_without_unit
GSM3642066,age,18,number_without_unit
GSM3642067,age,18,number_without_unit
GSM3642068,age,18,number_without_unit
GSM3642069,age,18,number_without_unit
GSM3642070,age,18,number_without_unit
GSM3642071,age,18,number_without_unit
GSM3642072,age,18,number_without_unit
GSM3642073,age,18,number_without_unit
GSM3642074,age,18,number_without_unit
GSM3642075,age,18,number_without_unit
GSM3642076,age,18,number_without_unit
GSM3642077,age,18,number_without_unit
GSM3642078,age,18,number_without_unit
GSM3642079,age,18,number_without_unit
GSM3642080,age,18,number_without_unit
GSM3642081,age,18,number_without_unit
GSM3642082,age,18,number_without_unit
GSM3642083,age,18,number_without_unit
GSM3642084,age,18,number_without_unit
GSM3642085,age,18,number_without_unit
GSM3642086,age,18,number_without_unit
GSM3642087,age,18,number_without_unit
GSM3642088,age,18,number_without_unit
GSM3642089,age,18,number_without_unit
GSM3642090,age,18,number_without_unit
GSM3642091,age,18,number_without_unit
GSM3642092,age,18,number_without_unit
GSM3642093,age,18,number_without_unit
GSM3642094,age,18,number_without_unit
GSM3642095,age,18,number_without_unit
GSM3642096,age,18,number_without_unit
GSM3642097,age,18,number_without_unit
GSM3642098,age,18,number_without_unit
GSM3642099,age,18,number_without_unit
GSM3642100,age,18,number_without_unit
GSM3642101,age,18,number_without_unit
GSM3642102,age,18,number_without_unit
GSM3642103,age,18,number_without_unit
GSM3642104,age,18,number_without_unit
GSM3642105,age,18,number_without_unit
GSM3642106,age,18,number_without_unit
GSM3642107,age,18,number_without_unit
GSM3642108,age,18,number_without_unit
GSM3642109,age,18,number_without_unit
GSM3642110,age,18,number_without_unit
GSM3642111,age,18,number_without_unit
GSM3642112,age,18,number_without_unit
GSM3642113,age,18,number_without_unit
GSM3642114,age,18,number_without_unit
GSM3642115,age,18,number_without_unit
GSM3642116,age,18,number_without_unit
GSM3642117,age,18,number_without_unit
GSM3642118,age,18,number_without_unit
GSM3642119,age,18,number_without_unit
GSM3642120,age,18,number_without_unit
GSM3642121,age,18,number_without_unit
GSM3642122,age,18,number_without_unit
GSM3642123,age,18,number_without_unit
GSM3642124,age,18,number_without_unit
GSM3642125,age,18,number_without_unit
GSM3642126,age,18,number_without_unit
GSM3642127,age,18,number_without_unit
GSM3642128,age,18,number_without_unit
GSM3642129,age,18,number_without_unit
GSM3642130,age,18,number_without_unit
GSM3642131,age,18,number_without_unit
GSM3642132,age,18,number_without_unit
GSM3642133,age,18,number_without_unit
GSM3642134,age,18,number_without_unit
GSM3642135,age,18,number_without_unit
GSM3642136,age,18,number_without_unit
GSM3642137,age,18,number_without_unit
GSM3642138,age,18,number_without_unit
GSM3642139,age,18,number_without_unit
GSM3642140,age,18,number_without_unit
GSM3642141,age,18,number_without_unit
GSM3642142,age,18,number_without_unit
GSM3642143,age,18,number_without_unit
GSM3642144,age,18,number_without_unit
GSM3642145,age,18,number_without_unit
GSM3642146,age,18,number_without_unit
GSM3642147,age,18,number_without_unit
GSM3642148,age,18,number_without_unit
GSM3642149,age,18,number_without_unit
GSM3642150,age,18,number_without_unit
GSM3642151,age,18,number_without_unit
GSM3642152,age,18,number_without_unit
GSM3642153,age,18,number_without_unit
GSM3642154,age,18,number_without_unit
GSM3642155,age,18,number_without_unit
GSM3642156,age,18,number_without_unit
GSM3642157,age,18,number_without_unit
GSM3642158,age,18,number_without_unit
GSM3642159,age,18,number_without_unit
GSM3642160,age,18,number_without_unit
GSM3642161,age,18,number_without_unit
GSM3642162,age,18,number_without_unit
GSM3642163,age,18,number_without_unit
GSM3642164,age,18,number_without_unit
GSM3642165,age,18,number_without_unit
GSM3642166,age,18,number_without_unit
GSM3642167,age,18,number_without_unit
GSM3642168,age,18,number_without_unit
GSM3642169,age,18,number_without_unit
GSM3642170,age,18,number_without_unit
GSM3642171,age,18,number_without_unit
GSM3642172,age,18,number_without_unit
GSM3642173,age,18,number_without_unit
GSM3642174,age,18,number_without_unit
GSM3642175,age,18,number_without_unit
GSM3642176,age,18,number_without_unit
GSM3642177,age,18,number_without_unit
GSM3642178,age,18,number_without_unit
GSM3642179,age,18,number_without_unit
GSM3642180,age,18,number_without_unit
GSM3642181,age,18,number_without_unit
GSM3642182,age,18,number_without_unit
GSM3642183,age,18,number_without_unit
GSM3642184,age,18,number_without_unit
GSM3642185,age,18,number_without_unit
GSM3642186,age,18,number_without_unit
GSM3642187,age,18,number_without_unit
GSM3642188,age,18,number_without_unit
GSM3642189,age,18,number_without_unit
GSM3642190,age,18,number_without_unit
GSM3642191,age,18,number_without_unit
GSM3642192,age,18,number_without_unit
GSM3642193,age,18,number_without_unit
GSM3642194,age,18,number_without_unit
GSM3642195,age,18,number_without_unit
GSM3642196,age,18,number_without_unit
GSM3642197,age,18,number_without_unit
GSM3642198,age,18,number_without_unit
GSM3642199,age,18,number_without_unit
GSM3642200,age,18,number_without_unit
GSM3642201,age,18,number_without_unit
GSM3642202,age,18,number_without_unit
GSM3642203,age,18,number_without_unit
GSM3642204,age,18,number_without_unit
GSM3642205,age,18,number_without_unit
GSM3642206,age,18,number_without_unit
GSM3642207,age,18,number_without_unit
GSM3642208,age,18,number_without_unit
GSM3642209,age,18,number_without_unit
GSM3642210,age,18,number_without_unit
GSM3642211,age,18,number_without_unit
GSM3642212,age,18,number_without_unit
GSM3642213,age,18,number_without_unit
GSM3642214,age,18,number_without_unit
GSM3642215,age,18,number_without_unit
GSM3642988,age,18,number_without_unit
GSM3642989,age,18,number_without_unit
GSM3642990,age,18,number_without_unit
GSM3642991,age,18,number_without_unit
GSM3642992,age,18,number_without_unit
GSM3642993,age,18,number_without_unit
GSM3642994,age,18,number_without_unit
GSM3642995,age,18,number_without_unit
GSM3642996,age,18,number_without_unit
GSM3642997,age,18,number_without_unit
GSM3642998,age,18,number_without_unit
GSM3642999,age,18,number_without_unit
GSM3643000,age,18,number_without_unit
GSM3643001,age,18,number_without_unit
GSM3643002,age,18,number_without_unit
GSM3643003,age,18,number_without_unit
GSM3643004,age,18,number_without_unit
GSM3643005,age,18,number_without_unit
GSM3643006,age,18,number_without_unit
GSM3643007,age,18,number_without_unit
GSM3643008,age,18,number_without_unit
GSM3643009,age,18,number_without_unit
GSM3643010,age,18,number_without_unit
GSM3643011,age,18,number_without_unit
GSM3643012,age,18,number_without_unit
GSM3643013,age,18,number_without_unit
GSM3643014,age,18,number_without_unit
GSM3643015,age,18,number_without_unit
GSM3643016,age,18,number_without_unit
GSM3643017,age,18,number_without_unit
GSM3643018,age,18,number_without_unit
GSM3643019,age,18,number_without_unit
GSM3643020,age,18,number_without_unit
GSM3643021,age,18,number_without_unit
GSM3643022,age,18,number_without_unit
GSM3643023,age,18,number_without_unit
GSM3643024,age,18,number_without_unit
GSM3643025,age,18,number_without_unit
GSM3643026,age,18,number_without_unit
GSM3643027,age,18,number_without_unit
GSM3643028,age,18,number_without_unit
GSM3643029,age,18,number_without_unit
GSM3643030,age,18,number_without_unit
GSM3643031,age,18,number_without_unit
GSM3643032,age,18,number_without_unit
GSM3643033,age,18,number_without_unit
GSM3643034,age,18,number_without_unit
GSM3643035,age,18,number_without_unit
GSM3643036,age,18,number_without_unit
GSM3643037,age,18,number_without_unit
GSM3643038,age,18,number_without_unit
GSM3643039,age,18,number_without_unit
GSM3643040,age,18,number_without_unit
GSM3643041,age,18,number_without_unit
GSM3643042,age,18,number_without_unit
GSM3643043,age,18,number_without_unit
GSM3643044,age,18,number_without_unit
GSM3643045,age,18,number_without_unit
GSM3643046,age,18,number_without_unit
GSM3643047,age,18,number_without_unit
GSM3643048,age,18,number_without_unit
GSM3643049,age,18,number_without_unit
GSM3643050,age,18,number_without_unit
GSM3643051,age,18,number_without_unit
GSM3643052,age,18,number_without_unit
GSM3643053,age,18,number_without_unit
GSM3643054,age,18,number_without_unit
GSM3643055,age,18,number_without_unit
GSM3643056,age,18,number_without_unit
GSM3643057,age,18,number_without_unit
GSM3643058,age,18,number_without_unit
GSM3643059,age,18,number_without_unit
GSM3643060,age,18,number_without_unit
GSM3643061,age,18,number_without_unit
GSM3643062,age,18,number_without_unit
GSM3643063,age,18,number_without_unit
GSM3643064,age,18,number_without_unit
GSM3643065,age,18,number_without_unit
GSM3643066,age,18,number_without_unit
GSM3643067,age,18,number_without_unit
GSM3643068,age,18,number_without_unit
GSM3643069,age,18,number_without_unit
GSM3643070,age,18,number_without_unit
GSM3643071,age,18,number_without_unit
GSM3643072,age,18,number_without_unit
GSM3643073,age,18,number_without_unit
GSM3643074,age,18,number_without_unit
GSM3643075,age,18,number_without_unit
GSM3643076,age,18,number_without_unit
GSM3643077,age,18,number_without_unit
GSM3643078,age,18,number_without_unit
GSM3643079,age,18,number_without_unit
GSM3643080,age,18,number_without_unit
GSM3643081,age,18,number_without_unit
GSM3643082,age,18,number_without_unit
GSM3643083,age,18,number_without_unit
GSM3643084,age,18,number_without_unit
GSM3643085,age,18,number_without_unit
GSM3643086,age,18,number_without_unit
GSM3643087,age,18,number_without_unit
GSM3643088,age,18,number_without_unit
GSM3643089,age,18,number_without_unit
GSM3643090,age,18,number_without_unit
GSM3643091,age,18,number_without_unit
GSM3643092,age,18,number_without_unit
GSM3643093,age,18,number_without_unit
GSM3643094,age,18,number_without_unit
GSM3643095,age,18,number_without_unit
GSM3643096,age,18,number_without_unit
GSM3643097,age,18,number_without_unit
GSM3643098,age,18,number_without_unit
GSM3643099,age,18,number_without_unit
GSM3643100,age,18,number_without_unit
GSM3643101,age,18,number_without_unit
GSM3643102,age,18,number_without_unit
GSM3643103,age,18,number_without_unit
GSM3643104,age,18,number_without_unit
GSM3643105,age,18,number_without_unit
GSM3643106,age,18,number_without_unit
GSM3643107,age,18,number_without_unit
GSM3643108,age,18,number_without_unit
GSM3643109,age,18,number_without_unit
GSM3643110,age,18,number_without_unit
GSM3643111,age,18,number_without_unit
GSM3643112,age,18,number_without_unit
GSM3643113,age,18,number_without_unit
GSM3643114,age,18,number_without_unit
GSM3643115,age,18,number_without_unit
GSM3643116,age,18,number_without_unit
GSM3643117,age,18,number_without_unit
GSM3643118,age,18,number_without_unit
GSM3643119,age,18,number_without_unit
GSM3643120,age,18,number_without_unit
GSM3643121,age,18,number_without_unit
GSM3643122,age,18,number_without_unit
GSM3643123,age,18,number_without_unit
GSM3643124,age,18,number_without_unit
GSM3643125,age,18,number_without_unit
GSM3643126,age,18,number_without_unit
GSM3643127,age,18,number_without_unit
GSM3643128,age,18,number_without_unit
GSM3643129,age,18,number_without_unit
GSM3643130,age,18,number_without_unit
GSM3643131,age,18,number_without_unit
GSM3643132,age,18,number_without_unit
GSM3643133,age,18,number_without_unit
GSM3643134,age,18,number_without_unit
GSM3643135,age,18,number_without_unit
GSM3643136,age,18,number_without_unit
GSM3643137,age,18,number_without_unit
GSM3643138,age,18,number_without_unit
GSM3643139,age,18,number_without_unit
GSM3643140,age,18,number_without_unit
GSM3643141,age,18,number_without_unit
GSM3643142,age,18,number_without_unit
GSM3643143,age,18,number_without_unit
GSM3643144,age,18,number_without_unit
GSM3643145,age,18,number_without_unit
GSM3643146,age,18,number_without_unit
GSM3643147,age,18,number_without_unit
GSM3643148,age,18,number_without_unit
GSM3643149,age,18,number_without_unit
GSM3643150,age,18,number_without_unit
GSM3643151,age,18,number_without_unit
GSM3643152,age,18,number_without_unit
GSM3643153,age,18,number_without_unit
GSM3643154,age,18,number_without_unit
GSM3643155,age,18,number_without_unit
GSM3643156,age,18,number_without_unit
GSM3643157,age,18,number_without_unit
GSM3643158,age,18,number_without_unit
GSM3643159,age,18,number_without_unit
GSM3643160,age,18,number_without_unit
GSM3643161,age,18,number_without_unit
GSM3643162,age,18,number_without_unit
GSM3643163,age,18,number_without_unit
GSM3643164,age,18,number_without_unit
GSM3643165,age,18,number_without_unit
GSM3643166,age,18,number_without_unit
GSM3643167,age,18,number_without_unit
GSM3643168,age,18,number_without_unit
GSM3643169,age,18,number_without_unit
GSM3643170,age,18,number_without_unit
GSM3643171,age,18,number_without_unit
GSM3643172,age,18,number_without_unit
GSM3643173,age,18,number_without_unit
GSM3643174,age,18,number_without_unit
GSM3643175,age,18,number_without_unit
GSM3643176,age,18,number_without_unit
GSM3643177,age,18,number_without_unit
GSM3643178,age,18,number_without_unit
GSM3643179,age,18,number_without_unit
GSM3643180,age,18,number_without_unit
GSM3643181,age,18,number_without_unit
GSM3643182,age,18,number_without_unit
GSM3643183,age,18,number_without_unit
GSM3643184,age,18,number_without_unit
GSM3643185,age,18,number_without_unit
GSM3643186,age,18,number_without_unit
GSM3643187,age,18,number_without_unit
GSM3643188,age,18,number_without_unit
GSM3643189,age,18,number_without_unit
GSM3643190,age,18,number_without_unit
GSM3643191,age,18,number_without_unit
GSM3643192,age,18,number_without_unit
GSM3643193,age,18,number_without_unit
GSM3643194,age,18,number_without_unit
GSM3643195,age,18,number_without_unit
GSM3643196,age,18,number_without_unit
GSM3643197,age,18,number_without_unit
GSM3643198,age,18,number_without_unit
GSM3643199,age,18,number_without_unit
GSM3643200,age,18,number_without_unit
GSM3643201,age,18,number_without_unit
GSM3643202,age,18,number_without_unit
GSM3643203,age,18,number_without_unit
GSM3643204,age,18,number_without_unit
GSM3643205,age,18,number_without_unit
GSM3643206,age,18,number_without_unit
GSM3643207,age,18,number_without_unit
GSM3643208,age,18,number_without_unit
GSM3643209,age,18,number_without_unit
GSM3643210,age,18,number_without_unit
GSM3643211,age,18,number_without_unit
GSM3643212,age,18,number_without_unit
GSM3643213,age,18,number_without_unit
GSM3643214,age,18,number_without_unit
GSM3643215,age,18,number_without_unit
GSM3643216,age,18,number_without_unit
GSM3643217,age,18,number_without_unit
GSM3643218,age,18,number_without_unit
GSM3643219,age,18,number_without_unit
GSM3643220,age,18,number_without_unit
GSM3643221,age,18,number_without_unit
GSM3643222,age,18,number_without_unit
GSM3643223,age,18,number_without_unit
GSM3643224,age,18,number_without_unit
GSM3643225,age,18,number_without_unit
GSM3643226,age,18,number_without_unit
GSM3643227,age,18,number_without_unit
GSM3643228,age,18,number_without_unit
GSM3643229,age,18,number_without_unit
GSM3643230,age,18,number_without_unit
GSM3643231,age,18,number_without_unit
GSM3643232,age,18,number_without_unit
GSM3643233,age,18,number_without_unit
GSM3643234,age,18,number_without_unit
GSM3643235,age,18,number_without_unit
GSM3643236,age,18,number_without_unit
GSM3643237,age,18,number_without_unit
GSM3643238,age,18,number_without_unit
GSM3643239,age,18,number_without_unit
GSM3643240,age,18,number_without_unit
GSM3643241,age,18,number_without_unit
GSM3643242,age,18,number_without_unit
GSM3643243,age,18,number_without_unit
GSM3643244,age,18,number_without_unit
GSM3643245,age,18,number_without_unit
GSM3643246,age,18,number_without_unit
GSM3643247,age,18,number_without_unit
GSM3643248,age,18,number_without_unit
GSM3643249,age,18,number_without_unit
GSM3643250,age,18,number_without_unit
GSM3643251,age,18,number_without_unit
GSM3643252,age,18,number_without_unit
GSM3643253,age,18,number_without_unit
GSM3643254,age,18,number_without_unit
GSM3643255,age,18,number_without_unit
GSM3643256,age,18,number_without_unit
GSM3643257,age,18,number_without_unit
GSM3643258,age,18,number_without_unit
GSM3643259,age,18,number_without_unit
GSM3643260,age,18,number_without_unit
GSM3643261,age,18,number_without_unit
GSM3643262,age,18,number_without_unit
GSM3643263,age,18,number_without_unit
GSM3643264,age,18,number_without_unit
GSM3643265,age,18,number_without_unit
GSM3643266,age,18,number_without_unit
GSM3643267,age,18,number_without_unit
GSM3643268,age,18,number_without_unit
GSM3643269,age,18,number_without_unit
GSM3643270,age,18,number_without_unit
GSM3643271,age,18,number_without_unit
GSM3643272,age,18,number_without_unit
GSM3643273,age,18,number_without_unit
GSM3643274,age,18,number_without_unit
GSM3643275,age,18,number_without_unit
GSM3643276,age,18,number_without_unit
GSM3643277,age,18,number_without_unit
GSM3643278,age,18,number_without_unit
GSM3643279,age,18,number_without_unit
GSM3643280,age,18,number_without_unit
GSM3643281,age,18,number_without_unit
GSM3643282,age,18,number_without_unit
GSM3643283,age,18,number_without_unit
GSM3643284,age,18,number_without_unit
GSM3643285,age,18,number_without_unit
GSM3643286,age,18,number_without_unit
GSM3643287,age,18,number_without_unit
GSM3643288,age,18,number_without_unit
GSM3643289,age,18,number_without_unit
GSM3643290,age,18,number_without_unit
GSM3643291,age,18,number_without_unit
GSM3643292,age,18,number_without_unit
GSM3643293,age,18,number_without_unit
GSM3643294,age,18,number_without_unit
GSM3643295,age,18,number_without_unit
GSM3643296,age,18,number_without_unit
GSM3643297,age,18,number_without_unit
GSM3643298,age,18,number_without_unit
GSM3643299,age,18,number_without_unit
GSM3643300,age,18,number_without_unit
GSM3643301,age,18,number_without_unit
GSM3643302,age,18,number_without_unit
GSM3643303,age,18,number_without_unit
GSM3643304,age,18,number_without_unit
GSM3643305,age,18,number_without_unit
GSM3643306,age,18,number_without_unit
GSM3643307,age,18,number_without_unit
GSM3643308,age,18,number_without_unit
GSM3643309,age,18,number_without_unit
GSM3643310,age,18,number_without_unit
GSM3643311,age,18,number_without_unit
GSM3643312,age,18,number_without_unit
GSM3643313,age,18,number_without_unit
GSM3643314,age,18,number_without_unit
GSM3643315,age,18,number_without_unit
GSM3643316,age,18,number_without_unit
GSM3643317,age,18,number_without_unit
GSM3643318,age,18,number_without_unit
GSM3643319,age,18,number_without_unit
GSM3643320,age,18,number_without_unit
GSM3643321,age,18,number_without_unit
GSM3643322,age,18,number_without_unit
GSM3643323,age,18,number_without_unit
GSM3643324,age,18,number_without_unit
GSM3643325,age,18,number_without_unit
GSM3643326,age,18,number_without_unit
GSM3643327,age,18,number_without_unit
GSM3643328,age,18,number_without_unit
GSM3643329,age,18,number_without_unit
GSM3643331,age,18,number_without_unit
GSM3643333,age,18,number_without_unit
GSM3643335,age,18,number_without_unit
GSM3643337,age,18,number_without_unit
GSM3643339,age,18,number_without_unit
GSM3643342,age,18,number_without_unit
GSM3643344,age,18,number_without_unit
GSM3643346,age,18,number_without_unit
GSM3643348,age,18,number_without_unit
GSM3643350,age,18,number_without_unit
GSM3643352,age,18,number_without_unit
GSM3643353,age,18,number_without_unit
GSM3643354,age,18,number_without_unit
GSM3643355,age,18,number_without_unit
GSM3643356,age,18,number_without_unit
GSM3643357,age,18,number_without_unit
GSM3643358,age,18,number_without_unit
GSM3643359,age,18,number_without_unit
GSM3643360,age,18,number_without_unit
GSM3643361,age,18,number_without_unit
GSM3643362,age,18,number_without_unit
GSM3643363,age,18,number_without_unit
GSM3643364,age,18,number_without_unit
GSM3643365,age,18,number_without_unit
GSM3643366,age,18,number_without_unit
GSM3643367,age,18,number_without_unit
GSM3643368,age,18,number_without_unit
GSM3643369,age,18,number_without_unit
GSM3643370,age,18,number_without_unit
GSM3643371,age,18,number_without_unit
GSM3643372,age,18,number_without_unit
GSM3643373,age,18,number_without_unit
GSM3643374,age,18,number_without_unit
GSM3643375,age,18,number_without_unit
GSM3643376,age,18,number_without_unit
GSM3643377,age,18,number_without_unit
GSM3643378,age,18,number_without_unit
GSM3643379,age,18,number_without_unit
GSM3643380,age,18,number_without_unit
GSM3643381,age,18,number_without_unit
GSM3643382,age,18,number_without_unit
GSM3643383,age,18,number_without_unit
GSM3643384,age,18,number_without_unit
GSM3643385,age,18,number_without_unit
GSM3643386,age,18,number_without_unit
GSM3643387,age,18,number_without_unit
GSM3643388,age,18,number_without_unit
GSM3643389,age,18,number_without_unit
GSM3643390,age,18,number_without_unit
GSM3643391,age,18,number_without_unit
GSM3643392,age,18,number_without_unit
GSM3643393,age,18,number_without_unit
GSM3643394,age,18,number_without_unit
GSM3643395,age,18,number_without_unit
GSM3643396,age,18,number_without_unit
GSM3643397,age,18,number_without_unit
GSM3643398,age,18,number_without_unit
GSM3643399,age,18,number_without_unit
GSM3643400,age,18,number_without_unit
GSM3643401,age,18,number_without_unit
GSM3643402,age,18,number_without_unit
GSM3643403,age,18,number_without_unit
GSM3643404,age,18,number_without_unit
GSM3643405,age,18,number_without_unit
GSM3643406,age,18,number_without_unit
GSM3643407,age,18,number_without_unit
GSM3643408,age,18,number_without_unit
GSM3643409,age,18,number_without_unit
GSM3643410,age,18,number_without_unit
GSM3643411,age,18,number_without_unit
GSM3643412,age,18,number_without_unit
GSM3643413,age,18,number_without_unit
GSM3643414,age,18,number_without_unit
GSM3643415,age,18,number_without_unit
GSM3643416,age,18,number_without_unit
GSM3643417,age,18,number_without_unit
GSM3643418,age,18,number_without_unit
GSM3643419,age,18,number_without_unit
GSM3643420,age,18,number_without_unit
GSM3643421,age,18,number_without_unit
GSM3643422,age,18,number_without_unit
GSM3643423,age,18,number_without_unit
GSM3643424,age,18,number_without_unit
GSM3643425,age,18,number_without_unit
GSM3643426,age,18,number_without_unit
GSM3643427,age,18,number_without_unit
GSM3643428,age,18,number_without_unit
GSM3643429,age,18,number_without_unit
GSM3643430,age,18,number_without_unit
GSM3643431,age,18,number_without_unit
GSM3643432,age,18,number_without_unit
GSM3643433,age,18,number_without_unit
GSM3643434,age,18,number_without_unit
GSM3643435,age,18,number_without_unit
GSM3643436,age,18,number_without_unit
GSM3643437,age,18,number_without_unit
GSM3643438,age,18,number_without_unit
GSM3643439,age,18,number_without_unit
GSM3643440,age,18,number_without_unit
GSM3643441,age,18,number_without_unit
GSM3643442,age,18,number_without_unit
GSM3643443,age,18,number_without_unit
GSM3643444,age,18,number_without_unit
GSM3643445,age,18,number_without_unit
GSM3643446,age,18,number_without_unit
GSM3643447,age,18,number_without_unit
GSM3643448,age,18,number_without_unit
GSM3643449,age,18,number_without_unit
GSM3643450,age,18,number_without_unit
GSM3643451,age,18,number_without_unit
GSM3643452,age,18,number_without_unit
GSM3643453,age,18,number_without_unit
GSM3643454,age,18,number_without_unit
GSM3643455,age,18,number_without_unit
GSM3643456,age,18,number_without_unit
GSM3643457,age,18,number_without_unit
GSM3643458,age,18,number_without_unit
GSM3643459,age,18,number_without_unit
GSM3643460,age,18,number_without_unit
GSM3643461,age,18,number_without_unit
GSM3643462,age,18,number_without_unit
GSM3643463,age,18,number_without_unit
GSM3643464,age,18,number_without_unit
GSM3643465,age,18,number_without_unit
GSM3643466,age,18,number_without_unit
GSM3643467,age,18,number_without_unit
GSM3643468,age,18,number_without_unit
GSM3643469,age,18,number_without_unit
GSM3643470,age,18,number_without_unit
GSM3643471,age,18,number_without_unit
GSM3643472,age,18,number_without_unit
GSM3643473,age,18,number_without_unit
GSM3643474,age,18,number_without_unit
GSM3643475,age,18,number_without_unit
GSM3643476,age,18,number_without_unit
GSM3643477,age,18,number_without_unit
GSM3643478,age,18,number_without_unit
GSM3643479,age,18,number_without_unit
GSM3643480,age,18,number_without_unit
GSM3643481,age,18,number_without_unit
GSM3643482,age,18,number_without_unit
GSM3643483,age,18,number_without_unit
GSM3643484,age,18,number_without_unit
GSM3643485,age,18,number_without_unit
GSM3643486,age,18,number_without_unit
GSM3643487,age,18,number_without_unit
GSM3643488,age,18,number_without_unit
GSM3643489,age,18,number_without_unit
GSM3643490,age,18,number_without_unit
GSM3643491,age,18,number_without_unit
GSM3643492,age,18,number_without_unit
GSM3643493,age,18,number_without_unit
GSM3643494,age,18,number_without_unit
GSM3643495,age,18,number_without_unit
GSM3643496,age,18,number_without_unit
GSM3643497,age,18,number_without_unit
GSM3643498,age,18,number_without_unit
GSM3643499,age,18,number_without_unit
GSM3643500,age,18,number_without_unit
GSM3643501,age,18,number_without_unit
GSM3643502,age,18,number_without_unit
GSM3643503,age,18,number_without_unit
GSM3643504,age,18,number_without_unit
GSM3643505,age,18,number_without_unit
GSM3643506,age,18,number_without_unit
GSM3643507,age,18,number_without_unit
GSM3643508,age,18,number_without_unit
GSM3643509,age,18,number_without_unit
GSM3643510,age,18,number_without_unit
GSM3643511,age,18,number_without_unit
GSM3643512,age,18,number_without_unit
GSM3643513,age,18,number_without_unit
GSM3643514,age,18,number_without_unit
GSM3643515,age,18,number_without_unit
GSM3643516,age,18,number_without_unit
GSM3643517,age,18,number_without_unit
GSM3643518,age,18,number_without_unit
GSM3643519,age,18,number_without_unit
GSM3643520,age,18,number_without_unit
GSM3643521,age,18,number_without_unit
GSM3643522,age,18,number_without_unit
GSM3643523,age,18,number_without_unit
GSM3643524,age,18,number_without_unit
GSM3643525,age,18,number_without_unit
GSM3643526,age,18,number_without_unit
GSM3643527,age,18,number_without_unit
GSM3643528,age,18,number_without_unit
GSM3643529,age,18,number_without_unit
GSM3643530,age,18,number_without_unit
GSM3643531,age,18,number_without_unit
GSM3643532,age,18,number_without_unit
GSM3643533,age,18,number_without_unit
GSM3643534,age,18,number_without_unit
GSM3643535,age,18,number_without_unit
GSM3643536,age,18,number_without_unit
GSM3643537,age,18,number_without_unit
GSM3643538,age,18,number_without_unit
GSM3643539,age,18,number_without_unit
GSM3643540,age,18,number_without_unit
GSM3643541,age,18,number_without_unit
GSM3643542,age,18,number_without_unit
GSM3643543,age,18,number_without_unit
GSM3643544,age,18,number_without_unit
GSM3643545,age,18,number_without_unit
GSM3643546,age,18,number_without_unit
GSM3643547,age,18,number_without_unit
GSM3643548,age,18,number_without_unit
GSM3643549,age,18,number_without_unit
GSM3643550,age,18,number_without_unit
GSM3643551,age,18,number_without_unit
GSM3643552,age,18,number_without_unit
GSM3643553,age,18,number_without_unit
GSM3643554,age,18,number_without_unit
GSM3643555,age,18,number_without_unit
GSM3643556,age,18,number_without_unit
GSM3643557,age,18,number_without_unit
GSM3643558,age,18,number_without_unit
GSM3643559,age,18,number_without_unit
GSM3643560,age,18,number_without_unit
GSM3643561,age,18,number_without_unit
GSM3643562,age,18,number_without_unit
GSM3643563,age,18,number_without_unit
GSM3643564,age,18,number_without_unit
GSM3643565,age,18,number_without_unit
GSM3643566,age,18,number_without_unit
GSM3643567,age,18,number_without_unit
GSM3643568,age,18,number_without_unit
GSM3643569,age,18,number_without_unit
GSM3643570,age,18,number_without_unit
GSM3643571,age,18,number_without_unit
GSM3643572,age,18,number_without_unit
GSM3643573,age,18,number_without_unit
GSM3643574,age,18,number_without_unit
GSM3643575,age,18,number_without_unit
GSM8822329,age,18,number_without_unit
GSM8822330,age,18,number_without_unit
GSM8822331,age,18,number_without_unit
GSM3648373,age,21,number_without_unit
GSM3648374,age,21,number_without_unit
GSM3648375,age,21,number_without_unit
GSM3648376,age,21,number_without_unit
GSM3648377,age,21,number_without_unit
GSM3648378,age,21,number_without_unit
GSM3648379,age,21,number_without_unit
GSM3648380,age,21,number_without_unit
GSM3648381,age,21,number_without_unit
GSM3648382,age,21,number_without_unit
GSM3648383,age,21,number_without_unit
GSM3648384,age,21,number_without_unit
GSM3648385,age,21,number_without_unit
GSM3648386,age,21,number_without_unit
GSM3648387,age,21,number_without_unit
GSM3648388,age,21,number_without_unit
GSM3648389,age,21,number_without_unit
GSM3648390,age,21,number_without_unit
GSM3648391,age,21,number_without_unit
GSM3648392,age,21,number_without_unit
GSM3648393,age,21,number_without_unit
GSM3648394,age,21,number_without_unit
GSM3648395,age,21,number_without_unit
GSM3648396,age,21,number_without_unit
GSM3648397,age,21,number_without_unit
GSM3648398,age,21,number_without_unit
GSM3648399,age,21,number_without_unit
GSM3648400,age,21,number_without_unit
GSM3648401,age,21,number_without_unit
GSM3648402,age,21,number_without_unit
GSM3648403,age,21,number_without_unit
GSM3648404,age,21,number_without_unit
GSM3648405,age,21,number_without_unit
GSM3648406,age,21,number_without_unit
GSM3648407,age,21,number_without_unit
GSM3648408,age,21,number_without_unit
GSM3648409,age,21,number_without_unit
GSM3648410,age,21,number_without_unit
GSM3648411,age,21,number_without_unit
GSM3648412,age,21,number_without_unit
GSM3648413,age,21,number_without_unit
GSM3648414,age,21,number_without_unit
GSM3648415,age,21,number_without_unit
GSM3648416,age,21,number_without_unit
GSM3648417,age,21,number_without_unit
GSM3648418,age,21,number_without_unit
GSM3648419,age,21,number_without_unit
GSM3648420,age,21,number_without_unit
GSM3648421,age,21,number_without_unit
GSM3648422,age,21,number_without_unit
GSM3648423,age,21,number_without_unit
GSM3648424,age,21,number_without_unit
GSM3648425,age,21,number_without_unit
GSM3648426,age,21,number_without_unit
GSM3648427,age,21,number_without_unit
GSM3648428,age,21,number_without_unit
GSM3648429,age,21,number_without_unit
GSM3648430,age,21,number_without_unit
GSM3648431,age,21,number_without_unit
GSM3648432,age,21,number_without_unit
GSM3648433,age,21,number_without_unit
GSM3648434,age,21,number_without_unit
GSM3648435,age,21,number_without_unit
GSM3648436,age,21,number_without_unit
GSM3648437,age,21,number_without_unit
GSM3648438,age,21,number_without_unit
GSM3648439,age,21,number_without_unit
GSM3648440,age,21,number_without_unit
GSM3648441,age,21,number_without_unit
GSM3648442,age,21,number_without_unit
GSM3648443,age,21,number_without_unit
GSM3648444,age,21,number_without_unit
GSM3648445,age,21,number_without_unit
GSM3648446,age,21,number_without_unit
GSM3648447,age,21,number_without_unit
GSM3648448,age,21,number_without_unit
GSM3648449,age,21,number_without_unit
GSM3648450,age,21,number_without_unit
GSM3648451,age,21,number_without_unit
GSM3648452,age,21,number_without_unit
GSM3648453,age,21,number_without_unit
GSM3648454,age,21,number_without_unit
GSM3648455,age,21,number_without_unit
GSM3648456,age,21,number_without_unit
GSM3648457,age,21,number_without_unit
GSM3648458,age,21,number_without_unit
GSM3648459,age,21,number_without_unit
GSM3648460,age,21,number_without_unit
GSM3648461,age,21,number_without_unit
GSM3648462,age,21,number_without_unit
GSM3648463,age,21,number_without_unit
GSM3648464,age,21,number_without_unit
GSM3648465,age,21,number_without_unit
GSM3648466,age,21,number_without_unit
GSM3648467,age,21,number_without_unit
GSM3648468,age,21,number_without_unit
GSM3648469,age,21,number_without_unit
GSM3648470,age,21,number_without_unit
GSM3648471,age,21,number_without_unit
GSM3648472,age,21,number_without_unit
GSM3648473,age,21,number_without_unit
GSM3648474,age,21,number_without_unit
GSM3648475,age,21,number_without_unit
GSM3648476,age,21,number_without_unit
GSM3648477,age,21,number_without_unit
GSM3648478,age,21,number_without_unit
GSM3648479,age,21,number_without_unit
GSM3648480,age,21,number_without_unit
GSM3648481,age,21,number_without_unit
GSM3648482,age,21,number_without_unit
GSM3648483,age,21,number_without_unit
GSM3648484,age,21,number_without_unit
GSM3648485,age,21,number_without_unit
GSM3648486,age,21,number_without_unit
GSM3648487,age,21,number_without_unit
GSM3648488,age,21,number_without_unit
GSM3648489,age,21,number_without_unit
GSM3648490,age,21,number_without_unit
GSM3648491,age,21,number_without_unit
GSM3648492,age,21,number_without_unit
GSM3648493,age,21,number_without_unit
GSM3648494,age,21,number_without_unit
GSM3648495,age,21,number_without_unit
GSM3648496,age,21,number_without_unit
GSM3648497,age,21,number_without_unit
GSM3648498,age,21,number_without_unit
GSM3648499,age,21,number_without_unit
GSM3648500,age,21,number_without_unit
GSM3648501,age,21,number_without_unit
GSM3648502,age,21,number_without_unit
GSM3648503,age,21,number_without_unit
GSM3648504,age,21,number_without_unit
GSM3648505,age,21,number_without_unit
GSM3648506,age,21,number_without_unit
GSM3648507,age,21,number_without_unit
GSM3648508,age,21,number_without_unit
GSM3648509,age,21,number_without_unit
GSM3648510,age,21,number_without_unit
GSM3648511,age,21,number_without_unit
GSM3648512,age,21,number_without_unit
GSM3648513,age,21,number_without_unit
GSM3648514,age,21,number_without_unit
GSM3648515,age,21,number_without_unit
GSM3648516,age,21,number_without_unit
GSM3648517,age,21,number_without_unit
GSM3648518,age,21,number_without_unit
GSM3648519,age,21,number_without_unit
GSM3648520,age,21,number_without_unit
GSM3648521,age,21,number_without_unit
GSM3648522,age,21,number_without_unit
GSM3648523,age,21,number_without_unit
GSM3648524,age,21,number_without_unit
GSM3648525,age,21,number_without_unit
GSM3648526,age,21,number_without_unit
GSM3648527,age,21,number_without_unit
GSM3648528,age,21,number_without_unit
GSM3648529,age,21,number_without_unit
GSM3648530,age,21,number_without_unit
GSM3648531,age,21,number_without_unit
GSM3648532,age,21,number_without_unit
GSM3648533,age,21,number_without_unit
GSM3648534,age,21,number_without_unit
GSM3648535,age,21,number_without_unit
GSM3648536,age,21,number_without_unit
GSM3648537,age,21,number_without_unit
GSM3648538,age,21,number_without_unit
GSM3648539,age,21,number_without_unit
GSM3648540,age,21,number_without_unit
GSM3648541,age,21,number_without_unit
GSM3648542,age,21,number_without_unit
GSM3648543,age,21,number_without_unit
GSM3648544,age,21,number_without_unit
GSM3648545,age,21,number_without_unit
GSM3648546,age,21,number_without_unit
GSM3648547,age,21,number_without_unit
GSM3648548,age,21,number_without_unit
GSM3648549,age,21,number_without_unit
GSM3648550,age,21,number_without_unit
GSM3648551,age,21,number_without_unit
GSM3648552,age,21,number_without_unit
GSM3648553,age,21,number_without_unit
GSM3648554,age,21,number_without_unit
GSM3648555,age,21,number_without_unit
GSM3648556,age,21,number_without_unit
GSM3648557,age,21,number_without_unit
GSM3648558,age,21,number_without_unit
GSM3648559,age,21,number_without_unit
GSM3648560,age,21,number_without_unit
GSM3648561,age,21,number_without_unit
GSM3648562,age,21,number_without_unit
GSM3648563,age,21,number_without_unit
GSM3648564,age,21,number_without_unit
GSM3648565,age,21,number_without_unit
GSM3648566,age,21,number_without_unit
GSM3648567,age,21,number_without_unit
GSM3648568,age,21,number_without_unit
GSM3648569,age,21,number_without_unit
GSM3648570,age,21,number_without_unit
GSM3648571,age,21,number_without_unit
GSM3648572,age,21,number_without_unit
GSM3648573,age,21,number_without_unit
GSM3648574,age,21,number_without_unit
GSM3648575,age,21,number_without_unit
GSM3648576,age,21,number_without_unit
GSM3648577,age,21,number_without_unit
GSM3648578,age,21,number_without_unit
GSM3648579,age,21,number_without_unit
GSM3648580,age,21,number_without_unit
GSM3648581,age,21,number_without_unit
GSM3648582,age,21,number_without_unit
GSM3648583,age,21,number_without_unit
GSM3648584,age,21,number_without_unit
GSM3648585,age,21,number_without_unit
GSM3648586,age,21,number_without_unit
GSM3648587,age,21,number_without_unit
GSM3648588,age,21,number_without_unit
GSM3648589,age,21,number_without_unit
GSM3648590,age,21,number_without_unit
GSM3648591,age,21,number_without_unit
GSM3648592,age,21,number_without_unit
GSM3648593,age,21,number_without_unit
GSM3648594,age,21,number_without_unit
GSM3648595,age,21,number_without_unit
GSM3648596,age,21,number_without_unit
GSM3648597,age,21,number_without_unit
GSM3648598,age,21,number_without_unit
GSM3648599,age,21,number_without_unit
GSM3648600,age,21,number_without_unit
GSM3648601,age,21,number_without_unit
GSM3648602,age,21,number_without_unit
GSM3648603,age,21,number_without_unit
GSM3648604,age,21,number_without_unit
GSM3648605,age,21,number_without_unit
GSM3648606,age,21,number_without_unit
GSM3648607,age,21,number_without_unit
GSM3648608,age,21,number_without_unit
GSM3648609,age,21,number_without_unit
GSM3648610,age,21,number_without_unit
GSM3648611,age,21,number_without_unit
GSM3648612,age,21,number_without_unit
GSM3648613,age,21,number_without_unit
GSM3648614,age,21,number_without_unit
GSM3648615,age,21,number_without_unit
GSM3648616,age,21,number_without_unit
GSM3648617,age,21,number_without_unit
GSM3648618,age,21,number_without_unit
GSM3648619,age,21,number_without_unit
GSM3648620,age,21,number_without_unit
GSM3648621,age,21,number_without_unit
GSM3648622,age,21,number_without_unit
GSM3648623,age,21,number_without_unit
GSM3648624,age,21,number_without_unit
GSM3648625,age,21,number_without_unit
GSM3648626,age,21,number_without_unit
GSM3648627,age,21,number_without_unit
GSM3648628,age,21,number_without_unit
GSM3648629,age,21,number_without_unit
GSM3648630,age,21,number_without_unit
GSM3648631,age,21,number_without_unit
GSM3648632,age,21,number_without_unit
GSM3648633,age,21,number_without_unit
GSM3648634,age,21,number_without_unit
GSM3648635,age,21,number_without_unit
GSM3648636,age,21,number_without_unit
GSM3648637,age,21,number_without_unit
GSM3648638,age,21,number_without_unit
GSM3648639,age,21,number_without_unit
GSM3648640,age,21,number_without_unit
GSM3648641,age,21,number_without_unit
GSM3648642,age,21,number_without_unit
GSM3648643,age,21,number_without_unit
GSM3648644,age,21,number_without_unit
GSM3648645,age,21,number_without_unit
GSM3648646,age,21,number_without_unit
GSM3648647,age,21,number_without_unit
GSM3648648,age,21,number_without_unit
GSM3648649,age,21,number_without_unit
GSM3648650,age,21,number_without_unit
GSM3648651,age,21,number_without_unit
GSM3648652,age,21,number_without_unit
GSM3648653,age,21,number_without_unit
GSM3648654,age,21,number_without_unit
GSM3648655,age,21,number_without_unit
GSM3648656,age,21,number_without_unit
GSM3648657,age,21,number_without_unit
GSM3648658,age,21,number_without_unit
GSM3648659,age,21,number_without_unit
GSM3648660,age,21,number_without_unit
GSM3648661,age,21,number_without_unit
GSM3648662,age,21,number_without_unit
GSM3648663,age,21,number_without_unit
GSM3648664,age,21,number_without_unit
GSM3648665,age,21,number_without_unit
GSM3648666,age,21,number_without_unit
GSM3648667,age,21,number_without_unit
GSM3648668,age,21,number_without_unit
GSM3648669,age,21,number_without_unit
GSM3648670,age,21,number_without_unit
GSM3648671,age,21,number_without_unit
GSM3648672,age,21,number_without_unit
GSM3648673,age,21,number_without_unit
GSM3648674,age,21,number_without_unit
GSM3648675,age,21,number_without_unit
GSM3648676,age,21,number_without_unit
GSM3648677,age,21,number_without_unit
GSM3648678,age,21,number_without_unit
GSM3648679,age,21,number_without_unit
GSM3648680,age,21,number_without_unit
GSM3648681,age,21,number_without_unit
GSM3648682,age,21,number_without_unit
GSM3648683,age,21,number_without_unit
GSM3648684,age,21,number_without_unit
GSM3648685,age,21,number_without_unit
GSM3648686,age,21,number_without_unit
GSM3648687,age,21,number_without_unit
GSM3648688,age,21,number_without_unit
GSM3648689,age,21,number_without_unit
GSM3648690,age,21,number_without_unit
GSM3648691,age,21,number_without_unit
GSM3648692,age,21,number_without_unit
GSM3648693,age,21,number_without_unit
GSM3648694,age,21,number_without_unit
GSM3648695,age,21,number_without_unit
GSM3648696,age,21,number_without_unit
GSM3648697,age,21,number_without_unit
GSM3648698,age,21,number_without_unit
GSM3648699,age,21,number_without_unit
GSM3648700,age,21,number_without_unit
GSM3648701,age,21,number_without_unit
GSM3648702,age,21,number_without_unit
GSM3648703,age,21,number_without_unit
GSM3648704,age,21,number_without_unit
GSM3648705,age,21,number_without_unit
GSM3648706,age,21,number_without_unit
GSM3648707,age,21,number_without_unit
GSM3648708,age,21,number_without_unit
GSM3648709,age,21,number_without_unit
GSM3648710,age,21,number_without_unit
GSM3648711,age,21,number_without_unit
GSM3648712,age,21,number_without_unit
GSM3648713,age,21,number_without_unit
GSM3648714,age,21,number_without_unit
GSM3648715,age,21,number_without_unit
GSM3648716,age,21,number_without_unit
GSM3648717,age,21,number_without_unit
GSM3648718,age,21,number_without_unit
GSM3648719,age,21,number_without_unit
GSM3648720,age,21,number_without_unit
GSM3648721,age,21,number_without_unit
GSM3648722,age,21,number_without_unit
GSM3648723,age,21,number_without_unit
GSM3648724,age,21,number_without_unit
GSM3648725,age,21,number_without_unit
GSM3648726,age,21,number_without_unit
GSM3648727,age,21,number_without_unit
GSM3648728,age,21,number_without_unit
GSM3648729,age,21,number_without_unit
GSM3648730,age,21,number_without_unit
GSM3648731,age,21,number_without_unit
GSM3648732,age,21,number_without_unit
GSM3648733,age,21,number_without_unit
GSM3648734,age,21,number_without_unit
GSM3648735,age,21,number_without_unit
GSM3648736,age,21,number_without_unit
GSM3648737,age,21,number_without_unit
GSM3648738,age,21,number_without_unit
GSM3648739,age,21,number_without_unit
GSM3648740,age,21,number_without_unit
GSM3648741,age,21,number_without_unit
GSM3648742,age,21,number_without_unit
GSM3648743,age,21,number_without_unit
GSM3648744,age,21,number_without_unit
GSM3648745,age,21,number_without_unit
GSM3648746,age,21,number_without_unit
GSM3648747,age,21,number_without_unit
GSM3648748,age,21,number_without_unit
GSM3648749,age,21,number_without_unit
GSM3648750,age,21,number_without_unit
GSM3648751,age,21,number_without_unit
GSM3648752,age,21,number_without_unit
GSM3648753,age,21,number_without_unit
GSM3648754,age,21,number_without_unit
GSM3648755,age,21,number_without_unit
GSM3648756,age,21,number_without_unit
GSM3648757,age,21,number_without_unit
GSM3648758,age,21,number_without_unit
GSM3648759,age,21,number_without_unit
GSM3648760,age,21,number_without_unit
GSM3648761,age,21,number_without_unit
GSM3648762,age,21,number_without_unit
GSM3648763,age,21,number_without_unit
GSM3648764,age,21,number_without_unit
GSM3648765,age,21,number_without_unit
GSM3648766,age,21,number_without_unit
GSM3648767,age,21,number_without_unit
GSM3648768,age,21,number_without_unit
GSM3648769,age,21,number_without_unit
GSM3648770,age,21,number_without_unit
GSM3648771,age,21,number_without_unit
GSM3648772,age,21,number_without_unit
GSM3648773,age,21,number_without_unit
GSM3648774,age,21,number_without_unit
GSM3648775,age,21,number_without_unit
GSM3648776,age,21,number_without_unit
GSM3648777,age,21,number_without_unit
GSM3648778,age,21,number_without_unit
GSM3648779,age,21,number_without_unit
GSM3648780,age,21,number_without_unit
GSM3648781,age,21,number_without_unit
GSM3648782,age,21,number_without_unit
GSM3648783,age,21,number_without_unit
GSM3648784,age,21,number_without_unit
GSM3648785,age,21,number_without_unit
GSM3648786,age,21,number_without_unit
GSM3648787,age,21,number_without_unit
GSM3648788,age,21,number_without_unit
GSM3648789,age,21,number_without_unit
GSM3648790,age,21,number_without_unit
GSM3648791,age,21,number_without_unit
GSM3648792,age,21,number_without_unit
GSM3648793,age,21,number_without_unit
GSM3648794,age,21,number_without_unit
GSM3648795,age,21,number_without_unit
GSM3648796,age,21,number_without_unit
GSM3648797,age,21,number_without_unit
GSM3648798,age,21,number_without_unit
GSM3648799,age,21,number_without_unit
GSM3648800,age,21,number_without_unit
GSM3648801,age,21,number_without_unit
GSM3648802,age,21,number_without_unit
GSM3648803,age,21,number_without_unit
GSM3648804,age,21,number_without_unit
GSM3648805,age,21,number_without_unit
GSM3648806,age,21,number_without_unit
GSM3648807,age,21,number_without_unit
GSM3648808,age,21,number_without_unit
GSM3648809,age,21,number_without_unit
GSM3648810,age,21,number_without_unit
GSM3648811,age,21,number_without_unit
GSM3648812,age,21,number_without_unit
GSM3648813,age,21,number_without_unit
GSM3648814,age,21,number_without_unit
GSM3648815,age,21,number_without_unit
GSM3648816,age,21,number_without_unit
GSM3648817,age,21,number_without_unit
GSM3648818,age,21,number_without_unit
GSM3648819,age,21,number_without_unit
GSM3648820,age,21,number_without_unit
GSM3648821,age,21,number_without_unit
GSM3648822,age,21,number_without_unit
GSM3648823,age,21,number_without_unit
GSM3648824,age,21,number_without_unit
GSM3648825,age,21,number_without_unit
GSM3648826,age,21,number_without_unit
GSM3648827,age,21,number_without_unit
GSM3648828,age,21,number_without_unit
GSM3648829,age,21,number_without_unit
GSM3648830,age,21,number_without_unit
GSM3648831,age,21,number_without_unit
GSM3648832,age,21,number_without_unit
GSM3648833,age,21,number_without_unit
GSM3648834,age,21,number_without_unit
GSM3648835,age,21,number_without_unit
GSM3648836,age,21,number_without_unit
GSM3648837,age,21,number_without_unit
GSM3648838,age,21,number_without_unit
GSM3648839,age,21,number_without_unit
GSM3648840,age,21,number_without_unit
GSM3648841,age,21,number_without_unit
GSM3648842,age,21,number_without_unit
GSM3648843,age,21,number_without_unit
GSM3648844,age,21,number_without_unit
GSM3648845,age,21,number_without_unit
GSM3648846,age,21,number_without_unit
GSM3648847,age,21,number_without_unit
GSM3648848,age,21,number_without_unit
GSM3648849,age,21,number_without_unit
GSM3648850,age,21,number_without_unit
GSM3648851,age,21,number_without_unit
GSM3648852,age,21,number_without_unit
GSM3648853,age,21,number_without_unit
GSM3648854,age,21,number_without_unit
GSM3648855,age,21,number_without_unit
GSM3648856,age,21,number_without_unit
GSM3648857,age,21,number_without_unit
GSM3648858,age,21,number_without_unit
GSM3648859,age,21,number_without_unit
GSM3648860,age,21,number_without_unit
GSM3648861,age,21,number_without_unit
GSM3648862,age,21,number_without_unit
GSM3648863,age,21,number_without_unit
GSM3648864,age,21,number_without_unit
GSM3648865,age,21,number_without_unit
GSM3648866,age,21,number_without_unit
GSM3648867,age,21,number_without_unit
GSM3648868,age,21,number_without_unit
GSM3648869,age,21,number_without_unit
GSM3648870,age,21,number_without_unit
GSM3648871,age,21,number_without_unit
GSM3648872,age,21,number_without_unit
GSM3648873,age,21,number_without_unit
GSM3648874,age,21,number_without_unit
GSM3648875,age,21,number_without_unit
GSM3648876,age,21,number_without_unit
GSM3648877,age,21,number_without_unit
GSM3648878,age,21,number_without_unit
GSM3648879,age,21,number_without_unit
GSM3648880,age,21,number_without_unit
GSM3648881,age,21,number_without_unit
GSM3648882,age,21,number_without_unit
GSM3648883,age,21,number_without_unit
GSM3648884,age,21,number_without_unit
GSM3648885,age,21,number_without_unit
GSM3648886,age,21,number_without_unit
GSM3648887,age,21,number_without_unit
GSM3648888,age,21,number_without_unit
GSM3648889,age,21,number_without_unit
GSM3648890,age,21,number_without_unit
GSM3648891,age,21,number_without_unit
GSM3648892,age,21,number_without_unit
GSM3648893,age,21,number_without_unit
GSM3648894,age,21,number_without_unit
GSM3648895,age,21,number_without_unit
GSM3648896,age,21,number_without_unit
GSM3648897,age,21,number_without_unit
GSM3648898,age,21,number_without_unit
GSM3648899,age,21,number_without_unit
GSM3648900,age,21,number_without_unit
GSM3648901,age,21,number_without_unit
GSM3648902,age,21,number_without_unit
GSM3648903,age,21,number_without_unit
GSM3648904,age,21,number_without_unit
GSM3648905,age,21,number_without_unit
GSM3648906,age,21,number_without_unit
GSM3648907,age,21,number_without_unit
GSM3648908,age,21,number_without_unit
GSM3648909,age,21,number_without_unit
GSM3648910,age,21,number_without_unit
GSM3648911,age,21,number_without_unit
GSM3648912,age,21,number_without_unit
GSM3648913,age,21,number_without_unit
GSM3648914,age,21,number_without_unit
GSM3648915,age,21,number_without_unit
GSM3648916,age,21,number_without_unit
GSM3648917,age,21,number_without_unit
GSM3648918,age,21,number_without_unit
GSM3648919,age,21,number_without_unit
GSM3648920,age,21,number_without_unit
GSM3648921,age,21,number_without_unit
GSM3648922,age,21,number_without_unit
GSM3648923,age,21,number_without_unit
GSM3648924,age,21,number_without_unit
GSM3648925,age,21,number_without_unit
GSM3648926,age,21,number_without_unit
GSM3648927,age,21,number_without_unit
GSM3648928,age,21,number_without_unit
GSM3648929,age,21,number_without_unit
GSM3648930,age,21,number_without_unit
GSM3648931,age,21,number_without_unit
GSM3648932,age,21,number_without_unit
GSM3648935,age,21,number_without_unit
GSM3648937,age,21,number_without_unit
GSM3648940,age,21,number_without_unit
GSM3648942,age,21,number_without_unit
GSM3648945,age,21,number_without_unit
GSM3648948,age,21,number_without_unit
GSM3648951,age,21,number_without_unit
GSM3648953,age,21,number_without_unit
GSM3648956,age,21,number_without_unit
GSM3648958,age,21,number_without_unit
GSM3648960,age,21,number_without_unit
GSM3648962,age,21,number_without_unit
GSM3648963,age,21,number_without_unit
GSM3648964,age,21,number_without_unit
GSM3648965,age,21,number_without_unit
GSM3648966,age,21,number_without_unit
GSM3648967,age,21,number_without_unit
GSM3648968,age,21,number_without_unit
GSM3648969,age,21,number_without_unit
GSM3648970,age,21,number_without_unit
GSM3648971,age,21,number_without_unit
GSM3648972,age,21,number_without_unit
GSM3648973,age,21,number_without_unit
GSM3648974,age,21,number_without_unit
GSM3648975,age,21,number_without_unit
GSM3648976,age,21,number_without_unit
GSM3648977,age,21,number_without_unit
GSM3648978,age,21,number_without_unit
GSM3648979,age,21,number_without_unit
GSM3648980,age,21,number_without_unit
GSM3648981,age,21,number_without_unit
GSM3648982,age,21,number_without_unit
GSM3648983,age,21,number_without_unit
GSM3648984,age,21,number_without_unit
GSM3648985,age,21,number_without_unit
GSM3648986,age,21,number_without_unit
GSM3648987,age,21,number_without_unit
GSM3648988,age,21,number_without_unit
GSM3648989,age,21,number_without_unit
GSM3648990,age,21,number_without_unit
GSM3648991,age,21,number_without_unit
GSM3648992,age,21,number_without_unit
GSM3648993,age,21,number_without_unit
GSM3648994,age,21,number_without_unit
GSM3648995,age,21,number_without_unit
GSM3648996,age,21,number_without_unit
GSM3648997,age,21,number_without_unit
GSM3648998,age,21,number_without_unit
GSM3648999,age,21,number_without_unit
GSM3649000,age,21,number_without_unit
GSM3649001,age,21,number_without_unit
GSM3649002,age,21,number_without_unit
GSM3649003,age,21,number_without_unit
GSM3649004,age,21,number_without_unit
GSM3649005,age,21,number_without_unit
GSM3649006,age,21,number_without_unit
GSM3649007,age,21,number_without_unit
GSM3649008,age,21,number_without_unit
GSM3649009,age,21,number_without_unit
GSM3649010,age,21,number_without_unit
GSM3649011,age,21,number_without_unit
GSM3649012,age,21,number_without_unit
GSM3649013,age,21,number_without_unit
GSM3649014,age,21,number_without_unit
GSM3649015,age,21,number_without_unit
GSM3649016,age,21,number_without_unit
GSM3649017,age,21,number_without_unit
GSM3649018,age,21,number_without_unit
GSM3649019,age,21,number_without_unit
GSM3649020,age,21,number_without_unit
GSM3649021,age,21,number_without_unit
GSM3649022,age,21,number_without_unit
GSM3649023,age,21,number_without_unit
GSM3649024,age,21,number_without_unit
GSM3649025,age,21,number_without_unit
GSM3649026,age,21,number_without_unit
GSM3649027,age,21,number_without_unit
GSM3649028,age,21,number_without_unit
GSM3649029,age,21,number_without_unit
GSM3649030,age,21,number_without_unit
GSM3649031,age,21,number_without_unit
GSM3649032,age,21,number_without_unit
GSM3649033,age,21,number_without_unit
GSM3649034,age,21,number_without_unit
GSM3649035,age,21,number_without_unit
GSM3649036,age,21,number_without_unit
GSM3649037,age,21,number_without_unit
GSM3649038,age,21,number_without_unit
GSM3649039,age,21,number_without_unit
GSM3649040,age,21,number_without_unit
GSM3649041,age,21,number_without_unit
GSM3649042,age,21,number_without_unit
GSM3649043,age,21,number_without_unit
GSM3649044,age,21,number_without_unit
GSM3649045,age,21,number_without_unit
GSM3649046,age,21,number_without_unit
GSM3649047,age,21,number_without_unit
GSM3649048,age,21,number_without_unit
GSM3649049,age,21,number_without_unit
GSM3649050,age,21,number_without_unit
GSM3649051,age,21,number_without_unit
GSM3649052,age,21,number_without_unit
GSM3649053,age,21,number_without_unit
GSM3649054,age,21,number_without_unit
GSM3649055,age,21,number_without_unit
GSM3649056,age,21,number_without_unit
GSM3649057,age,21,number_without_unit
GSM3649058,age,21,number_without_unit
GSM3649059,age,21,number_without_unit
GSM3649060,age,21,number_without_unit
GSM3649061,age,21,number_without_unit
GSM3649062,age,21,number_without_unit
GSM3649063,age,21,number_without_unit
GSM3649064,age,21,number_without_unit
GSM3649065,age,21,number_without_unit
GSM3649066,age,21,number_without_unit
GSM3649067,age,21,number_without_unit
GSM3649068,age,21,number_without_unit
GSM3649069,age,21,number_without_unit
GSM3649070,age,21,number_without_unit
GSM3649071,age,21,number_without_unit
GSM3649072,age,21,number_without_unit
GSM3649073,age,21,number_without_unit
GSM3649074,age,21,number_without_unit
GSM3649075,age,21,number_without_unit
GSM3649076,age,21,number_without_unit
GSM3649077,age,21,number_without_unit
GSM3649078,age,21,number_without_unit
GSM3649079,age,21,number_without_unit
GSM3649080,age,21,number_without_unit
GSM3649081,age,21,number_without_unit
GSM3649082,age,21,number_without_unit
GSM3649083,age,21,number_without_unit
GSM3649084,age,21,number_without_unit
GSM3649085,age,21,number_without_unit
GSM3649086,age,21,number_without_unit
GSM3649087,age,21,number_without_unit
GSM3649088,age,21,number_without_unit
GSM3649089,age,21,number_without_unit
GSM3649090,age,21,number_without_unit
GSM3649091,age,21,number_without_unit
GSM3649092,age,21,number_without_unit
GSM3649093,age,21,number_without_unit
GSM3649094,age,21,number_without_unit
GSM3649095,age,21,number_without_unit
GSM3649096,age,21,number_without_unit
GSM3649097,age,21,number_without_unit
GSM3649098,age,21,number_without_unit
GSM3649099,age,21,number_without_unit
GSM3649100,age,21,number_without_unit
GSM3649101,age,21,number_without_unit
GSM3649102,age,21,number_without_unit
GSM3649103,age,21,number_without_unit
GSM3649104,age,21,number_without_unit
GSM3649105,age,21,number_without_unit
GSM3649106,age,21,number_without_unit
GSM3649107,age,21,number_without_unit
GSM3649108,age,21,number_without_unit
GSM3649109,age,21,number_without_unit
GSM3649110,age,21,number_without_unit
GSM3649111,age,21,number_without_unit
GSM3649112,age,21,number_without_unit
GSM3649113,age,21,number_without_unit
GSM3649114,age,21,number_without_unit
GSM3649115,age,21,number_without_unit
GSM3649116,age,21,number_without_unit
GSM3649117,age,21,number_without_unit
GSM3649118,age,21,number_without_unit
GSM3649119,age,21,number_without_unit
GSM3649120,age,21,number_without_unit
GSM3649121,age,21,number_without_unit
GSM3649122,age,21,number_without_unit
GSM3649123,age,21,number_without_unit
GSM3649124,age,21,number_without_unit
GSM3649125,age,21,number_without_unit
GSM3649126,age,21,number_without_unit
GSM3649127,age,21,number_without_unit
GSM3649128,age,21,number_without_unit
GSM3649129,age,21,number_without_unit
GSM3649130,age,21,number_without_unit
GSM3649131,age,21,number_without_unit
GSM3649132,age,21,number_without_unit
GSM3649133,age,21,number_without_unit
GSM3649134,age,21,number_without_unit
GSM3649135,age,21,number_without_unit
GSM3649136,age,21,number_without_unit
GSM3649137,age,21,number_without_unit
GSM3649138,age,21,number_without_unit
GSM3649139,age,21,number_without_unit
GSM3649140,age,21,number_without_unit
GSM3649141,age,21,number_without_unit
GSM3649142,age,21,number_without_unit
GSM3649143,age,21,number_without_unit
GSM3649144,age,21,number_without_unit
GSM3649145,age,21,number_without_unit
GSM3649146,age,21,number_without_unit
GSM3649147,age,21,number_without_unit
GSM3649148,age,21,number_without_unit
GSM3649149,age,21,number_without_unit
GSM3649150,age,21,number_without_unit
GSM3649151,age,21,number_without_unit
GSM3649152,age,21,number_without_unit
GSM3649153,age,21,number_without_unit
GSM3649154,age,21,number_without_unit
GSM3649155,age,21,number_without_unit
GSM3649156,age,21,number_without_unit
GSM3649157,age,21,number_without_unit
GSM3649158,age,21,number_without_unit
GSM3649159,age,21,number_without_unit
GSM3649160,age,21,number_without_unit
GSM3649161,age,21,number_without_unit
GSM3649162,age,21,number_without_unit
GSM3649163,age,21,number_without_unit
GSM3649164,age,21,number_without_unit
GSM3649165,age,21,number_without_unit
GSM3649166,age,21,number_without_unit
GSM3649167,age,21,number_without_unit
GSM3649168,age,21,number_without_unit
GSM3649169,age,21,number_without_unit
GSM3649170,age,21,number_without_unit
GSM3649171,age,21,number_without_unit
GSM3649172,age,21,number_without_unit
GSM3649173,age,21,number_without_unit
GSM3649174,age,21,number_without_unit
GSM3649175,age,21,number_without_unit
GSM3649176,age,21,number_without_unit
GSM3649177,age,21,number_without_unit
GSM3649178,age,21,number_without_unit
GSM3649179,age,21,number_without_unit
GSM3649180,age,21,number_without_unit
GSM3649181,age,21,number_without_unit
GSM3649182,age,21,number_without_unit
GSM3649183,age,21,number_without_unit
GSM3649184,age,21,number_without_unit
GSM3649185,age,21,number_without_unit
GSM3649186,age,21,number_without_unit
GSM3649187,age,21,number_without_unit
GSM3649188,age,21,number_without_unit
GSM3649189,age,21,number_without_unit
GSM3649190,age,21,number_without_unit
GSM3649191,age,21,number_without_unit
GSM3649192,age,21,number_without_unit
GSM3649193,age,21,number_without_unit
GSM3649194,age,21,number_without_unit
GSM3649195,age,21,number_without_unit
GSM3649196,age,21,number_without_unit
GSM3649197,age,21,number_without_unit
GSM3649198,age,21,number_without_unit
GSM3649199,age,21,number_without_unit
GSM3649200,age,21,number_without_unit
GSM3649201,age,21,number_without_unit
GSM3649202,age,21,number_without_unit
GSM3649203,age,21,number_without_unit
GSM3649204,age,21,number_without_unit
GSM3649205,age,21,number_without_unit
GSM3649206,age,21,number_without_unit
GSM3649207,age,21,number_without_unit
GSM3649208,age,21,number_without_unit
GSM3649209,age,21,number_without_unit
GSM3649210,age,21,number_without_unit
GSM3649211,age,21,number_without_unit
GSM3649212,age,21,number_without_unit
GSM3649213,age,21,number_without_unit
GSM3649214,age,21,number_without_unit
GSM3649215,age,21,number_without_unit
GSM3649216,age,21,number_without_unit
GSM3649217,age,21,number_without_unit
GSM3649218,age,21,number_without_unit
GSM3649219,age,21,number_without_unit
GSM3649220,age,21,number_without_unit
GSM3649221,age,21,number_without_unit
GSM3649222,age,21,number_without_unit
GSM3649223,age,21,number_without_unit
GSM3649224,age,21,number_without_unit
GSM3649225,age,21,number_without_unit
GSM3649226,age,21,number_without_unit
GSM3649227,age,21,number_without_unit
GSM3649228,age,21,number_without_unit
GSM3649229,age,21,number_without_unit
GSM3649230,age,21,number_without_unit
GSM3649231,age,21,number_without_unit
GSM3649232,age,21,number_without_unit
GSM3649233,age,21,number_without_unit
GSM3649234,age,21,number_without_unit
GSM3649235,age,21,number_without_unit
GSM3649236,age,21,number_without_unit
GSM3649237,age,21,number_without_unit
GSM3649238,age,21,number_without_unit
GSM3649239,age,21,number_without_unit
GSM3649240,age,21,number_without_unit
GSM3649241,age,21,number_without_unit
GSM3649242,age,21,number_without_unit
GSM3649243,age,21,number_without_unit
GSM3649244,age,21,number_without_unit
GSM3649245,age,21,number_without_unit
GSM3649246,age,21,number_without_unit
GSM3649247,age,21,number_without_unit
GSM3649248,age,21,number_without_unit
GSM3649249,age,21,number_without_unit
GSM3649250,age,21,number_without_unit
GSM3649251,age,21,number_without_unit
GSM3649252,age,21,number_without_unit
GSM3649253,age,21,number_without_unit
GSM3649254,age,21,number_without_unit
GSM3649255,age,21,number_without_unit
GSM3649256,age,21,number_without_unit
GSM3649257,age,21,number_without_unit
GSM3649258,age,21,number_without_unit
GSM3649259,age,21,number_without_unit
GSM3649260,age,21,number_without_unit
GSM3649261,age,21,number_without_unit
GSM3649262,age,21,number_without_unit
GSM3649263,age,21,number_without_unit
GSM3649264,age,21,number_without_unit
GSM3649265,age,21,number_without_unit
GSM3649266,age,21,number_without_unit
GSM3649267,age,21,number_without_unit
GSM3649268,age,21,number_without_unit
GSM3649269,age,21,number_without_unit
GSM3649270,age,21,number_without_unit
GSM3649271,age,21,number_without_unit
GSM3649272,age,21,number_without_unit
GSM3649273,age,21,number_without_unit
GSM3649274,age,21,number_without_unit
GSM3649275,age,21,number_without_unit
GSM3649276,age,21,number_without_unit
GSM3649277,age,21,number_without_unit
GSM3649278,age,21,number_without_unit
GSM3649279,age,21,number_without_unit
GSM3649280,age,21,number_without_unit
GSM3649281,age,21,number_without_unit
GSM3649282,age,21,number_without_unit
GSM3649283,age,21,number_without_unit
GSM3649284,age,21,number_without_unit
GSM3649285,age,21,number_without_unit
GSM3649286,age,21,number_without_unit
GSM3649287,age,21,number_without_unit
GSM3649288,age,21,number_without_unit
GSM3649289,age,21,number_without_unit
GSM3649290,age,21,number_without_unit
GSM3649291,age,21,number_without_unit
GSM3649292,age,21,number_without_unit
GSM3649293,age,21,number_without_unit
GSM3649294,age,21,number_without_unit
GSM3649295,age,21,number_without_unit
GSM3649296,age,21,number_without_unit
GSM3649297,age,21,number_without_unit
GSM3649298,age,21,number_without_unit
GSM3649299,age,21,number_without_unit
GSM3649300,age,21,number_without_unit
GSM3649301,age,21,number_without_unit
GSM3649302,age,21,number_without_unit
GSM3649303,age,21,number_without_unit
GSM3649304,age,21,number_without_unit
GSM3649305,age,21,number_without_unit
GSM3649306,age,21,number_without_unit
GSM3649307,age,21,number_without_unit
GSM3649308,age,21,number_without_unit
GSM3649309,age,21,number_without_unit
GSM3649310,age,21,number_without_unit
GSM3649311,age,21,number_without_unit
GSM3649312,age,21,number_without_unit
GSM3649313,age,21,number_without_unit
GSM3649314,age,21,number_without_unit
GSM3649315,age,21,number_without_unit
GSM3649316,age,21,number_without_unit
GSM3649317,age,21,number_without_unit
GSM3649318,age,21,number_without_unit
GSM3649319,age,21,number_without_unit
GSM3649320,age,21,number_without_unit
GSM3649321,age,21,number_without_unit
GSM3649322,age,21,number_without_unit
GSM3649323,age,21,number_without_unit
GSM3649324,age,21,number_without_unit
GSM3649325,age,21,number_without_unit
GSM3649326,age,21,number_without_unit
GSM3649327,age,21,number_without_unit
GSM3649328,age,21,number_without_unit
GSM3649329,age,21,number_without_unit
GSM3649330,age,21,number_without_unit
GSM3649331,age,21,number_without_unit
GSM3649332,age,21,number_without_unit
GSM3649333,age,21,number_without_unit
GSM3649334,age,21,number_without_unit
GSM3649335,age,21,number_without_unit
GSM3649336,age,21,number_without_unit
GSM3649337,age,21,number_without_unit
GSM3649338,age,21,number_without_unit
GSM3649339,age,21,number_without_unit
GSM3649340,age,21,number_without_unit
GSM3649341,age,21,number_without_unit
GSM3649342,age,21,number_without_unit
GSM3649343,age,21,number_without_unit
GSM3649344,age,21,number_without_unit
GSM3649345,age,21,number_without_unit
GSM3649346,age,21,number_without_unit
GSM3649347,age,21,number_without_unit
GSM3649348,age,21,number_without_unit
GSM3649349,age,21,number_without_unit
GSM3649350,age,21,number_without_unit
GSM3649351,age,21,number_without_unit
GSM3649352,age,21,number_without_unit
GSM3649353,age,21,number_without_unit
GSM3649354,age,21,number_without_unit
GSM3649355,age,21,number_without_unit
GSM3649356,age,21,number_without_unit
GSM3649357,age,21,number_without_unit
GSM3649358,age,21,number_without_unit
GSM3649359,age,21,number_without_unit
GSM3649360,age,21,number_without_unit
GSM3649361,age,21,number_without_unit
GSM3649362,age,21,number_without_unit
GSM3649363,age,21,number_without_unit
GSM3649364,age,21,number_without_unit
GSM3649365,age,21,number_without_unit
GSM3649366,age,21,number_without_unit
GSM3649367,age,21,number_without_unit
GSM3649368,age,21,number_without_unit
GSM3649369,age,21,number_without_unit
GSM3649370,age,21,number_without_unit
GSM3649371,age,21,number_without_unit
GSM3649372,age,21,number_without_unit
GSM3649373,age,21,number_without_unit
GSM3649374,age,21,number_without_unit
GSM3649375,age,21,number_without_unit
GSM3649376,age,21,number_without_unit
GSM3649377,age,21,number_without_unit
GSM3649378,age,21,number_without_unit
GSM3649379,age,21,number_without_unit
GSM3649380,age,21,number_without_unit
GSM3649381,age,21,number_without_unit
GSM3649382,age,21,number_without_unit
GSM3649383,age,21,number_without_unit
GSM3649384,age,21,number_without_unit
GSM3649385,age,21,number_without_unit
GSM3649386,age,21,number_without_unit
GSM3649387,age,21,number_without_unit
GSM3649388,age,21,number_without_unit
GSM3649389,age,21,number_without_unit
GSM3649390,age,21,number_without_unit
GSM3649391,age,21,number_without_unit
GSM3649392,age,21,number_without_unit
GSM3649393,age,21,number_without_unit
GSM3649394,age,21,number_without_unit
GSM3649395,age,21,number_without_unit
GSM3649396,age,21,number_without_unit
GSM3649397,age,21,number_without_unit
GSM3649398,age,21,number_without_unit
GSM3649399,age,21,number_without_unit
GSM3649400,age,21,number_without_unit
GSM3649401,age,21,number_without_unit
GSM3649402,age,21,number_without_unit
GSM3649403,age,21,number_without_unit
GSM3649404,age,21,number_without_unit
GSM3649405,age,21,number_without_unit
GSM3649406,age,21,number_without_unit
GSM3649407,age,21,number_without_unit
GSM3649408,age,21,number_without_unit
GSM3649409,age,21,number_without_unit
GSM3649410,age,21,number_without_unit
GSM3649411,age,21,number_without_unit
GSM3649412,age,21,number_without_unit
GSM3649413,age,21,number_without_unit
GSM3649414,age,21,number_without_unit
GSM3649415,age,21,number_without_unit
GSM3649416,age,21,number_without_unit
GSM3649417,age,21,number_without_unit
GSM3649418,age,21,number_without_unit
GSM3649419,age,21,number_without_unit
GSM3649420,age,21,number_without_unit
GSM3649421,age,21,number_without_unit
GSM3649422,age,21,number_without_unit
GSM3649423,age,21,number_without_unit
GSM3649424,age,21,number_without_unit
GSM3649425,age,21,number_without_unit
GSM3649426,age,21,number_without_unit
GSM3649427,age,21,number_without_unit
GSM3649428,age,21,number_without_unit
GSM3649429,age,21,number_without_unit
GSM3649430,age,21,number_without_unit
GSM3649431,age,21,number_without_unit
GSM3649432,age,21,number_without_unit
GSM3649433,age,21,number_without_unit
GSM3649434,age,21,number_without_unit
GSM3649435,age,21,number_without_unit
GSM3649436,age,21,number_without_unit
GSM3649437,age,21,number_without_unit
GSM3649438,age,21,number_without_unit
GSM3649439,age,21,number_without_unit
GSM3649440,age,21,number_without_unit
GSM3649441,age,21,number_without_unit
GSM3649442,age,21,number_without_unit
GSM3649443,age,21,number_without_unit
GSM3649444,age,21,number_without_unit
GSM3649445,age,21,number_without_unit
GSM3649446,age,21,number_without_unit
GSM3649447,age,21,number_without_unit
GSM3649448,age,21,number_without_unit
GSM3649449,age,21,number_without_unit
GSM3649450,age,21,number_without_unit
GSM3649451,age,21,number_without_unit
GSM3649452,age,21,number_without_unit
GSM3649453,age,21,number_without_unit
GSM3649454,age,21,number_without_unit
GSM3649455,age,21,number_without_unit
GSM3649456,age,21,number_without_unit
GSM3649457,age,21,number_without_unit
GSM3649458,age,21,number_without_unit
GSM3649459,age,21,number_without_unit
GSM3649460,age,21,number_without_unit
GSM3649461,age,21,number_without_unit
GSM3649462,age,21,number_without_unit
GSM3649463,age,21,number_without_unit
GSM3649464,age,21,number_without_unit
GSM3649465,age,21,number_without_unit
GSM3649466,age,21,number_without_unit
GSM3649467,age,21,number_without_unit
GSM3649468,age,21,number_without_unit
GSM3649469,age,21,number_without_unit
GSM3649470,age,21,number_without_unit
GSM3649471,age,21,number_without_unit
GSM3649472,age,21,number_without_unit
GSM3649473,age,21,number_without_unit
GSM3649474,age,21,number_without_unit
GSM3649475,age,21,number_without_unit
GSM3649476,age,21,number_without_unit
GSM3649477,age,21,number_without_unit
GSM3649478,age,21,number_without_unit
GSM3649479,age,21,number_without_unit
GSM3649480,age,21,number_without_unit
GSM3649481,age,21,number_without_unit
GSM3649482,age,21,number_without_unit
GSM3649483,age,21,number_without_unit
GSM3649484,age,21,number_without_unit
GSM3649485,age,21,number_without_unit
GSM3649486,age,21,number_without_unit
GSM3649487,age,21,number_without_unit
GSM3649488,age,21,number_without_unit
GSM3649489,age,21,number_without_unit
GSM3649490,age,21,number_without_unit
GSM3649491,age,21,number_without_unit
GSM3649492,age,21,number_without_unit
GSM3649493,age,21,number_without_unit
GSM3649494,age,21,number_without_unit
GSM3649495,age,21,number_without_unit
GSM3649496,age,21,number_without_unit
GSM3649497,age,21,number_without_unit
GSM3649498,age,21,number_without_unit
GSM3649499,age,21,number_without_unit
GSM3649500,age,21,number_without_unit
GSM3649501,age,21,number_without_unit
GSM3649502,age,21,number_without_unit
GSM3649503,age,21,number_without_unit
GSM3649504,age,21,number_without_unit
GSM3649505,age,21,number_without_unit
GSM3649506,age,21,number_without_unit
GSM3649507,age,21,number_without_unit
GSM3649508,age,21,number_without_unit
GSM3649509,age,21,number_without_unit
GSM3649510,age,21,number_without_unit
GSM3649511,age,21,number_without_unit
GSM3649512,age,21,number_without_unit
GSM3649513,age,21,number_without_unit
GSM3649514,age,21,number_without_unit
GSM3649515,age,21,number_without_unit
GSM3649516,age,21,number_without_unit
GSM3649517,age,21,number_without_unit
GSM3649518,age,21,number_without_unit
GSM3649519,age,21,number_without_unit
GSM3649520,age,21,number_without_unit
GSM3649521,age,21,number_without_unit
GSM3649522,age,21,number_without_unit
GSM3649523,age,21,number_without_unit
GSM3649524,age,21,number_without_unit
GSM3649525,age,21,number_without_unit
GSM3649526,age,21,number_without_unit
GSM3649527,age,21,number_without_unit
GSM3649528,age,21,number_without_unit
GSM3649529,age,21,number_without_unit
GSM3649530,age,21,number_without_unit
GSM3649531,age,21,number_without_unit
GSM3649532,age,21,number_without_unit
GSM3649533,age,21,number_without_unit
GSM3649534,age,21,number_without_unit
GSM3649535,age,21,number_without_unit
GSM3649536,age,21,number_without_unit
GSM3649537,age,21,number_without_unit
GSM3649538,age,21,number_without_unit
GSM3649539,age,21,number_without_unit
GSM3649540,age,21,number_without_unit
GSM3649541,age,21,number_without_unit
GSM3649542,age,21,number_without_unit
GSM3649543,age,21,number_without_unit
GSM3649544,age,21,number_without_unit
GSM3649545,age,21,number_without_unit
GSM3649546,age,21,number_without_unit
GSM3649547,age,21,number_without_unit
GSM3649548,age,21,number_without_unit
GSM3649549,age,21,number_without_unit
GSM3649550,age,21,number_without_unit
GSM3649551,age,21,number_without_unit
GSM3649552,age,21,number_without_unit
GSM3649553,age,21,number_without_unit
GSM3649554,age,21,number_without_unit
GSM3649555,age,21,number_without_unit
GSM3649556,age,21,number_without_unit
GSM3649557,age,21,number_without_unit
GSM3649558,age,21,number_without_unit
GSM3649559,age,21,number_without_unit
GSM3649560,age,21,number_without_unit
GSM3649561,age,21,number_without_unit
GSM3649562,age,21,number_without_unit
GSM3649563,age,21,number_without_unit
GSM3649564,age,21,number_without_unit
GSM3649565,age,21,number_without_unit
GSM3649566,age,21,number_without_unit
GSM3649567,age,21,number_without_unit
GSM3649568,age,21,number_without_unit
GSM3649569,age,21,number_without_unit
GSM3649570,age,21,number_without_unit
GSM3649571,age,21,number_without_unit
GSM3649572,age,21,number_without_unit
GSM3649573,age,21,number_without_unit
GSM3649574,age,21,number_without_unit
GSM3649575,age,21,number_without_unit
GSM3649576,age,21,number_without_unit
GSM3649577,age,21,number_without_unit
GSM3649578,age,21,number_without_unit
GSM3649579,age,21,number_without_unit
GSM3649580,age,21,number_without_unit
GSM3649581,age,21,number_without_unit
GSM3649582,age,21,number_without_unit
GSM3649583,age,21,number_without_unit
GSM3649584,age,21,number_without_unit
GSM3649585,age,21,number_without_unit
GSM3649586,age,21,number_without_unit
GSM3649587,age,21,number_without_unit
GSM3649588,age,21,number_without_unit
GSM3649589,age,21,number_without_unit
GSM3649590,age,21,number_without_unit
GSM3649591,age,21,number_without_unit
GSM3649592,age,21,number_without_unit
GSM3649593,age,21,number_without_unit
GSM3649594,age,21,number_without_unit
GSM3649595,age,21,number_without_unit
GSM3649596,age,21,number_without_unit
GSM3649597,age,21,number_without_unit
GSM3649598,age,21,number_without_unit
GSM3649599,age,21,number_without_unit
GSM3649600,age,21,number_without_unit
GSM3649601,age,21,number_without_unit
GSM3649602,age,21,number_without_unit
GSM3649603,age,21,number_without_unit
GSM3649604,age,21,number_without_unit
GSM3649605,age,21,number_without_unit
GSM3649606,age,21,number_without_unit
GSM3649607,age,21,number_without_unit
GSM3649608,age,21,number_without_unit
GSM3649609,age,21,number_without_unit
GSM3649610,age,21,number_without_unit
GSM3649611,age,21,number_without_unit
GSM3649612,age,21,number_without_unit
GSM3649613,age,21,number_without_unit
GSM3649614,age,21,number_without_unit
GSM3649615,age,21,number_without_unit
GSM3649616,age,21,number_without_unit
GSM3649617,age,21,number_without_unit
GSM3649618,age,21,number_without_unit
GSM3649619,age,21,number_without_unit
GSM3649620,age,21,number_without_unit
GSM3649621,age,21,number_without_unit
GSM3649622,age,21,number_without_unit
GSM3649623,age,21,number_without_unit
GSM3649624,age,21,number_without_unit
GSM3649625,age,21,number_without_unit
GSM3649626,age,21,number_without_unit
GSM3649627,age,21,number_without_unit
GSM3649628,age,21,number_without_unit
GSM3649629,age,21,number_without_unit
GSM3649630,age,21,number_without_unit
GSM3649631,age,21,number_without_unit
GSM3649632,age,21,number_without_unit
GSM3649633,age,21,number_without_unit
GSM3649634,age,21,number_without_unit
GSM3649635,age,21,number_without_unit
GSM3649636,age,21,number_without_unit
GSM3649637,age,21,number_without_unit
GSM3649638,age,21,number_without_unit
GSM3649639,age,21,number_without_unit
GSM3649640,age,21,number_without_unit
GSM3649641,age,21,number_without_unit
GSM3649642,age,21,number_without_unit
GSM3649643,age,21,number_without_unit
GSM3649644,age,21,number_without_unit
GSM3649645,age,21,number_without_unit
GSM3649646,age,21,number_without_unit
GSM3649647,age,21,number_without_unit
GSM3649648,age,21,number_without_unit
GSM3649649,age,21,number_without_unit
GSM3649650,age,21,number_without_unit
GSM3649651,age,21,number_without_unit
GSM3649652,age,21,number_without_unit
GSM3649653,age,21,number_without_unit
GSM3649654,age,21,number_without_unit
GSM3649655,age,21,number_without_unit
GSM3649656,age,21,number_without_unit
GSM3649657,age,21,number_without_unit
GSM3649658,age,21,number_without_unit
GSM3649659,age,21,number_without_unit
GSM3649660,age,21,number_without_unit
GSM3649661,age,21,number_without_unit
GSM3649662,age,21,number_without_unit
GSM3649663,age,21,number_without_unit
GSM3649664,age,21,number_without_unit
GSM3649665,age,21,number_without_unit
GSM3649666,age,21,number_without_unit
GSM3649667,age,21,number_without_unit
GSM3649668,age,21,number_without_unit
GSM3649669,age,21,number_without_unit
GSM3649670,age,21,number_without_unit
GSM3649671,age,21,number_without_unit
GSM3649672,age,21,number_without_unit
GSM3649673,age,21,number_without_unit
GSM3649674,age,21,number_without_unit
GSM3649675,age,21,number_without_unit
GSM3649676,age,21,number_without_unit
GSM3649677,age,21,number_without_unit
GSM3649678,age,21,number_without_unit
GSM3649679,age,21,number_without_unit
GSM3649680,age,21,number_without_unit
GSM3649681,age,21,number_without_unit
GSM3649682,age,21,number_without_unit
GSM3649683,age,21,number_without_unit
GSM3649684,age,21,number_without_unit
GSM3649685,age,21,number_without_unit
GSM3649686,age,21,number_without_unit
GSM3649687,age,21,number_without_unit
GSM3649688,age,21,number_without_unit
GSM3649689,age,21,number_without_unit
GSM3649690,age,21,number_without_unit
GSM3649691,age,21,number_without_unit
GSM3649692,age,21,number_without_unit
GSM3649693,age,21,number_without_unit
GSM3649694,age,21,number_without_unit
GSM3649695,age,21,number_without_unit
GSM3649696,age,21,number_without_unit
GSM3649697,age,21,number_without_unit
GSM3649698,age,21,number_without_unit
GSM3649699,age,21,number_without_unit
GSM3649700,age,21,number_without_unit
GSM3649701,age,21,number_without_unit
GSM3649702,age,21,number_without_unit
GSM3649703,age,21,number_without_unit
GSM3649704,age,21,number_without_unit
GSM3649705,age,21,number_without_unit
GSM3649706,age,21,number_without_unit
GSM3649707,age,21,number_without_unit
GSM3649708,age,21,number_without_unit
GSM3649709,age,21,number_without_unit
GSM3649710,age,21,number_without_unit
GSM3649711,age,21,number_without_unit
GSM3649712,age,21,number_without_unit
GSM3649713,age,21,number_without_unit
GSM3649714,age,21,number_without_unit
GSM3649715,age,21,number_without_unit
GSM3649716,age,21,number_without_unit
GSM3649717,age,21,number_without_unit
GSM3649718,age,21,number_without_unit
GSM3649719,age,21,number_without_unit
GSM3649720,age,21,number_without_unit
GSM3649721,age,21,number_without_unit
GSM3649722,age,21,number_without_unit
GSM3649723,age,21,number_without_unit
GSM3649724,age,21,number_without_unit
GSM3649725,age,21,number_without_unit
GSM3649726,age,21,number_without_unit
GSM3649727,age,21,number_without_unit
GSM3649728,age,21,number_without_unit
GSM3649729,age,21,number_without_unit
GSM3649730,age,21,number_without_unit
GSM3649731,age,21,number_without_unit
GSM3649732,age,21,number_without_unit
GSM3649733,age,21,number_without_unit
GSM3649734,age,21,number_without_unit
GSM3649735,age,21,number_without_unit
GSM3649736,age,21,number_without_unit
GSM3649737,age,21,number_without_unit
GSM3649738,age,21,number_without_unit
GSM3649739,age,21,number_without_unit
GSM3649740,age,21,number_without_unit
GSM3649741,age,21,number_without_unit
GSM3649742,age,21,number_without_unit
GSM3649743,age,21,number_without_unit
GSM3649744,age,21,number_without_unit
GSM3649745,age,21,number_without_unit
GSM3649746,age,21,number_without_unit
GSM3649747,age,21,number_without_unit
GSM3649748,age,21,number_without_unit
GSM3649749,age,21,number_without_unit
GSM3649750,age,21,number_without_unit
GSM3649751,age,21,number_without_unit
GSM3649752,age,21,number_without_unit
GSM3649753,age,21,number_without_unit
GSM3649754,age,21,number_without_unit
GSM3649755,age,21,number_without_unit
GSM3649756,age,21,number_without_unit
GSM3649757,age,21,number_without_unit
GSM3649758,age,21,number_without_unit
GSM3649759,age,21,number_without_unit
GSM3649760,age,21,number_without_unit
GSM3649761,age,21,number_without_unit
GSM3649762,age,21,number_without_unit
GSM3649763,age,21,number_without_unit
GSM3649764,age,21,number_without_unit
GSM3649765,age,21,number_without_unit
GSM3649766,age,21,number_without_unit
GSM3649767,age,21,number_without_unit
GSM3649768,age,21,number_without_unit
GSM3649769,age,21,number_without_unit
GSM3649770,age,21,number_without_unit
GSM3649771,age,21,number_without_unit
GSM3649772,age,21,number_without_unit
GSM3649773,age,21,number_without_unit
GSM3649774,age,21,number_without_unit
GSM3649775,age,21,number_without_unit
GSM3649776,age,21,number_without_unit
GSM3649777,age,21,number_without_unit
GSM3649778,age,21,number_without_unit
GSM3649779,age,21,number_without_unit
GSM3649780,age,21,number_without_unit
GSM3649781,age,21,number_without_unit
GSM3649782,age,21,number_without_unit
GSM3649783,age,21,number_without_unit
GSM3649784,age,21,number_without_unit
GSM3649785,age,21,number_without_unit
GSM3649786,age,21,number_without_unit
GSM3649787,age,21,number_without_unit
GSM3649788,age,21,number_without_unit
GSM3649789,age,21,number_without_unit
GSM3649790,age,21,number_without_unit
GSM3649791,age,21,number_without_unit
GSM3649792,age,21,number_without_unit
GSM3649793,age,21,number_without_unit
GSM3649794,age,21,number_without_unit
GSM3649795,age,21,number_without_unit
GSM3649796,age,21,number_without_unit
GSM3649797,age,21,number_without_unit
GSM3649798,age,21,number_without_unit
GSM3649799,age,21,number_without_unit
GSM3649800,age,21,number_without_unit
GSM3649801,age,21,number_without_unit
GSM3649802,age,21,number_without_unit
GSM3649803,age,21,number_without_unit
GSM3649804,age,21,number_without_unit
GSM3649805,age,21,number_without_unit
GSM3649806,age,21,number_without_unit
GSM3649807,age,21,number_without_unit
GSM3649808,age,21,number_without_unit
GSM3649809,age,21,number_without_unit
GSM3649810,age,21,number_without_unit
GSM3649811,age,21,number_without_unit
GSM3649812,age,21,number_without_unit
GSM3649813,age,21,number_without_unit
GSM3649814,age,21,number_without_unit
GSM3649815,age,21,number_without_unit
GSM3649816,age,21,number_without_unit
GSM3649817,age,21,number_without_unit
GSM3649818,age,21,number_without_unit
GSM3649819,age,21,number_without_unit
GSM3649820,age,21,number_without_unit
GSM3649821,age,21,number_without_unit
GSM3649822,age,21,number_without_unit
GSM3649823,age,21,number_without_unit
GSM3649824,age,21,number_without_unit
GSM3649825,age,21,number_without_unit
GSM3649826,age,21,number_without_unit
GSM3649827,age,21,number_without_unit
GSM3649828,age,21,number_without_unit
GSM3649829,age,21,number_without_unit
GSM3649830,age,21,number_without_unit
GSM3649831,age,21,number_without_unit
GSM3649832,age,21,number_without_unit
GSM3649833,age,21,number_without_unit
GSM3649834,age,21,number_without_unit
GSM3649835,age,21,number_without_unit
GSM3649836,age,21,number_without_unit
GSM3649837,age,21,number_without_unit
GSM3649838,age,21,number_without_unit
GSM3649839,age,21,number_without_unit
GSM3649840,age,21,number_without_unit
GSM3649841,age,21,number_without_unit
GSM3649842,age,21,number_without_unit
GSM3649843,age,21,number_without_unit
GSM3649844,age,21,number_without_unit
GSM3649845,age,21,number_without_unit
GSM3649846,age,21,number_without_unit
GSM3649847,age,21,number_without_unit
GSM3649848,age,21,number_without_unit
GSM3649849,age,21,number_without_unit
GSM3649850,age,21,number_without_unit
GSM3649851,age,21,number_without_unit
GSM3649852,age,21,number_without_unit
GSM3649853,age,21,number_without_unit
GSM3649854,age,21,number_without_unit
GSM3649855,age,21,number_without_unit
GSM3649856,age,21,number_without_unit
GSM3649857,age,21,number_without_unit
GSM3649858,age,21,number_without_unit
GSM3649859,age,21,number_without_unit
GSM3649860,age,21,number_without_unit
GSM3649861,age,21,number_without_unit
GSM3649862,age,21,number_without_unit
GSM3649863,age,21,number_without_unit
GSM3649864,age,21,number_without_unit
GSM3649865,age,21,number_without_unit
GSM3649866,age,21,number_without_unit
GSM3649867,age,21,number_without_unit
GSM3649868,age,21,number_without_unit
GSM3649869,age,21,number_without_unit
GSM3649870,age,21,number_without_unit
GSM3649871,age,21,number_without_unit
GSM3649872,age,21,number_without_unit
GSM3649873,age,21,number_without_unit
GSM3649874,age,21,number_without_unit
GSM3649875,age,21,number_without_unit
GSM3649876,age,21,number_without_unit
GSM3649877,age,21,number_without_unit
GSM3649878,age,21,number_without_unit
GSM3649879,age,21,number_without_unit
GSM3649880,age,21,number_without_unit
GSM3649881,age,21,number_without_unit
GSM3649882,age,21,number_without_unit
GSM3649883,age,21,number_without_unit
GSM3649884,age,21,number_without_unit
GSM3649885,age,21,number_without_unit
GSM3649886,age,21,number_without_unit
GSM3649887,age,21,number_without_unit
GSM3649888,age,21,number_without_unit
GSM3649889,age,21,number_without_unit
GSM3649890,age,21,number_without_unit
GSM3649891,age,21,number_without_unit
GSM3649892,age,21,number_without_unit
GSM3649893,age,21,number_without_unit
GSM3649894,age,21,number_without_unit
GSM3649895,age,21,number_without_unit
GSM3649896,age,21,number_without_unit
GSM3649897,age,21,number_without_unit
GSM3649898,age,21,number_without_unit
GSM3649899,age,21,number_without_unit
GSM3649900,age,21,number_without_unit
GSM3649901,age,21,number_without_unit
GSM3649902,age,21,number_without_unit
GSM3649903,age,21,number_without_unit
GSM3649904,age,21,number_without_unit
GSM3649905,age,21,number_without_unit
GSM3649906,age,21,number_without_unit
GSM3649907,age,21,number_without_unit
GSM3649908,age,21,number_without_unit
GSM3649909,age,21,number_without_unit
GSM3649910,age,21,number_without_unit
GSM3649911,age,21,number_without_unit
GSM3649912,age,21,number_without_unit
GSM3649913,age,21,number_without_unit
GSM3649914,age,21,number_without_unit
GSM3649915,age,21,number_without_unit
GSM3649916,age,21,number_without_unit
GSM3649917,age,21,number_without_unit
GSM3649918,age,21,number_without_unit
GSM3649919,age,21,number_without_unit
GSM3649920,age,21,number_without_unit
GSM3649921,age,21,number_without_unit
GSM3649922,age,21,number_without_unit
GSM3649923,age,21,number_without_unit
GSM3649924,age,21,number_without_unit
GSM3649925,age,21,number_without_unit
GSM3649926,age,21,number_without_unit
GSM3654548,age,21,number_without_unit
GSM3654549,age,21,number_without_unit
GSM3654550,age,21,number_without_unit
GSM3654551,age,21,number_without_unit
GSM3654552,age,21,number_without_unit
GSM3654553,age,21,number_without_unit
GSM3654554,age,21,number_without_unit
GSM3654555,age,21,number_without_unit
GSM3654556,age,21,number_without_unit
GSM3654557,age,21,number_without_unit
GSM3654558,age,21,number_without_unit
GSM3654559,age,21,number_without_unit
GSM3654560,age,21,number_without_unit
GSM3654561,age,21,number_without_unit
GSM3654562,age,21,number_without_unit
GSM3654563,age,21,number_without_unit
GSM3654564,age,21,number_without_unit
GSM3654565,age,21,number_without_unit
GSM3654566,age,21,number_without_unit
GSM3654567,age,21,number_without_unit
GSM3654568,age,21,number_without_unit
GSM3654569,age,21,number_without_unit
GSM3654570,age,21,number_without_unit
GSM3654571,age,21,number_without_unit
GSM3654572,age,21,number_without_unit
GSM3654573,age,21,number_without_unit
GSM3654574,age,21,number_without_unit
GSM3654575,age,21,number_without_unit
GSM3654576,age,21,number_without_unit
GSM3654577,age,21,number_without_unit
GSM3654578,age,21,number_without_unit
GSM3654579,age,21,number_without_unit
GSM3654580,age,21,number_without_unit
GSM3654581,age,21,number_without_unit
GSM3654582,age,21,number_without_unit
GSM3654583,age,21,number_without_unit
GSM3654584,age,21,number_without_unit
GSM3654585,age,21,number_without_unit
GSM3654586,age,21,number_without_unit
GSM3654587,age,21,number_without_unit
GSM3654588,age,21,number_without_unit
GSM3654589,age,21,number_without_unit
GSM3654590,age,21,number_without_unit
GSM3654591,age,21,number_without_unit
GSM3654592,age,21,number_without_unit
GSM3654593,age,21,number_without_unit
GSM3654594,age,21,number_without_unit
GSM3654595,age,21,number_without_unit
GSM3654596,age,21,number_without_unit
GSM3654597,age,21,number_without_unit
GSM3654598,age,21,number_without_unit
GSM3654599,age,21,number_without_unit
GSM3654600,age,21,number_without_unit
GSM3654601,age,21,number_without_unit
GSM3654602,age,21,number_without_unit
GSM3654603,age,21,number_without_unit
GSM3654604,age,21,number_without_unit
GSM3654605,age,21,number_without_unit
GSM3654606,age,21,number_without_unit
GSM3654607,age,21,number_without_unit
GSM3654608,age,21,number_without_unit
GSM3654609,age,21,number_without_unit
GSM3654610,age,21,number_without_unit
GSM3654611,age,21,number_without_unit
GSM3654612,age,21,number_without_unit
GSM3654613,age,21,number_without_unit
GSM3654614,age,21,number_without_unit
GSM3654615,age,21,number_without_unit
GSM3654616,age,21,number_without_unit
GSM3654617,age,21,number_without_unit
GSM3654618,age,21,number_without_unit
GSM3654619,age,21,number_without_unit
GSM3654620,age,21,number_without_unit
GSM3654621,age,21,number_without_unit
GSM3654622,age,21,number_without_unit
GSM3654623,age,21,number_without_unit
GSM3654624,age,21,number_without_unit
GSM3654625,age,21,number_without_unit
GSM3654626,age,21,number_without_unit
GSM3654627,age,21,number_without_unit
GSM3654628,age,21,number_without_unit
GSM3654629,age,21,number_without_unit
GSM3654630,age,21,number_without_unit
GSM3654631,age,21,number_without_unit
GSM3654632,age,21,number_without_unit
GSM3654633,age,21,number_without_unit
GSM3654634,age,21,number_without_unit
GSM3654635,age,21,number_without_unit
GSM3654636,age,21,number_without_unit
GSM3654637,age,21,number_without_unit
GSM3654638,age,21,number_without_unit
GSM3654639,age,21,number_without_unit
GSM3654640,age,21,number_without_unit
GSM3654641,age,21,number_without_unit
GSM3654642,age,21,number_without_unit
GSM3654643,age,21,number_without_unit
GSM3654644,age,21,number_without_unit
GSM3654645,age,21,number_without_unit
GSM3654646,age,21,number_without_unit
GSM3654647,age,21,number_without_unit
GSM3654648,age,21,number_without_unit
GSM3654649,age,21,number_without_unit
GSM3654650,age,21,number_without_unit
GSM3654651,age,21,number_without_unit
GSM3654652,age,21,number_without_unit
GSM3654653,age,21,number_without_unit
GSM3654654,age,21,number_without_unit
GSM3654655,age,21,number_without_unit
GSM3654656,age,21,number_without_unit
GSM3654657,age,21,number_without_unit
GSM3654658,age,21,number_without_unit
GSM3654659,age,21,number_without_unit
GSM3654660,age,21,number_without_unit
GSM3654661,age,21,number_without_unit
GSM3654662,age,21,number_without_unit
GSM3654663,age,21,number_without_unit
GSM3654664,age,21,number_without_unit
GSM3654665,age,21,number_without_unit
GSM3654666,age,21,number_without_unit
GSM3654667,age,21,number_without_unit
GSM3654668,age,21,number_without_unit
GSM3654669,age,21,number_without_unit
GSM3654670,age,21,number_without_unit
GSM3654671,age,21,number_without_unit
GSM3654672,age,21,number_without_unit
GSM3654673,age,21,number_without_unit
GSM3654674,age,21,number_without_unit
GSM3654675,age,21,number_without_unit
GSM3654676,age,21,number_without_unit
GSM3654677,age,21,number_without_unit
GSM3654678,age,21,number_without_unit
GSM3654679,age,21,number_without_unit
GSM3654680,age,21,number_without_unit
GSM3654681,age,21,number_without_unit
GSM3654682,age,21,number_without_unit
GSM3654683,age,21,number_without_unit
GSM3654684,age,21,number_without_unit
GSM3654685,age,21,number_without_unit
GSM3654686,age,21,number_without_unit
GSM3654687,age,21,number_without_unit
GSM3654688,age,21,number_without_unit
GSM3654689,age,21,number_without_unit
GSM3654690,age,21,number_without_unit
GSM3654691,age,21,number_without_unit
GSM3654692,age,21,number_without_unit
GSM3654693,age,21,number_without_unit
GSM3654694,age,21,number_without_unit
GSM3654695,age,21,number_without_unit
GSM3654696,age,21,number_without_unit
GSM3654697,age,21,number_without_unit
GSM3654698,age,21,number_without_unit
GSM3654699,age,21,number_without_unit
GSM3654700,age,21,number_without_unit
GSM3654701,age,21,number_without_unit
GSM3654702,age,21,number_without_unit
GSM3654703,age,21,number_without_unit
GSM3654704,age,21,number_without_unit
GSM3654705,age,21,number_without_unit
GSM3654706,age,21,number_without_unit
GSM3654707,age,21,number_without_unit
GSM3654708,age,21,number_without_unit
GSM3654709,age,21,number_without_unit
GSM3654710,age,21,number_without_unit
GSM3654711,age,21,number_without_unit
GSM3654712,age,21,number_without_unit
GSM3654713,age,21,number_without_unit
GSM3654714,age,21,number_without_unit
GSM3654715,age,21,number_without_unit
GSM3654716,age,21,number_without_unit
GSM3654717,age,21,number_without_unit
GSM3654718,age,21,number_without_unit
GSM3654719,age,21,number_without_unit
GSM3654720,age,21,number_without_unit
GSM3654721,age,21,number_without_unit
GSM3654722,age,21,number_without_unit
GSM3654723,age,21,number_without_unit
GSM3654724,age,21,number_without_unit
GSM3654725,age,21,number_without_unit
GSM3654726,age,21,number_without_unit
GSM3654727,age,21,number_without_unit
GSM3654728,age,21,number_without_unit
GSM3654729,age,21,number_without_unit
GSM3654730,age,21,number_without_unit
GSM3654731,age,21,number_without_unit
GSM3654732,age,21,number_without_unit
GSM3654733,age,21,number_without_unit
GSM3654734,age,21,number_without_unit
GSM3654735,age,21,number_without_unit
GSM3654736,age,21,number_without_unit
GSM3654737,age,21,number_without_unit
GSM3654738,age,21,number_without_unit
GSM3654739,age,21,number_without_unit
GSM3654740,age,21,number_without_unit
GSM3654741,age,21,number_without_unit
GSM3654742,age,21,number_without_unit
GSM3654743,age,21,number_without_unit
GSM3654744,age,21,number_without_unit
GSM3654745,age,21,number_without_unit
GSM3654746,age,21,number_without_unit
GSM3654747,age,21,number_without_unit
GSM3654748,age,21,number_without_unit
GSM3654749,age,21,number_without_unit
GSM3654750,age,21,number_without_unit
GSM3654751,age,21,number_without_unit
GSM3654752,age,21,number_without_unit
GSM3654753,age,21,number_without_unit
GSM3654754,age,21,number_without_unit
GSM3654755,age,21,number_without_unit
GSM3654756,age,21,number_without_unit
GSM3654757,age,21,number_without_unit
GSM3654758,age,21,number_without_unit
GSM3654759,age,21,number_without_unit
GSM3654760,age,21,number_without_unit
GSM3654761,age,21,number_without_unit
GSM3654762,age,21,number_without_unit
GSM3654763,age,21,number_without_unit
GSM3654764,age,21,number_without_unit
GSM3654765,age,21,number_without_unit
GSM3654766,age,21,number_without_unit
GSM3654767,age,21,number_without_unit
GSM3654768,age,21,number_without_unit
GSM3654769,age,21,number_without_unit
GSM3654770,age,21,number_without_unit
GSM3654771,age,21,number_without_unit
GSM3654772,age,21,number_without_unit
GSM3654773,age,21,number_without_unit
GSM3654774,age,21,number_without_unit
GSM3654775,age,21,number_without_unit
GSM3654776,age,21,number_without_unit
GSM3654777,age,21,number_without_unit
GSM3654778,age,21,number_without_unit
GSM3654779,age,21,number_without_unit
GSM3654780,age,21,number_without_unit
GSM3654781,age,21,number_without_unit
GSM3654782,age,21,number_without_unit
GSM3654783,age,21,number_without_unit
GSM3654784,age,21,number_without_unit
GSM3654785,age,21,number_without_unit
GSM3654786,age,21,number_without_unit
GSM3654787,age,21,number_without_unit
GSM3654788,age,21,number_without_unit
GSM3654789,age,21,number_without_unit
GSM3654790,age,21,number_without_unit
GSM3654791,age,21,number_without_unit
GSM3654792,age,21,number_without_unit
GSM3654793,age,21,number_without_unit
GSM3654794,age,21,number_without_unit
GSM3654795,age,21,number_without_unit
GSM3654796,age,21,number_without_unit
GSM3654797,age,21,number_without_unit
GSM3654798,age,21,number_without_unit
GSM3654799,age,21,number_without_unit
GSM3654800,age,21,number_without_unit
GSM3654801,age,21,number_without_unit
GSM3654802,age,21,number_without_unit
GSM3654803,age,21,number_without_unit
GSM3654804,age,21,number_without_unit
GSM3654805,age,21,number_without_unit
GSM3654806,age,21,number_without_unit
GSM3654807,age,21,number_without_unit
GSM3654808,age,21,number_without_unit
GSM3654809,age,21,number_without_unit
GSM3654810,age,21,number_without_unit
GSM3654811,age,21,number_without_unit
GSM3654812,age,21,number_without_unit
GSM3654813,age,21,number_without_unit
GSM3654814,age,21,number_without_unit
GSM3654815,age,21,number_without_unit
GSM3654816,age,21,number_without_unit
GSM3654817,age,21,number_without_unit
GSM3654818,age,21,number_without_unit
GSM3654819,age,21,number_without_unit
GSM3654820,age,21,number_without_unit
GSM3654821,age,21,number_without_unit
GSM3654822,age,21,number_without_unit
GSM3654823,age,21,number_without_unit
GSM3654824,age,21,number_without_unit
GSM3654825,age,21,number_without_unit
GSM3654826,age,21,number_without_unit
GSM3654827,age,21,number_without_unit
GSM3654828,age,21,number_without_unit
GSM3654829,age,21,number_without_unit
GSM3654830,age,21,number_without_unit
GSM3654831,age,21,number_without_unit
GSM3654832,age,21,number_without_unit
GSM3654833,age,21,number_without_unit
GSM3654834,age,21,number_without_unit
GSM3654835,age,21,number_without_unit
GSM3654836,age,21,number_without_unit
GSM3654837,age,21,number_without_unit
GSM3654838,age,21,number_without_unit
GSM3654839,age,21,number_without_unit
GSM3654840,age,21,number_without_unit
GSM3654841,age,21,number_without_unit
GSM3654842,age,21,number_without_unit
GSM3654843,age,21,number_without_unit
GSM3654844,age,21,number_without_unit
GSM3654845,age,21,number_without_unit
GSM3654846,age,21,number_without_unit
GSM3654847,age,21,number_without_unit
GSM3654848,age,21,number_without_unit
GSM3654849,age,21,number_without_unit
GSM3654850,age,21,number_without_unit
GSM3654851,age,21,number_without_unit
GSM3654852,age,21,number_without_unit
GSM3654853,age,21,number_without_unit
GSM3654854,age,21,number_without_unit
GSM3654855,age,21,number_without_unit
GSM3654856,age,21,number_without_unit
GSM3654857,age,21,number_without_unit
GSM3654858,age,21,number_without_unit
GSM3654859,age,21,number_without_unit
GSM3654860,age,21,number_without_unit
GSM3654861,age,21,number_without_unit
GSM3654862,age,21,number_without_unit
GSM3654863,age,21,number_without_unit
GSM3654864,age,21,number_without_unit
GSM3654865,age,21,number_without_unit
GSM3654866,age,21,number_without_unit
GSM3654867,age,21,number_without_unit
GSM3654868,age,21,number_without_unit
GSM3654869,age,21,number_without_unit
GSM3654870,age,21,number_without_unit
GSM3654871,age,21,number_without_unit
GSM3654872,age,21,number_without_unit
GSM3654873,age,21,number_without_unit
GSM3654874,age,21,number_without_unit
GSM3654875,age,21,number_without_unit
GSM3654876,age,21,number_without_unit
GSM3654877,age,21,number_without_unit
GSM3654878,age,21,number_without_unit
GSM3654879,age,21,number_without_unit
GSM3654880,age,21,number_without_unit
GSM3654881,age,21,number_without_unit
GSM3654882,age,21,number_without_unit
GSM3654883,age,21,number_without_unit
GSM3654884,age,21,number_without_unit
GSM3654885,age,21,number_without_unit
GSM3654886,age,21,number_without_unit
GSM3654887,age,21,number_without_unit
GSM3654888,age,21,number_without_unit
GSM3654889,age,21,number_without_unit
GSM3654890,age,21,number_without_unit
GSM3654891,age,21,number_without_unit
GSM3654892,age,21,number_without_unit
GSM3654893,age,21,number_without_unit
GSM3654894,age,21,number_without_unit
GSM3654895,age,21,number_without_unit
GSM3654896,age,21,number_without_unit
GSM3654897,age,21,number_without_unit
GSM3654898,age,21,number_without_unit
GSM3654899,age,21,number_without_unit
GSM3654900,age,21,number_without_unit
GSM3654901,age,21,number_without_unit
GSM3654902,age,21,number_without_unit
GSM3654903,age,21,number_without_unit
GSM3654904,age,21,number_without_unit
GSM3654905,age,21,number_without_unit
GSM3654906,age,21,number_without_unit
GSM3654907,age,21,number_without_unit
GSM3654908,age,21,number_without_unit
GSM3654909,age,21,number_without_unit
GSM3654910,age,21,number_without_unit
GSM3654911,age,21,number_without_unit
GSM3654912,age,21,number_without_unit
GSM3654913,age,21,number_without_unit
GSM3654914,age,21,number_without_unit
GSM3654915,age,21,number_without_unit
GSM3654916,age,21,number_without_unit
GSM3654917,age,21,number_without_unit
GSM3654918,age,21,number_without_unit
GSM3654919,age,21,number_without_unit
GSM3654920,age,21,number_without_unit
GSM3654921,age,21,number_without_unit
GSM3654922,age,21,number_without_unit
GSM3654923,age,21,number_without_unit
GSM3654924,age,21,number_without_unit
GSM3654925,age,21,number_without_unit
GSM3654926,age,21,number_without_unit
GSM3654927,age,21,number_without_unit
GSM3654928,age,21,number_without_unit
GSM3654929,age,21,number_without_unit
GSM3654930,age,21,number_without_unit
GSM3654931,age,21,number_without_unit
GSM3654932,age,21,number_without_unit
GSM3654933,age,21,number_without_unit
GSM3654934,age,21,number_without_unit
GSM3654935,age,21,number_without_unit
GSM3654936,age,21,number_without_unit
GSM3654937,age,21,number_without_unit
GSM3654938,age,21,number_without_unit
GSM3654939,age,21,number_without_unit
GSM3654940,age,21,number_without_unit
GSM3654941,age,21,number_without_unit
GSM3654942,age,21,number_without_unit
GSM3654943,age,21,number_without_unit
GSM3654944,age,21,number_without_unit
GSM3654945,age,21,number_without_unit
GSM3654946,age,21,number_without_unit
GSM3654947,age,21,number_without_unit
GSM3654948,age,21,number_without_unit
GSM3654949,age,21,number_without_unit
GSM3654950,age,21,number_without_unit
GSM3654951,age,21,number_without_unit
GSM3654952,age,21,number_without_unit
GSM3654953,age,21,number_without_unit
GSM3654954,age,21,number_without_unit
GSM3654955,age,21,number_without_unit
GSM3654956,age,21,number_without_unit
GSM3654957,age,21,number_without_unit
GSM3654958,age,21,number_without_unit
GSM3654959,age,21,number_without_unit
GSM3654960,age,21,number_without_unit
GSM3654961,age,21,number_without_unit
GSM3654962,age,21,number_without_unit
GSM3654963,age,21,number_without_unit
GSM3654964,age,21,number_without_unit
GSM3654965,age,21,number_without_unit
GSM3654966,age,21,number_without_unit
GSM3654967,age,21,number_without_unit
GSM3654968,age,21,number_without_unit
GSM3654969,age,21,number_without_unit
GSM3654970,age,21,number_without_unit
GSM3654971,age,21,number_without_unit
GSM3654972,age,21,number_without_unit
GSM3654973,age,21,number_without_unit
GSM3654974,age,21,number_without_unit
GSM3654975,age,21,number_without_unit
GSM3654976,age,21,number_without_unit
GSM3654977,age,21,number_without_unit
GSM3654978,age,21,number_without_unit
GSM3654979,age,21,number_without_unit
GSM3654980,age,21,number_without_unit
GSM3654981,age,21,number_without_unit
GSM3654982,age,21,number_without_unit
GSM3654983,age,21,number_without_unit
GSM3654984,age,21,number_without_unit
GSM3654985,age,21,number_without_unit
GSM3654986,age,21,number_without_unit
GSM3654987,age,21,number_without_unit
GSM3654988,age,21,number_without_unit
GSM3654989,age,21,number_without_unit
GSM3654990,age,21,number_without_unit
GSM3654991,age,21,number_without_unit
GSM3654992,age,21,number_without_unit
GSM3654993,age,21,number_without_unit
GSM3654994,age,21,number_without_unit
GSM3654995,age,21,number_without_unit
GSM3654996,age,21,number_without_unit
GSM3654997,age,21,number_without_unit
GSM3654998,age,21,number_without_unit
GSM3654999,age,21,number_without_unit
GSM3655000,age,21,number_without_unit
GSM3655001,age,21,number_without_unit
GSM3655002,age,21,number_without_unit
GSM3655003,age,21,number_without_unit
GSM3655004,age,21,number_without_unit
GSM3655005,age,21,number_without_unit
GSM3655006,age,21,number_without_unit
GSM3655007,age,21,number_without_unit
GSM3655008,age,21,number_without_unit
GSM3655009,age,21,number_without_unit
GSM3655010,age,21,number_without_unit
GSM3655011,age,21,number_without_unit
GSM3655012,age,21,number_without_unit
GSM3655013,age,21,number_without_unit
GSM3655014,age,21,number_without_unit
GSM3655015,age,21,number_without_unit
GSM3655016,age,21,number_without_unit
GSM3655017,age,21,number_without_unit
GSM3655018,age,21,number_without_unit
GSM3655019,age,21,number_without_unit
GSM3655020,age,21,number_without_unit
GSM3655021,age,21,number_without_unit
GSM3655022,age,21,number_without_unit
GSM3655023,age,21,number_without_unit
GSM3655024,age,21,number_without_unit
GSM3655025,age,21,number_without_unit
GSM3655026,age,21,number_without_unit
GSM3655027,age,21,number_without_unit
GSM3655028,age,21,number_without_unit
GSM3655029,age,21,number_without_unit
GSM3655030,age,21,number_without_unit
GSM3655031,age,21,number_without_unit
GSM3655032,age,21,number_without_unit
GSM3655033,age,21,number_without_unit
GSM3655034,age,21,number_without_unit
GSM3655035,age,21,number_without_unit
GSM3655036,age,21,number_without_unit
GSM3655037,age,21,number_without_unit
GSM3655038,age,21,number_without_unit
GSM3655039,age,21,number_without_unit
GSM3655040,age,21,number_without_unit
GSM3655041,age,21,number_without_unit
GSM3655042,age,21,number_without_unit
GSM3655043,age,21,number_without_unit
GSM3655044,age,21,number_without_unit
GSM3655045,age,21,number_without_unit
GSM3655046,age,21,number_without_unit
GSM3655047,age,21,number_without_unit
GSM3655048,age,21,number_without_unit
GSM3655049,age,21,number_without_unit
GSM3655050,age,21,number_without_unit
GSM3655051,age,21,number_without_unit
GSM3655052,age,21,number_without_unit
GSM3655053,age,21,number_without_unit
GSM3655054,age,21,number_without_unit
GSM3655055,age,21,number_without_unit
GSM3655056,age,21,number_without_unit
GSM3655057,age,21,number_without_unit
GSM3655058,age,21,number_without_unit
GSM3655059,age,21,number_without_unit
GSM3655060,age,21,number_without_unit
GSM3655061,age,21,number_without_unit
GSM3655062,age,21,number_without_unit
GSM3655063,age,21,number_without_unit
GSM3655064,age,21,number_without_unit
GSM3655065,age,21,number_without_unit
GSM3655066,age,21,number_without_unit
GSM3655067,age,21,number_without_unit
GSM3655068,age,21,number_without_unit
GSM3655069,age,21,number_without_unit
GSM3655070,age,21,number_without_unit
GSM3655071,age,21,number_without_unit
GSM3655072,age,21,number_without_unit
GSM3655073,age,21,number_without_unit
GSM3655074,age,21,number_without_unit
GSM3655075,age,21,number_without_unit
GSM3655076,age,21,number_without_unit
GSM3655077,age,21,number_without_unit
GSM3655078,age,21,number_without_unit
GSM3655079,age,21,number_without_unit
GSM3655080,age,21,number_without_unit
GSM3655081,age,21,number_without_unit
GSM3655082,age,21,number_without_unit
GSM3655083,age,21,number_without_unit
GSM3655084,age,21,number_without_unit
GSM3655085,age,21,number_without_unit
GSM3655086,age,21,number_without_unit
GSM3655087,age,21,number_without_unit
GSM3655088,age,21,number_without_unit
GSM3655089,age,21,number_without_unit
GSM3655090,age,21,number_without_unit
GSM3655091,age,21,number_without_unit
GSM3655092,age,21,number_without_unit
GSM3655093,age,21,number_without_unit
GSM3655094,age,21,number_without_unit
GSM3655095,age,21,number_without_unit
GSM3655096,age,21,number_without_unit
GSM3655097,age,21,number_without_unit
GSM3655098,age,21,number_without_unit
GSM3655099,age,21,number_without_unit
GSM3655100,age,21,number_without_unit
GSM3655101,age,21,number_without_unit
GSM3655102,age,21,number_without_unit
GSM3655103,age,21,number_without_unit
GSM3655104,age,21,number_without_unit
GSM3655105,age,21,number_without_unit
GSM3655106,age,21,number_without_unit
GSM3655107,age,21,number_without_unit
GSM3655108,age,21,number_without_unit
GSM3655109,age,21,number_without_unit
GSM3655110,age,21,number_without_unit
GSM3655111,age,21,number_without_unit
GSM3655112,age,21,number_without_unit
GSM3655113,age,21,number_without_unit
GSM3655114,age,21,number_without_unit
GSM3655115,age,21,number_without_unit
GSM3655116,age,21,number_without_unit
GSM3655117,age,21,number_without_unit
GSM3655118,age,21,number_without_unit
GSM3655119,age,21,number_without_unit
GSM3655120,age,21,number_without_unit
GSM3655121,age,21,number_without_unit
GSM3655122,age,21,number_without_unit
GSM3655123,age,21,number_without_unit
GSM3655124,age,21,number_without_unit
GSM3655125,age,21,number_without_unit
GSM3655126,age,21,number_without_unit
GSM3655127,age,21,number_without_unit
GSM3655128,age,21,number_without_unit
GSM3655129,age,21,number_without_unit
GSM3655130,age,21,number_without_unit
GSM3655131,age,21,number_without_unit
GSM3655132,age,21,number_without_unit
GSM3655133,age,21,number_without_unit
GSM3655134,age,21,number_without_unit
GSM3655135,age,21,number_without_unit
GSM3655136,age,21,number_without_unit
GSM3655137,age,21,number_without_unit
GSM3655138,age,21,number_without_unit
GSM3655139,age,21,number_without_unit
GSM3655140,age,21,number_without_unit
GSM3655141,age,21,number_without_unit
GSM3655142,age,21,number_without_unit
GSM3655143,age,21,number_without_unit
GSM3655144,age,21,number_without_unit
GSM3655145,age,21,number_without_unit
GSM3655146,age,21,number_without_unit
GSM3655147,age,21,number_without_unit
GSM3655148,age,21,number_without_unit
GSM3655149,age,21,number_without_unit
GSM3655150,age,21,number_without_unit
GSM3655151,age,21,number_without_unit
GSM3655152,age,21,number_without_unit
GSM3655153,age,21,number_without_unit
GSM3655154,age,21,number_without_unit
GSM3655155,age,21,number_without_unit
GSM3655156,age,21,number_without_unit
GSM3655157,age,21,number_without_unit
GSM3655158,age,21,number_without_unit
GSM3655159,age,21,number_without_unit
GSM3655160,age,21,number_without_unit
GSM3655161,age,21,number_without_unit
GSM3655162,age,21,number_without_unit
GSM3655163,age,21,number_without_unit
GSM3655164,age,21,number_without_unit
GSM3655165,age,21,number_without_unit
GSM3655166,age,21,number_without_unit
GSM3655167,age,21,number_without_unit
GSM3655168,age,21,number_without_unit
GSM3655169,age,21,number_without_unit
GSM3655170,age,21,number_without_unit
GSM3655171,age,21,number_without_unit
GSM3655172,age,21,number_without_unit
GSM3655173,age,21,number_without_unit
GSM3655174,age,21,number_without_unit
GSM3655175,age,21,number_without_unit
GSM3655176,age,21,number_without_unit
GSM3655177,age,21,number_without_unit
GSM3655178,age,21,number_without_unit
GSM3655179,age,21,number_without_unit
GSM3655180,age,21,number_without_unit
GSM3655181,age,21,number_without_unit
GSM3655182,age,21,number_without_unit
GSM3655183,age,21,number_without_unit
GSM3655184,age,21,number_without_unit
GSM3655185,age,21,number_without_unit
GSM3655186,age,21,number_without_unit
GSM3655187,age,21,number_without_unit
GSM3655188,age,21,number_without_unit
GSM3655189,age,21,number_without_unit
GSM3655190,age,21,number_without_unit
GSM3655191,age,21,number_without_unit
GSM3655192,age,21,number_without_unit
GSM3655193,age,21,number_without_unit
GSM3655194,age,21,number_without_unit
GSM3655195,age,21,number_without_unit
GSM3655196,age,21,number_without_unit
GSM3655197,age,21,number_without_unit
GSM3655198,age,21,number_without_unit
GSM3655199,age,21,number_without_unit
GSM3655200,age,21,number_without_unit
GSM3655201,age,21,number_without_unit
GSM3655202,age,21,number_without_unit
GSM3655203,age,21,number_without_unit
GSM3655204,age,21,number_without_unit
GSM3655205,age,21,number_without_unit
GSM3655206,age,21,number_without_unit
GSM3655207,age,21,number_without_unit
GSM3655208,age,21,number_without_unit
GSM3655209,age,21,number_without_unit
GSM3655210,age,21,number_without_unit
GSM3655211,age,21,number_without_unit
GSM3655212,age,21,number_without_unit
GSM3655213,age,21,number_without_unit
GSM3655214,age,21,number_without_unit
GSM3655215,age,21,number_without_unit
GSM3655216,age,21,number_without_unit
GSM3655217,age,21,number_without_unit
GSM3655218,age,21,number_without_unit
GSM3655219,age,21,number_without_unit
GSM3655220,age,21,number_without_unit
GSM3655221,age,21,number_without_unit
GSM3655222,age,21,number_without_unit
GSM3655223,age,21,number_without_unit
GSM3655224,age,21,number_without_unit
GSM3655225,age,21,number_without_unit
GSM3655226,age,21,number_without_unit
GSM3655227,age,21,number_without_unit
GSM3655228,age,21,number_without_unit
GSM3655229,age,21,number_without_unit
GSM3655230,age,21,number_without_unit
GSM3655231,age,21,number_without_unit
GSM3655232,age,21,number_without_unit
GSM3655233,age,21,number_without_unit
GSM3655234,age,21,number_without_unit
GSM3655235,age,21,number_without_unit
GSM3655236,age,21,number_without_unit
GSM3655237,age,21,number_without_unit
GSM3655238,age,21,number_without_unit
GSM3655239,age,21,number_without_unit
GSM3655240,age,21,number_without_unit
GSM3655241,age,21,number_without_unit
GSM3655242,age,21,number_without_unit
GSM3655243,age,21,number_without_unit
GSM3655244,age,21,number_without_unit
GSM3655245,age,21,number_without_unit
GSM3655246,age,21,number_without_unit
GSM3655247,age,21,number_without_unit
GSM3655248,age,21,number_without_unit
GSM3655249,age,21,number_without_unit
GSM3655250,age,21,number_without_unit
GSM3655251,age,21,number_without_unit
GSM3655252,age,21,number_without_unit
GSM3655253,age,21,number_without_unit
GSM3655254,age,21,number_without_unit
GSM3655255,age,21,number_without_unit
GSM3655256,age,21,number_without_unit
GSM3655257,age,21,number_without_unit
GSM3655258,age,21,number_without_unit
GSM3655259,age,21,number_without_unit
GSM3655260,age,21,number_without_unit
GSM3655261,age,21,number_without_unit
GSM3655262,age,21,number_without_unit
GSM3655263,age,21,number_without_unit
GSM3655264,age,21,number_without_unit
GSM3655265,age,21,number_without_unit
GSM3655266,age,21,number_without_unit
GSM3655267,age,21,number_without_unit
GSM3655268,age,21,number_without_unit
GSM3655269,age,21,number_without_unit
GSM3655270,age,21,number_without_unit
GSM3655271,age,21,number_without_unit
GSM3655272,age,21,number_without_unit
GSM3655273,age,21,number_without_unit
GSM3655274,age,21,number_without_unit
GSM3655275,age,21,number_without_unit
GSM3655276,age,21,number_without_unit
GSM3655277,age,21,number_without_unit
GSM3655278,age,21,number_without_unit
GSM3655279,age,21,number_without_unit
GSM3655280,age,21,number_without_unit
GSM3655281,age,21,number_without_unit
GSM3655282,age,21,number_without_unit
GSM3655283,age,21,number_without_unit
GSM3655284,age,21,number_without_unit
GSM3655285,age,21,number_without_unit
GSM3655286,age,21,number_without_unit
GSM3655287,age,21,number_without_unit
GSM3655288,age,21,number_without_unit
GSM3655289,age,21,number_without_unit
GSM3655290,age,21,number_without_unit
GSM3655291,age,21,number_without_unit
GSM3655292,age,21,number_without_unit
GSM3655293,age,21,number_without_unit
GSM3655294,age,21,number_without_unit
GSM3655295,age,21,number_without_unit
GSM3655296,age,21,number_without_unit
GSM3655297,age,21,number_without_unit
GSM3655298,age,21,number_without_unit
GSM3655299,age,21,number_without_unit
GSM3655300,age,21,number_without_unit
GSM3655301,age,21,number_without_unit
GSM3655302,age,21,number_without_unit
GSM3655303,age,21,number_without_unit
GSM3655304,age,21,number_without_unit
GSM3655305,age,21,number_without_unit
GSM3655306,age,21,number_without_unit
GSM3655307,age,21,number_without_unit
GSM3655308,age,21,number_without_unit
GSM3655309,age,21,number_without_unit
GSM3655310,age,21,number_without_unit
GSM3655311,age,21,number_without_unit
GSM3655312,age,21,number_without_unit
GSM3655313,age,21,number_without_unit
GSM3655314,age,21,number_without_unit
GSM3655315,age,21,number_without_unit
GSM3655316,age,21,number_without_unit
GSM3655317,age,21,number_without_unit
GSM3655318,age,21,number_without_unit
GSM3655319,age,21,number_without_unit
GSM3655320,age,21,number_without_unit
GSM3655321,age,21,number_without_unit
GSM3655322,age,21,number_without_unit
GSM3655323,age,21,number_without_unit
GSM3655324,age,21,number_without_unit
GSM3655325,age,21,number_without_unit
GSM3655326,age,21,number_without_unit
GSM3655327,age,21,number_without_unit
GSM3655328,age,21,number_without_unit
GSM3655329,age,21,number_without_unit
GSM3655330,age,21,number_without_unit
GSM3655331,age,21,number_without_unit
GSM3655332,age,21,number_without_unit
GSM3655333,age,21,number_without_unit
GSM3655334,age,21,number_without_unit
GSM3655335,age,21,number_without_unit
GSM3655336,age,21,number_without_unit
GSM3655337,age,21,number_without_unit
GSM3655338,age,21,number_without_unit
GSM3655339,age,21,number_without_unit
GSM3655340,age,21,number_without_unit
GSM3655341,age,21,number_without_unit
GSM3655342,age,21,number_without_unit
GSM3655343,age,21,number_without_unit
GSM3655344,age,21,number_without_unit
GSM3655345,age,21,number_without_unit
GSM3655346,age,21,number_without_unit
GSM3655347,age,21,number_without_unit
GSM3655348,age,21,number_without_unit
GSM3655349,age,21,number_without_unit
GSM3655350,age,21,number_without_unit
GSM3655351,age,21,number_without_unit
GSM3655352,age,21,number_without_unit
GSM3655353,age,21,number_without_unit
GSM3655354,age,21,number_without_unit
GSM3655355,age,21,number_without_unit
GSM3655356,age,21,number_without_unit
GSM3655357,age,21,number_without_unit
GSM3655358,age,21,number_without_unit
GSM3655359,age,21,number_without_unit
GSM3655360,age,21,number_without_unit
GSM3655361,age,21,number_without_unit
GSM3655362,age,21,number_without_unit
GSM3655363,age,21,number_without_unit
GSM3655364,age,21,number_without_unit
GSM3655365,age,21,number_without_unit
GSM3655366,age,21,number_without_unit
GSM3655367,age,21,number_without_unit
GSM3655368,age,21,number_without_unit
GSM3655369,age,21,number_without_unit
GSM3655370,age,21,number_without_unit
GSM3655371,age,21,number_without_unit
GSM3655372,age,21,number_without_unit
GSM3655373,age,21,number_without_unit
GSM3655374,age,21,number_without_unit
GSM3655375,age,21,number_without_unit
GSM3655376,age,21,number_without_unit
GSM3655377,age,21,number_without_unit
GSM3655378,age,21,number_without_unit
GSM3655379,age,21,number_without_unit
GSM3655380,age,21,number_without_unit
GSM3655381,age,21,number_without_unit
GSM3655382,age,21,number_without_unit
GSM3655383,age,21,number_without_unit
GSM3655384,age,21,number_without_unit
GSM3655385,age,21,number_without_unit
GSM3655386,age,21,number_without_unit
GSM3655387,age,21,number_without_unit
GSM3655388,age,21,number_without_unit
GSM3655389,age,21,number_without_unit
GSM3655390,age,21,number_without_unit
GSM3655391,age,21,number_without_unit
GSM3655392,age,21,number_without_unit
GSM3655393,age,21,number_without_unit
GSM3655394,age,21,number_without_unit
GSM3655395,age,21,number_without_unit
GSM3655396,age,21,number_without_unit
GSM3655397,age,21,number_without_unit
GSM3655398,age,21,number_without_unit
GSM3655399,age,21,number_without_unit
GSM3655400,age,21,number_without_unit
GSM3655401,age,21,number_without_unit
GSM3655402,age,21,number_without_unit
GSM3655403,age,21,number_without_unit
GSM3655404,age,21,number_without_unit
GSM3655405,age,21,number_without_unit
GSM3655406,age,21,number_without_unit
GSM3655407,age,21,number_without_unit
GSM3655408,age,21,number_without_unit
GSM3655409,age,21,number_without_unit
GSM3655410,age,21,number_without_unit
GSM3655411,age,21,number_without_unit
GSM3655412,age,21,number_without_unit
GSM3655413,age,21,number_without_unit
GSM3655414,age,21,number_without_unit
GSM3655415,age,21,number_without_unit
GSM3655416,age,21,number_without_unit
GSM3655417,age,21,number_without_unit
GSM3655418,age,21,number_without_unit
GSM3655419,age,21,number_without_unit
GSM3655420,age,21,number_without_unit
GSM3655421,age,21,number_without_unit
GSM3655422,age,21,number_without_unit
GSM3655423,age,21,number_without_unit
GSM3655424,age,21,number_without_unit
GSM3655425,age,21,number_without_unit
GSM3655426,age,21,number_without_unit
GSM3655427,age,21,number_without_unit
GSM3655428,age,21,number_without_unit
GSM3655429,age,21,number_without_unit
GSM3655430,age,21,number_without_unit
GSM3655431,age,21,number_without_unit
GSM3655432,age,21,number_without_unit
GSM3655433,age,21,number_without_unit
GSM3655434,age,21,number_without_unit
GSM3655435,age,21,number_without_unit
GSM3655436,age,21,number_without_unit
GSM3655437,age,21,number_without_unit
GSM3655438,age,21,number_without_unit
GSM3655439,age,21,number_without_unit
GSM3655440,age,21,number_without_unit
GSM3655441,age,21,number_without_unit
GSM3655442,age,21,number_without_unit
GSM3655443,age,21,number_without_unit
GSM3655444,age,21,number_without_unit
GSM3655445,age,21,number_without_unit
GSM3655446,age,21,number_without_unit
GSM3655447,age,21,number_without_unit
GSM3655448,age,21,number_without_unit
GSM3655449,age,21,number_without_unit
GSM3655450,age,21,number_without_unit
GSM3655451,age,21,number_without_unit
GSM3655452,age,21,number_without_unit
GSM3655453,age,21,number_without_unit
GSM3655454,age,21,number_without_unit
GSM3655455,age,21,number_without_unit
GSM3655456,age,21,number_without_unit
GSM3655457,age,21,number_without_unit
GSM3655458,age,21,number_without_unit
GSM3655459,age,21,number_without_unit
GSM3655460,age,21,number_without_unit
GSM3655461,age,21,number_without_unit
GSM3655462,age,21,number_without_unit
GSM3655463,age,21,number_without_unit
GSM3655464,age,21,number_without_unit
GSM3655465,age,21,number_without_unit
GSM3655466,age,21,number_without_unit
GSM3655467,age,21,number_without_unit
GSM3655468,age,21,number_without_unit
GSM3655469,age,21,number_without_unit
GSM3655470,age,21,number_without_unit
GSM3655471,age,21,number_without_unit
GSM3655472,age,21,number_without_unit
GSM3655473,age,21,number_without_unit
GSM3655474,age,21,number_without_unit
GSM3655475,age,21,number_without_unit
GSM3655476,age,21,number_without_unit
GSM3655477,age,21,number_without_unit
GSM3655478,age,21,number_without_unit
GSM3655479,age,21,number_without_unit
GSM3655480,age,21,number_without_unit
GSM3655481,age,21,number_without_unit
GSM3655482,age,21,number_without_unit
GSM3655483,age,21,number_without_unit
GSM3655484,age,21,number_without_unit
GSM3655485,age,21,number_without_unit
GSM3655486,age,21,number_without_unit
GSM3655487,age,21,number_without_unit
GSM3655488,age,21,number_without_unit
GSM3655489,age,21,number_without_unit
GSM3655490,age,21,number_without_unit
GSM3655491,age,21,number_without_unit
GSM3655492,age,21,number_without_unit
GSM3655493,age,21,number_without_unit
GSM3655494,age,21,number_without_unit
GSM3655495,age,21,number_without_unit
GSM3655496,age,21,number_without_unit
GSM3655497,age,21,number_without_unit
GSM3655498,age,21,number_without_unit
GSM3655499,age,21,number_without_unit
GSM3655500,age,21,number_without_unit
GSM3655501,age,21,number_without_unit
GSM3655502,age,21,number_without_unit
GSM3655503,age,21,number_without_unit
GSM3655504,age,21,number_without_unit
GSM3655505,age,21,number_without_unit
GSM3655506,age,21,number_without_unit
GSM3655507,age,21,number_without_unit
GSM3655508,age,21,number_without_unit
GSM3655509,age,21,number_without_unit
GSM3655510,age,21,number_without_unit
GSM3655511,age,21,number_without_unit
GSM3655512,age,21,number_without_unit
GSM3655513,age,21,number_without_unit
GSM3655514,age,21,number_without_unit
GSM3655515,age,21,number_without_unit
GSM3655516,age,21,number_without_unit
GSM3655517,age,21,number_without_unit
GSM3655518,age,21,number_without_unit
GSM3655519,age,21,number_without_unit
GSM3655520,age,21,number_without_unit
GSM3655521,age,21,number_without_unit
GSM3655522,age,21,number_without_unit
GSM3655523,age,21,number_without_unit
GSM3655524,age,21,number_without_unit
GSM3655525,age,21,number_without_unit
GSM3655526,age,21,number_without_unit
GSM3655527,age,21,number_without_unit
GSM3655528,age,21,number_without_unit
GSM3655529,age,21,number_without_unit
GSM3655530,age,21,number_without_unit
GSM3655531,age,21,number_without_unit
GSM3655532,age,21,number_without_unit
GSM3655533,age,21,number_without_unit
GSM3655534,age,21,number_without_unit
GSM3655535,age,21,number_without_unit
GSM3655536,age,21,number_without_unit
GSM3655537,age,21,number_without_unit
GSM3655538,age,21,number_without_unit
GSM3655539,age,21,number_without_unit
GSM3655540,age,21,number_without_unit
GSM3655541,age,21,number_without_unit
GSM3655542,age,21,number_without_unit
GSM3655543,age,21,number_without_unit
GSM3655544,age,21,number_without_unit
GSM3655545,age,21,number_without_unit
GSM3655546,age,21,number_without_unit
GSM3655547,age,21,number_without_unit
GSM3655548,age,21,number_without_unit
GSM3655549,age,21,number_without_unit
GSM3655550,age,21,number_without_unit
GSM3655551,age,21,number_without_unit
GSM3655552,age,21,number_without_unit
GSM3655553,age,21,number_without_unit
GSM3655554,age,21,number_without_unit
GSM3655555,age,21,number_without_unit
GSM3655556,age,21,number_without_unit
GSM3655557,age,21,number_without_unit
GSM3655558,age,21,number_without_unit
GSM3655559,age,21,number_without_unit
GSM3655560,age,21,number_without_unit
GSM3655561,age,21,number_without_unit
GSM3655562,age,21,number_without_unit
GSM3655563,age,21,number_without_unit
GSM3655564,age,21,number_without_unit
GSM3655565,age,21,number_without_unit
GSM3655566,age,21,number_without_unit
GSM3655567,age,21,number_without_unit
GSM3655568,age,21,number_without_unit
GSM3655569,age,21,number_without_unit
GSM3655570,age,21,number_without_unit
GSM3655571,age,21,number_without_unit
GSM3655572,age,21,number_without_unit
GSM3655573,age,21,number_without_unit
GSM3655574,age,21,number_without_unit
GSM3655575,age,21,number_without_unit
GSM3655576,age,21,number_without_unit
GSM3655577,age,21,number_without_unit
GSM3655578,age,21,number_without_unit
GSM3655579,age,21,number_without_unit
GSM3655580,age,21,number_without_unit
GSM3655581,age,21,number_without_unit
GSM3655582,age,21,number_without_unit
GSM3655583,age,21,number_without_unit
GSM3655584,age,21,number_without_unit
GSM3655585,age,21,number_without_unit
GSM3655586,age,21,number_without_unit
GSM3655587,age,21,number_without_unit
GSM3655588,age,21,number_without_unit
GSM3655589,age,21,number_without_unit
GSM3655590,age,21,number_without_unit
GSM3655591,age,21,number_without_unit
GSM3655592,age,21,number_without_unit
GSM3655593,age,21,number_without_unit
GSM3655594,age,21,number_without_unit
GSM3655595,age,21,number_without_unit
GSM3655596,age,21,number_without_unit
GSM3655597,age,21,number_without_unit
GSM3655598,age,21,number_without_unit
GSM3655599,age,21,number_without_unit
GSM3655600,age,21,number_without_unit
GSM3655601,age,21,number_without_unit
GSM3655602,age,21,number_without_unit
GSM3655603,age,21,number_without_unit
GSM3655604,age,21,number_without_unit
GSM3655605,age,21,number_without_unit
GSM3655606,age,21,number_without_unit
GSM3655607,age,21,number_without_unit
GSM3655608,age,21,number_without_unit
GSM3655609,age,21,number_without_unit
GSM3655610,age,21,number_without_unit
GSM3655611,age,21,number_without_unit
GSM3655612,age,21,number_without_unit
GSM3655613,age,21,number_without_unit
GSM3655614,age,21,number_without_unit
GSM3655615,age,21,number_without_unit
GSM3655616,age,21,number_without_unit
GSM3655617,age,21,number_without_unit
GSM3655618,age,21,number_without_unit
GSM3655619,age,21,number_without_unit
GSM3655620,age,21,number_without_unit
GSM3655621,age,21,number_without_unit
GSM3655622,age,21,number_without_unit
GSM3655623,age,21,number_without_unit
GSM3655624,age,21,number_without_unit
GSM3655625,age,21,number_without_unit
GSM3655626,age,21,number_without_unit
GSM3655627,age,21,number_without_unit
GSM3655628,age,21,number_without_unit
GSM3655629,age,21,number_without_unit
GSM3655630,age,21,number_without_unit
GSM3655631,age,21,number_without_unit
GSM3655632,age,21,number_without_unit
GSM3655633,age,21,number_without_unit
GSM3655634,age,21,number_without_unit
GSM3655635,age,21,number_without_unit
GSM3655636,age,21,number_without_unit
GSM3655637,age,21,number_without_unit
GSM3655638,age,21,number_without_unit
GSM3655639,age,21,number_without_unit
GSM3655640,age,21,number_without_unit
GSM3655641,age,21,number_without_unit
GSM3655642,age,21,number_without_unit
GSM3655643,age,21,number_without_unit
GSM3655644,age,21,number_without_unit
GSM3655645,age,21,number_without_unit
GSM3655646,age,21,number_without_unit
GSM3655647,age,21,number_without_unit
GSM3655648,age,21,number_without_unit
GSM3655649,age,21,number_without_unit
GSM3655650,age,21,number_without_unit
GSM3655651,age,21,number_without_unit
GSM3655652,age,21,number_without_unit
GSM3655653,age,21,number_without_unit
GSM3655654,age,21,number_without_unit
GSM3655655,age,21,number_without_unit
GSM3655656,age,21,number_without_unit
GSM3655657,age,21,number_without_unit
GSM3655658,age,21,number_without_unit
GSM3655659,age,21,number_without_unit
GSM3655660,age,21,number_without_unit
GSM3655661,age,21,number_without_unit
GSM3655662,age,21,number_without_unit
GSM3655663,age,21,number_without_unit
GSM3655664,age,21,number_without_unit
GSM3655665,age,21,number_without_unit
GSM3655666,age,21,number_without_unit
GSM3655667,age,21,number_without_unit
GSM3655668,age,21,number_without_unit
GSM3655669,age,21,number_without_unit
GSM3655670,age,21,number_without_unit
GSM3655671,age,21,number_without_unit
GSM3655672,age,21,number_without_unit
GSM3655673,age,21,number_without_unit
GSM3655674,age,21,number_without_unit
GSM3655675,age,21,number_without_unit
GSM3655676,age,21,number_without_unit
GSM3655677,age,21,number_without_unit
GSM3655678,age,21,number_without_unit
GSM3655679,age,21,number_without_unit
GSM3655680,age,21,number_without_unit
GSM3655681,age,21,number_without_unit
GSM3655682,age,21,number_without_unit
GSM3655683,age,21,number_without_unit
GSM3655684,age,21,number_without_unit
GSM3655685,age,21,number_without_unit
GSM3655686,age,21,number_without_unit
GSM3655687,age,21,number_without_unit
GSM3655688,age,21,number_without_unit
GSM3655689,age,21,number_without_unit
GSM3655690,age,21,number_without_unit
GSM3655691,age,21,number_without_unit
GSM3655692,age,21,number_without_unit
GSM3655693,age,21,number_without_unit
GSM3655694,age,21,number_without_unit
GSM3655695,age,21,number_without_unit
GSM3655696,age,21,number_without_unit
GSM3655697,age,21,number_without_unit
GSM3655698,age,21,number_without_unit
GSM3655699,age,21,number_without_unit
GSM3655700,age,21,number_without_unit
GSM3655701,age,21,number_without_unit
GSM3655702,age,21,number_without_unit
GSM3655703,age,21,number_without_unit
GSM3655704,age,21,number_without_unit
GSM3655705,age,21,number_without_unit
GSM3655706,age,21,number_without_unit
GSM3655707,age,21,number_without_unit
GSM3655708,age,21,number_without_unit
GSM3655709,age,21,number_without_unit
GSM3655710,age,21,number_without_unit
GSM3655711,age,21,number_without_unit
GSM3655712,age,21,number_without_unit
GSM3655713,age,21,number_without_unit
GSM3655714,age,21,number_without_unit
GSM3655715,age,21,number_without_unit
GSM3655716,age,21,number_without_unit
GSM3655717,age,21,number_without_unit
GSM3655718,age,21,number_without_unit
GSM3655719,age,21,number_without_unit
GSM3655720,age,21,number_without_unit
GSM3655721,age,21,number_without_unit
GSM3655722,age,21,number_without_unit
GSM3655723,age,21,number_without_unit
GSM3655724,age,21,number_without_unit
GSM3655725,age,21,number_without_unit
GSM3655726,age,21,number_without_unit
GSM3655727,age,21,number_without_unit
GSM3655728,age,21,number_without_unit
GSM3655729,age,21,number_without_unit
GSM3655730,age,21,number_without_unit
GSM3655731,age,21,number_without_unit
GSM3655732,age,21,number_without_unit
GSM3655733,age,21,number_without_unit
GSM3655734,age,21,number_without_unit
GSM3655735,age,21,number_without_unit
GSM3655736,age,21,number_without_unit
GSM3655737,age,21,number_without_unit
GSM3655738,age,21,number_without_unit
GSM3655739,age,21,number_without_unit
GSM3655740,age,21,number_without_unit
GSM3655741,age,21,number_without_unit
GSM3655742,age,21,number_without_unit
GSM3655743,age,21,number_without_unit
GSM3655744,age,21,number_without_unit
GSM3655745,age,21,number_without_unit
GSM3655746,age,21,number_without_unit
GSM3655747,age,21,number_without_unit
GSM3655748,age,21,number_without_unit
GSM3655749,age,21,number_without_unit
GSM3655750,age,21,number_without_unit
GSM3655751,age,21,number_without_unit
GSM3655752,age,21,number_without_unit
GSM3655753,age,21,number_without_unit
GSM3655754,age,21,number_without_unit
GSM3655755,age,21,number_without_unit
GSM3655756,age,21,number_without_unit
GSM3655757,age,21,number_without_unit
GSM3655758,age,21,number_without_unit
GSM3655759,age,21,number_without_unit
GSM3655760,age,21,number_without_unit
GSM3655761,age,21,number_without_unit
GSM3655762,age,21,number_without_unit
GSM3655763,age,21,number_without_unit
GSM3655764,age,21,number_without_unit
GSM3655765,age,21,number_without_unit
GSM3655766,age,21,number_without_unit
GSM3655767,age,21,number_without_unit
GSM3655768,age,21,number_without_unit
GSM3655769,age,21,number_without_unit
GSM3655770,age,21,number_without_unit
GSM3655771,age,21,number_without_unit
GSM3655772,age,21,number_without_unit
GSM3655773,age,21,number_without_unit
GSM3655774,age,21,number_without_unit
GSM3655775,age,21,number_without_unit
GSM3655776,age,21,number_without_unit
GSM3655777,age,21,number_without_unit
GSM3655778,age,21,number_without_unit
GSM3655779,age,21,number_without_unit
GSM3655780,age,21,number_without_unit
GSM3655781,age,21,number_without_unit
GSM3655782,age,21,number_without_unit
GSM3655783,age,21,number_without_unit
GSM3655784,age,21,number_without_unit
GSM3655785,age,21,number_without_unit
GSM3655786,age,21,number_without_unit
GSM3655787,age,21,number_without_unit
GSM3655788,age,21,number_without_unit
GSM3655789,age,21,number_without_unit
GSM3655790,age,21,number_without_unit
GSM3655791,age,21,number_without_unit
GSM3655792,age,21,number_without_unit
GSM3655793,age,21,number_without_unit
GSM3655794,age,21,number_without_unit
GSM3655795,age,21,number_without_unit
GSM3655796,age,21,number_without_unit
GSM3655797,age,21,number_without_unit
GSM3655798,age,21,number_without_unit
GSM3655799,age,21,number_without_unit
GSM3655800,age,21,number_without_unit
GSM3655801,age,21,number_without_unit
GSM3655802,age,21,number_without_unit
GSM3655803,age,21,number_without_unit
GSM3655804,age,21,number_without_unit
GSM3655805,age,21,number_without_unit
GSM3655806,age,21,number_without_unit
GSM3655807,age,21,number_without_unit
GSM3655808,age,21,number_without_unit
GSM3655809,age,21,number_without_unit
GSM3655810,age,21,number_without_unit
GSM3655811,age,21,number_without_unit
GSM3655812,age,21,number_without_unit
GSM3655813,age,21,number_without_unit
GSM3655814,age,21,number_without_unit
GSM3655815,age,21,number_without_unit
GSM3655816,age,21,number_without_unit
GSM3655817,age,21,number_without_unit
GSM3655818,age,21,number_without_unit
GSM3655819,age,21,number_without_unit
GSM3655820,age,21,number_without_unit
GSM3655821,age,21,number_without_unit
GSM3655822,age,21,number_without_unit
GSM3655823,age,21,number_without_unit
GSM3655824,age,21,number_without_unit
GSM3655825,age,21,number_without_unit
GSM3655826,age,21,number_without_unit
GSM3655827,age,21,number_without_unit
GSM3655828,age,21,number_without_unit
GSM3655829,age,21,number_without_unit
GSM3655830,age,21,number_without_unit
GSM3655831,age,21,number_without_unit
GSM3655832,age,21,number_without_unit
GSM3655833,age,21,number_without_unit
GSM3655834,age,21,number_without_unit
GSM3655835,age,21,number_without_unit
GSM3655836,age,21,number_without_unit
GSM3655837,age,21,number_without_unit
GSM3655838,age,21,number_without_unit
GSM3655839,age,21,number_without_unit
GSM3655840,age,21,number_without_unit
GSM3655841,age,21,number_without_unit
GSM3655842,age,21,number_without_unit
GSM3655843,age,21,number_without_unit
GSM3655844,age,21,number_without_unit
GSM3655845,age,21,number_without_unit
GSM3655846,age,21,number_without_unit
GSM3655847,age,21,number_without_unit
GSM3655848,age,21,number_without_unit
GSM3655849,age,21,number_without_unit
GSM3655850,age,21,number_without_unit
GSM3655851,age,21,number_without_unit
GSM3655852,age,21,number_without_unit
GSM3655853,age,21,number_without_unit
GSM3655854,age,21,number_without_unit
GSM3655855,age,21,number_without_unit
GSM3655856,age,21,number_without_unit
GSM3655857,age,21,number_without_unit
GSM3655858,age,21,number_without_unit
GSM3655859,age,21,number_without_unit
GSM3655860,age,21,number_without_unit
GSM3655861,age,21,number_without_unit
GSM3655862,age,21,number_without_unit
GSM3655863,age,21,number_without_unit
GSM3655864,age,21,number_without_unit
GSM3655865,age,21,number_without_unit
GSM3655866,age,21,number_without_unit
GSM3655867,age,21,number_without_unit
GSM3655868,age,21,number_without_unit
GSM3655869,age,21,number_without_unit
GSM3655870,age,21,number_without_unit
GSM3655871,age,21,number_without_unit
GSM3655872,age,21,number_without_unit
GSM3655873,age,21,number_without_unit
GSM3655874,age,21,number_without_unit
GSM3655875,age,21,number_without_unit
GSM3655876,age,21,number_without_unit
GSM3655877,age,21,number_without_unit
GSM3655878,age,21,number_without_unit
GSM3655879,age,21,number_without_unit
GSM3655880,age,21,number_without_unit
GSM3655881,age,21,number_without_unit
GSM3655882,age,21,number_without_unit
GSM3655883,age,21,number_without_unit
GSM3655884,age,21,number_without_unit
GSM3655885,age,21,number_without_unit
GSM3655886,age,21,number_without_unit
GSM3655887,age,21,number_without_unit
GSM3655888,age,21,number_without_unit
GSM3655889,age,21,number_without_unit
GSM3655890,age,21,number_without_unit
GSM3655891,age,21,number_without_unit
GSM3655892,age,21,number_without_unit
GSM3655893,age,21,number_without_unit
GSM3655894,age,21,number_without_unit
GSM3655895,age,21,number_without_unit
GSM3655896,age,21,number_without_unit
GSM3655897,age,21,number_without_unit
GSM3655898,age,21,number_without_unit
GSM3655899,age,21,number_without_unit
GSM3655900,age,21,number_without_unit
GSM3655901,age,21,number_without_unit
GSM3655902,age,21,number_without_unit
GSM3655903,age,21,number_without_unit
GSM3655904,age,21,number_without_unit
GSM3655905,age,21,number_without_unit
GSM3655906,age,21,number_without_unit
GSM3655907,age,21,number_without_unit
GSM3655908,age,21,number_without_unit
GSM3655909,age,21,number_without_unit
GSM3655910,age,21,number_without_unit
GSM3655911,age,21,number_without_unit
GSM3655912,age,21,number_without_unit
GSM3655913,age,21,number_without_unit
GSM3655914,age,21,number_without_unit
GSM3655915,age,21,number_without_unit
GSM3655916,age,21,number_without_unit
GSM3655917,age,21,number_without_unit
GSM3655918,age,21,number_without_unit
GSM3655919,age,21,number_without_unit
GSM3655920,age,21,number_without_unit
GSM3655921,age,21,number_without_unit
GSM3655922,age,21,number_without_unit
GSM3655923,age,21,number_without_unit
GSM3655924,age,21,number_without_unit
GSM3655925,age,21,number_without_unit
GSM3655926,age,21,number_without_unit
GSM3655927,age,21,number_without_unit
GSM3655928,age,21,number_without_unit
GSM3655929,age,21,number_without_unit
GSM3655930,age,21,number_without_unit
GSM3655931,age,21,number_without_unit
GSM3655932,age,21,number_without_unit
GSM3655933,age,21,number_without_unit
GSM3655934,age,21,number_without_unit
GSM3655935,age,21,number_without_unit
GSM3655936,age,21,number_without_unit
GSM3655937,age,21,number_without_unit
GSM3655938,age,21,number_without_unit
GSM3655939,age,21,number_without_unit
GSM3655940,age,21,number_without_unit
GSM3655941,age,21,number_without_unit
GSM3655942,age,21,number_without_unit
GSM3655943,age,21,number_without_unit
GSM3655944,age,21,number_without_unit
GSM3655945,age,21,number_without_unit
GSM3655946,age,21,number_without_unit
GSM3655947,age,21,number_without_unit
GSM3655948,age,21,number_without_unit
GSM3655949,age,21,number_without_unit
GSM3655950,age,21,number_without_unit
GSM3655951,age,21,number_without_unit
GSM3655952,age,21,number_without_unit
GSM3655953,age,21,number_without_unit
GSM3655954,age,21,number_without_unit
GSM3655955,age,21,number_without_unit
GSM3655956,age,21,number_without_unit
GSM3655957,age,21,number_without_unit
GSM3655958,age,21,number_without_unit
GSM3655959,age,21,number_without_unit
GSM3655960,age,21,number_without_unit
GSM3655961,age,21,number_without_unit
GSM3655962,age,21,number_without_unit
GSM3655963,age,21,number_without_unit
GSM3655964,age,21,number_without_unit
GSM3655965,age,21,number_without_unit
GSM3655966,age,21,number_without_unit
GSM3655967,age,21,number_without_unit
GSM3655968,age,21,number_without_unit
GSM3655969,age,21,number_without_unit
GSM3655970,age,21,number_without_unit
GSM3655971,age,21,number_without_unit
GSM3655972,age,21,number_without_unit
GSM3655973,age,21,number_without_unit
GSM3655974,age,21,number_without_unit
GSM3655975,age,21,number_without_unit
GSM3655976,age,21,number_without_unit
GSM3655977,age,21,number_without_unit
GSM3655978,age,21,number_without_unit
GSM3655979,age,21,number_without_unit
GSM3655980,age,21,number_without_unit
GSM3655981,age,21,number_without_unit
GSM3655982,age,21,number_without_unit
GSM3655983,age,21,number_without_unit
GSM3655984,age,21,number_without_unit
GSM3655985,age,21,number_without_unit
GSM3655986,age,21,number_without_unit
GSM3655987,age,21,number_without_unit
GSM3655988,age,21,number_without_unit
GSM3655989,age,21,number_without_unit
GSM3655990,age,21,number_without_unit
GSM3655991,age,21,number_without_unit
GSM3655992,age,21,number_without_unit
GSM3655993,age,21,number_without_unit
GSM3655994,age,21,number_without_unit
GSM3655995,age,21,number_without_unit
GSM3655996,age,21,number_without_unit
GSM3655997,age,21,number_without_unit
GSM3655998,age,21,number_without_unit
GSM3655999,age,21,number_without_unit
GSM3656000,age,21,number_without_unit
GSM3656001,age,21,number_without_unit
GSM3656002,age,21,number_without_unit
GSM3656003,age,21,number_without_unit
GSM3656004,age,21,number_without_unit
GSM3656005,age,21,number_without_unit
GSM3656006,age,21,number_without_unit
GSM3656007,age,21,number_without_unit
GSM3656008,age,21,number_without_unit
GSM3656009,age,21,number_without_unit
GSM3656010,age,21,number_without_unit
GSM3656011,age,21,number_without_unit
GSM3656012,age,21,number_without_unit
GSM3656013,age,21,number_without_unit
GSM3656014,age,21,number_without_unit
GSM3656015,age,21,number_without_unit
GSM3656016,age,21,number_without_unit
GSM3656017,age,21,number_without_unit
GSM3656018,age,21,number_without_unit
GSM3656019,age,21,number_without_unit
GSM3656020,age,21,number_without_unit
GSM3656021,age,21,number_without_unit
GSM3656022,age,21,number_without_unit
GSM3656023,age,21,number_without_unit
GSM3656024,age,21,number_without_unit
GSM3656025,age,21,number_without_unit
GSM3656026,age,21,number_without_unit
GSM3656027,age,21,number_without_unit
GSM3656028,age,21,number_without_unit
GSM3656029,age,21,number_without_unit
GSM3656030,age,21,number_without_unit
GSM3656031,age,21,number_without_unit
GSM3656032,age,21,number_without_unit
GSM3656033,age,21,number_without_unit
GSM3656034,age,21,number_without_unit
GSM3656035,age,21,number_without_unit
GSM3656036,age,21,number_without_unit
GSM3656037,age,21,number_without_unit
GSM3656038,age,21,number_without_unit
GSM3656039,age,21,number_without_unit
GSM3656040,age,21,number_without_unit
GSM3656041,age,21,number_without_unit
GSM3656042,age,21,number_without_unit
GSM3656043,age,21,number_without_unit
GSM3656044,age,21,number_without_unit
GSM3656045,age,21,number_without_unit
GSM3656046,age,21,number_without_unit
GSM3656047,age,21,number_without_unit
GSM3656048,age,21,number_without_unit
GSM3656049,age,21,number_without_unit
GSM3656050,age,21,number_without_unit
GSM3656051,age,21,number_without_unit
GSM3656052,age,21,number_without_unit
GSM3656053,age,21,number_without_unit
GSM3656054,age,21,number_without_unit
GSM3656055,age,21,number_without_unit
GSM3656056,age,21,number_without_unit
GSM3656057,age,21,number_without_unit
GSM3656058,age,21,number_without_unit
GSM3656059,age,21,number_without_unit
GSM3656060,age,21,number_without_unit
GSM3656061,age,21,number_without_unit
GSM3656062,age,21,number_without_unit
GSM3656063,age,21,number_without_unit
GSM3656064,age,21,number_without_unit
GSM3656065,age,21,number_without_unit
GSM3656066,age,21,number_without_unit
GSM3656067,age,21,number_without_unit
GSM3656068,age,21,number_without_unit
GSM3656069,age,21,number_without_unit
GSM3656070,age,21,number_without_unit
GSM3656071,age,21,number_without_unit
GSM3656072,age,21,number_without_unit
GSM3656073,age,21,number_without_unit
GSM3656074,age,21,number_without_unit
GSM3656075,age,21,number_without_unit
GSM3656076,age,21,number_without_unit
GSM3656077,age,21,number_without_unit
GSM3656078,age,21,number_without_unit
GSM3656079,age,21,number_without_unit
GSM3656080,age,21,number_without_unit
GSM3656081,age,21,number_without_unit
GSM3656082,age,21,number_without_unit
GSM3656083,age,21,number_without_unit
GSM8822332,age,24,number_without_unit
GSM8822333,age,24,number_without_unit
GSM8822334,age,24,number_without_unit
GSM3643712,age,3,number_without_unit
GSM3643713,age,3,number_without_unit
GSM3643714,age,3,number_without_unit
GSM3643715,age,3,number_without_unit
GSM3643716,age,3,number_without_unit
GSM3643717,age,3,number_without_unit
GSM3643718,age,3,number_without_unit
GSM3643719,age,3,number_without_unit
GSM3643720,age,3,number_without_unit
GSM3643721,age,3,number_without_unit
GSM3643722,age,3,number_without_unit
GSM3643723,age,3,number_without_unit
GSM3643724,age,3,number_without_unit
GSM3643725,age,3,number_without_unit
GSM3643726,age,3,number_without_unit
GSM3643727,age,3,number_without_unit
GSM3643728,age,3,number_without_unit
GSM3643729,age,3,number_without_unit
GSM3643730,age,3,number_without_unit
GSM3643731,age,3,number_without_unit
GSM3643732,age,3,number_without_unit
GSM3643733,age,3,number_without_unit
GSM3643734,age,3,number_without_unit
GSM3643735,age,3,number_without_unit
GSM3643736,age,3,number_without_unit
GSM3643737,age,3,number_without_unit
GSM3643738,age,3,number_without_unit
GSM3643739,age,3,number_without_unit
GSM3643740,age,3,number_without_unit
GSM3643741,age,3,number_without_unit
GSM3643742,age,3,number_without_unit
GSM3643743,age,3,number_without_unit
GSM3643744,age,3,number_without_unit
GSM3643745,age,3,number_without_unit
GSM3643746,age,3,number_without_unit
GSM3643747,age,3,number_without_unit
GSM3643748,age,3,number_without_unit
GSM3643749,age,3,number_without_unit
GSM3643750,age,3,number_without_unit
GSM3643751,age,3,number_without_unit
GSM3643752,age,3,number_without_unit
GSM3643753,age,3,number_without_unit
GSM3643754,age,3,number_without_unit
GSM3643755,age,3,number_without_unit
GSM3643756,age,3,number_without_unit
GSM3643757,age,3,number_without_unit
GSM3643758,age,3,number_without_unit
GSM3643759,age,3,number_without_unit
GSM3643760,age,3,number_without_unit
GSM3643761,age,3,number_without_unit
GSM3643762,age,3,number_without_unit
GSM3643763,age,3,number_without_unit
GSM3643764,age,3,number_without_unit
GSM3643765,age,3,number_without_unit
GSM3643766,age,3,number_without_unit
GSM3643767,age,3,number_without_unit
GSM3643768,age,3,number_without_unit
GSM3643769,age,3,number_without_unit
GSM3643770,age,3,number_without_unit
GSM3643771,age,3,number_without_unit
GSM3643772,age,3,number_without_unit
GSM3643773,age,3,number_without_unit
GSM3643774,age,3,number_without_unit
GSM3643775,age,3,number_without_unit
GSM3643776,age,3,number_without_unit
GSM3643777,age,3,number_without_unit
GSM3643778,age,3,number_without_unit
GSM3643779,age,3,number_without_unit
GSM3643780,age,3,number_without_unit
GSM3643781,age,3,number_without_unit
GSM3643782,age,3,number_without_unit
GSM3643783,age,3,number_without_unit
GSM3643784,age,3,number_without_unit
GSM3643785,age,3,number_without_unit
GSM3643786,age,3,number_without_unit
GSM3643787,age,3,number_without_unit
GSM3643788,age,3,number_without_unit
GSM3643789,age,3,number_without_unit
GSM3643790,age,3,number_without_unit
GSM3643791,age,3,number_without_unit
GSM3643792,age,3,number_without_unit
GSM3643793,age,3,number_without_unit
GSM3643794,age,3,number_without_unit
GSM3643795,age,3,number_without_unit
GSM3643796,age,3,number_without_unit
GSM3643797,age,3,number_without_unit
GSM3643798,age,3,number_without_unit
GSM3643799,age,3,number_without_unit
GSM3643800,age,3,number_without_unit
GSM3643801,age,3,number_without_unit
GSM3643802,age,3,number_without_unit
GSM3643803,age,3,number_without_unit
GSM3643804,age,3,number_without_unit
GSM3643805,age,3,number_without_unit
GSM3643806,age,3,number_without_unit
GSM3643807,age,3,number_without_unit
GSM3643808,age,3,number_without_unit
GSM3643809,age,3,number_without_unit
GSM3643810,age,3,number_without_unit
GSM3643811,age,3,number_without_unit
GSM3643812,age,3,number_without_unit
GSM3643813,age,3,number_without_unit
GSM3643814,age,3,number_without_unit
GSM3643815,age,3,number_without_unit
GSM3643816,age,3,number_without_unit
GSM3643817,age,3,number_without_unit
GSM3643818,age,3,number_without_unit
GSM3643819,age,3,number_without_unit
GSM3643820,age,3,number_without_unit
GSM3643821,age,3,number_without_unit
GSM3643822,age,3,number_without_unit
GSM3643823,age,3,number_without_unit
GSM3643824,age,3,number_without_unit
GSM3643825,age,3,number_without_unit
GSM3643826,age,3,number_without_unit
GSM3643827,age,3,number_without_unit
GSM3643828,age,3,number_without_unit
GSM3643829,age,3,number_without_unit
GSM3643830,age,3,number_without_unit
GSM3643831,age,3,number_without_unit
GSM3643832,age,3,number_without_unit
GSM3643833,age,3,number_without_unit
GSM3643834,age,3,number_without_unit
GSM3643835,age,3,number_without_unit
GSM3643836,age,3,number_without_unit
GSM3643837,age,3,number_without_unit
GSM3643838,age,3,number_without_unit
GSM3643839,age,3,number_without_unit
GSM3643840,age,3,number_without_unit
GSM3643841,age,3,number_without_unit
GSM3643842,age,3,number_without_unit
GSM3643843,age,3,number_without_unit
GSM3643844,age,3,number_without_unit
GSM3643845,age,3,number_without_unit
GSM3643846,age,3,number_without_unit
GSM3643847,age,3,number_without_unit
GSM3643848,age,3,number_without_unit
GSM3643849,age,3,number_without_unit
GSM3643850,age,3,number_without_unit
GSM3643851,age,3,number_without_unit
GSM3643852,age,3,number_without_unit
GSM3643853,age,3,number_without_unit
GSM3643854,age,3,number_without_unit
GSM3643855,age,3,number_without_unit
GSM3643856,age,3,number_without_unit
GSM3643857,age,3,number_without_unit
GSM3643858,age,3,number_without_unit
GSM3643859,age,3,number_without_unit
GSM3643860,age,3,number_without_unit
GSM3643861,age,3,number_without_unit
GSM3643862,age,3,number_without_unit
GSM3643863,age,3,number_without_unit
GSM3643864,age,3,number_without_unit
GSM3643865,age,3,number_without_unit
GSM3643866,age,3,number_without_unit
GSM3643867,age,3,number_without_unit
GSM3643868,age,3,number_without_unit
GSM3643869,age,3,number_without_unit
GSM3643870,age,3,number_without_unit
GSM3643871,age,3,number_without_unit
GSM3643872,age,3,number_without_unit
GSM3643873,age,3,number_without_unit
GSM3643874,age,3,number_without_unit
GSM3643875,age,3,number_without_unit
GSM3643876,age,3,number_without_unit
GSM3643877,age,3,number_without_unit
GSM3643878,age,3,number_without_unit
GSM3643879,age,3,number_without_unit
GSM3643880,age,3,number_without_unit
GSM3643881,age,3,number_without_unit
GSM3643882,age,3,number_without_unit
GSM3643883,age,3,number_without_unit
GSM3643884,age,3,number_without_unit
GSM3643885,age,3,number_without_unit
GSM3643886,age,3,number_without_unit
GSM3643887,age,3,number_without_unit
GSM3643888,age,3,number_without_unit
GSM3643889,age,3,number_without_unit
GSM3643890,age,3,number_without_unit
GSM3643891,age,3,number_without_unit
GSM3643892,age,3,number_without_unit
GSM3643893,age,3,number_without_unit
GSM3643894,age,3,number_without_unit
GSM3643895,age,3,number_without_unit
GSM3643896,age,3,number_without_unit
GSM3643897,age,3,number_without_unit
GSM3643898,age,3,number_without_unit
GSM3643899,age,3,number_without_unit
GSM3643900,age,3,number_without_unit
GSM3643901,age,3,number_without_unit
GSM3643902,age,3,number_without_unit
GSM3643903,age,3,number_without_unit
GSM3643904,age,3,number_without_unit
GSM3643905,age,3,number_without_unit
GSM3643906,age,3,number_without_unit
GSM3643907,age,3,number_without_unit
GSM3643908,age,3,number_without_unit
GSM3643909,age,3,number_without_unit
GSM3643910,age,3,number_without_unit
GSM3643911,age,3,number_without_unit
GSM3643912,age,3,number_without_unit
GSM3643913,age,3,number_without_unit
GSM3643914,age,3,number_without_unit
GSM3643915,age,3,number_without_unit
GSM3643916,age,3,number_without_unit
GSM3643917,age,3,number_without_unit
GSM3643918,age,3,number_without_unit
GSM3643919,age,3,number_without_unit
GSM3643920,age,3,number_without_unit
GSM3643921,age,3,number_without_unit
GSM3643922,age,3,number_without_unit
GSM3643923,age,3,number_without_unit
GSM3643924,age,3,number_without_unit
GSM3643925,age,3,number_without_unit
GSM3643926,age,3,number_without_unit
GSM3643927,age,3,number_without_unit
GSM3643928,age,3,number_without_unit
GSM3643929,age,3,number_without_unit
GSM3643930,age,3,number_without_unit
GSM3643931,age,3,number_without_unit
GSM3643932,age,3,number_without_unit
GSM3643933,age,3,number_without_unit
GSM3643934,age,3,number_without_unit
GSM3643935,age,3,number_without_unit
GSM3643936,age,3,number_without_unit
GSM3643937,age,3,number_without_unit
GSM3643938,age,3,number_without_unit
GSM3643939,age,3,number_without_unit
GSM3643940,age,3,number_without_unit
GSM3643941,age,3,number_without_unit
GSM3643942,age,3,number_without_unit
GSM3643943,age,3,number_without_unit
GSM3643944,age,3,number_without_unit
GSM3643945,age,3,number_without_unit
GSM3643946,age,3,number_without_unit
GSM3643947,age,3,number_without_unit
GSM3643948,age,3,number_without_unit
GSM3643949,age,3,number_without_unit
GSM3643950,age,3,number_without_unit
GSM3643951,age,3,number_without_unit
GSM3643952,age,3,number_without_unit
GSM3643953,age,3,number_without_unit
GSM3643954,age,3,number_without_unit
GSM3643955,age,3,number_without_unit
GSM3643956,age,3,number_without_unit
GSM3643957,age,3,number_without_unit
GSM3643958,age,3,number_without_unit
GSM3643959,age,3,number_without_unit
GSM3643960,age,3,number_without_unit
GSM3643961,age,3,number_without_unit
GSM3643962,age,3,number_without_unit
GSM3643963,age,3,number_without_unit
GSM3643964,age,3,number_without_unit
GSM3643965,age,3,number_without_unit
GSM3643966,age,3,number_without_unit
GSM3643967,age,3,number_without_unit
GSM3643968,age,3,number_without_unit
GSM3643969,age,3,number_without_unit
GSM3643970,age,3,number_without_unit
GSM3643971,age,3,number_without_unit
GSM3643972,age,3,number_without_unit
GSM3643973,age,3,number_without_unit
GSM3643974,age,3,number_without_unit
GSM3643975,age,3,number_without_unit
GSM3643976,age,3,number_without_unit
GSM3643977,age,3,number_without_unit
GSM3643978,age,3,number_without_unit
GSM3643979,age,3,number_without_unit
GSM3643980,age,3,number_without_unit
GSM3643981,age,3,number_without_unit
GSM3643982,age,3,number_without_unit
GSM3643983,age,3,number_without_unit
GSM3643984,age,3,number_without_unit
GSM3643985,age,3,number_without_unit
GSM3643986,age,3,number_without_unit
GSM3643987,age,3,number_without_unit
GSM3643988,age,3,number_without_unit
GSM3643989,age,3,number_without_unit
GSM3643990,age,3,number_without_unit
GSM3643991,age,3,number_without_unit
GSM3643992,age,3,number_without_unit
GSM3643993,age,3,number_without_unit
GSM3643994,age,3,number_without_unit
GSM3643995,age,3,number_without_unit
GSM3643996,age,3,number_without_unit
GSM3643997,age,3,number_without_unit
GSM3643998,age,3,number_without_unit
GSM3643999,age,3,number_without_unit
GSM3644000,age,3,number_without_unit
GSM3644001,age,3,number_without_unit
GSM3644002,age,3,number_without_unit
GSM3644003,age,3,number_without_unit
GSM3644004,age,3,number_without_unit
GSM3644005,age,3,number_without_unit
GSM3644006,age,3,number_without_unit
GSM3644007,age,3,number_without_unit
GSM3644008,age,3,number_without_unit
GSM3644009,age,3,number_without_unit
GSM3644010,age,3,number_without_unit
GSM3644011,age,3,number_without_unit
GSM3644012,age,3,number_without_unit
GSM3644013,age,3,number_without_unit
GSM3644014,age,3,number_without_unit
GSM3644015,age,3,number_without_unit
GSM3644016,age,3,number_without_unit
GSM3644017,age,3,number_without_unit
GSM3644018,age,3,number_without_unit
GSM3644019,age,3,number_without_unit
GSM3644020,age,3,number_without_unit
GSM3644021,age,3,number_without_unit
GSM3644022,age,3,number_without_unit
GSM3644023,age,3,number_without_unit
GSM3644024,age,3,number_without_unit
GSM3644025,age,3,number_without_unit
GSM3644026,age,3,number_without_unit
GSM3644027,age,3,number_without_unit
GSM3644028,age,3,number_without_unit
GSM3644029,age,3,number_without_unit
GSM3644030,age,3,number_without_unit
GSM3644031,age,3,number_without_unit
GSM3644032,age,3,number_without_unit
GSM3644033,age,3,number_without_unit
GSM3644034,age,3,number_without_unit
GSM3644035,age,3,number_without_unit
GSM3644036,age,3,number_without_unit
GSM3644037,age,3,number_without_unit
GSM3644038,age,3,number_without_unit
GSM3644039,age,3,number_without_unit
GSM3644040,age,3,number_without_unit
GSM3644041,age,3,number_without_unit
GSM3644042,age,3,number_without_unit
GSM3644043,age,3,number_without_unit
GSM3644044,age,3,number_without_unit
GSM3644045,age,3,number_without_unit
GSM3644046,age,3,number_without_unit
GSM3644047,age,3,number_without_unit
GSM3644048,age,3,number_without_unit
GSM3644049,age,3,number_without_unit
GSM3644050,age,3,number_without_unit
GSM3644051,age,3,number_without_unit
GSM3644052,age,3,number_without_unit
GSM3644053,age,3,number_without_unit
GSM3644054,age,3,number_without_unit
GSM3644055,age,3,number_without_unit
GSM3644056,age,3,number_without_unit
GSM3644057,age,3,number_without_unit
GSM3644058,age,3,number_without_unit
GSM3644059,age,3,number_without_unit
GSM3644060,age,3,number_without_unit
GSM3644061,age,3,number_without_unit
GSM3644062,age,3,number_without_unit
GSM3644063,age,3,number_without_unit
GSM3644064,age,3,number_without_unit
GSM3644065,age,3,number_without_unit
GSM3644066,age,3,number_without_unit
GSM3644067,age,3,number_without_unit
GSM3644068,age,3,number_without_unit
GSM3644069,age,3,number_without_unit
GSM3644070,age,3,number_without_unit
GSM3644071,age,3,number_without_unit
GSM3644072,age,3,number_without_unit
GSM3644073,age,3,number_without_unit
GSM3644074,age,3,number_without_unit
GSM3644075,age,3,number_without_unit
GSM3644076,age,3,number_without_unit
GSM3644077,age,3,number_without_unit
GSM3644078,age,3,number_without_unit
GSM3644079,age,3,number_without_unit
GSM3644080,age,3,number_without_unit
GSM3644081,age,3,number_without_unit
GSM3644082,age,3,number_without_unit
GSM3644083,age,3,number_without_unit
GSM3644084,age,3,number_without_unit
GSM3644085,age,3,number_without_unit
GSM3644086,age,3,number_without_unit
GSM3644087,age,3,number_without_unit
GSM3644088,age,3,number_without_unit
GSM3644089,age,3,number_without_unit
GSM3644090,age,3,number_without_unit
GSM3644091,age,3,number_without_unit
GSM3644092,age,3,number_without_unit
GSM3644093,age,3,number_without_unit
GSM3644094,age,3,number_without_unit
GSM3644095,age,3,number_without_unit
GSM3644096,age,3,number_without_unit
GSM3644097,age,3,number_without_unit
GSM3644098,age,3,number_without_unit
GSM3644099,age,3,number_without_unit
GSM3644100,age,3,number_without_unit
GSM3644101,age,3,number_without_unit
GSM3644102,age,3,number_without_unit
GSM3644103,age,3,number_without_unit
GSM3644104,age,3,number_without_unit
GSM3644105,age,3,number_without_unit
GSM3644106,age,3,number_without_unit
GSM3644107,age,3,number_without_unit
GSM3644108,age,3,number_without_unit
GSM3644109,age,3,number_without_unit
GSM3644110,age,3,number_without_unit
GSM3644111,age,3,number_without_unit
GSM3644112,age,3,number_without_unit
GSM3644113,age,3,number_without_unit
GSM3644114,age,3,number_without_unit
GSM3644115,age,3,number_without_unit
GSM3644116,age,3,number_without_unit
GSM3644117,age,3,number_without_unit
GSM3644118,age,3,number_without_unit
GSM3644119,age,3,number_without_unit
GSM3644120,age,3,number_without_unit
GSM3644121,age,3,number_without_unit
GSM3644122,age,3,number_without_unit
GSM3644123,age,3,number_without_unit
GSM3644124,age,3,number_without_unit
GSM3644125,age,3,number_without_unit
GSM3644126,age,3,number_without_unit
GSM3644127,age,3,number_without_unit
GSM3644128,age,3,number_without_unit
GSM3644129,age,3,number_without_unit
GSM3644130,age,3,number_without_unit
GSM3644131,age,3,number_without_unit
GSM3644132,age,3,number_without_unit
GSM3644133,age,3,number_without_unit
GSM3644134,age,3,number_without_unit
GSM3644135,age,3,number_without_unit
GSM3644136,age,3,number_without_unit
GSM3644137,age,3,number_without_unit
GSM3644138,age,3,number_without_unit
GSM3644139,age,3,number_without_unit
GSM3644140,age,3,number_without_unit
GSM3644141,age,3,number_without_unit
GSM3644142,age,3,number_without_unit
GSM3644143,age,3,number_without_unit
GSM3644144,age,3,number_without_unit
GSM3644145,age,3,number_without_unit
GSM3644146,age,3,number_without_unit
GSM3644147,age,3,number_without_unit
GSM3644148,age,3,number_without_unit
GSM3644149,age,3,number_without_unit
GSM3644150,age,3,number_without_unit
GSM3644151,age,3,number_without_unit
GSM3644152,age,3,number_without_unit
GSM3644153,age,3,number_without_unit
GSM3644154,age,3,number_without_unit
GSM3644155,age,3,number_without_unit
GSM3644156,age,3,number_without_unit
GSM3644157,age,3,number_without_unit
GSM3644158,age,3,number_without_unit
GSM3644159,age,3,number_without_unit
GSM3644160,age,3,number_without_unit
GSM3644161,age,3,number_without_unit
GSM3644162,age,3,number_without_unit
GSM3644163,age,3,number_without_unit
GSM3644164,age,3,number_without_unit
GSM3644165,age,3,number_without_unit
GSM3644166,age,3,number_without_unit
GSM3644167,age,3,number_without_unit
GSM3644168,age,3,number_without_unit
GSM3644169,age,3,number_without_unit
GSM3644170,age,3,number_without_unit
GSM3644171,age,3,number_without_unit
GSM3644172,age,3,number_without_unit
GSM3644173,age,3,number_without_unit
GSM3644174,age,3,number_without_unit
GSM3644175,age,3,number_without_unit
GSM3644176,age,3,number_without_unit
GSM3644177,age,3,number_without_unit
GSM3644178,age,3,number_without_unit
GSM3644179,age,3,number_without_unit
GSM3644180,age,3,number_without_unit
GSM3644181,age,3,number_without_unit
GSM3644182,age,3,number_without_unit
GSM3644183,age,3,number_without_unit
GSM3644184,age,3,number_without_unit
GSM3644185,age,3,number_without_unit
GSM3644186,age,3,number_without_unit
GSM3644187,age,3,number_without_unit
GSM3644188,age,3,number_without_unit
GSM3644189,age,3,number_without_unit
GSM3644190,age,3,number_without_unit
GSM3644191,age,3,number_without_unit
GSM3644192,age,3,number_without_unit
GSM3644193,age,3,number_without_unit
GSM3644194,age,3,number_without_unit
GSM3644195,age,3,number_without_unit
GSM3644196,age,3,number_without_unit
GSM3644197,age,3,number_without_unit
GSM3644198,age,3,number_without_unit
GSM3644199,age,3,number_without_unit
GSM3644200,age,3,number_without_unit
GSM3644201,age,3,number_without_unit
GSM3644202,age,3,number_without_unit
GSM3644203,age,3,number_without_unit
GSM3644204,age,3,number_without_unit
GSM3644205,age,3,number_without_unit
GSM3644206,age,3,number_without_unit
GSM3644207,age,3,number_without_unit
GSM3644208,age,3,number_without_unit
GSM3644209,age,3,number_without_unit
GSM3644210,age,3,number_without_unit
GSM3644211,age,3,number_without_unit
GSM3644212,age,3,number_without_unit
GSM3644213,age,3,number_without_unit
GSM3644214,age,3,number_without_unit
GSM3644215,age,3,number_without_unit
GSM3644216,age,3,number_without_unit
GSM3644217,age,3,number_without_unit
GSM3644218,age,3,number_without_unit
GSM3644219,age,3,number_without_unit
GSM3644220,age,3,number_without_unit
GSM3644221,age,3,number_without_unit
GSM3644222,age,3,number_without_unit
GSM3644223,age,3,number_without_unit
GSM3644224,age,3,number_without_unit
GSM3644225,age,3,number_without_unit
GSM3644226,age,3,number_without_unit
GSM3644227,age,3,number_without_unit
GSM3644228,age,3,number_without_unit
GSM3644229,age,3,number_without_unit
GSM3644230,age,3,number_without_unit
GSM3644231,age,3,number_without_unit
GSM3644232,age,3,number_without_unit
GSM3644233,age,3,number_without_unit
GSM3644234,age,3,number_without_unit
GSM3644235,age,3,number_without_unit
GSM3644236,age,3,number_without_unit
GSM3644237,age,3,number_without_unit
GSM3644238,age,3,number_without_unit
GSM3644239,age,3,number_without_unit
GSM3644240,age,3,number_without_unit
GSM3644241,age,3,number_without_unit
GSM3644242,age,3,number_without_unit
GSM3644243,age,3,number_without_unit
GSM3644244,age,3,number_without_unit
GSM3644245,age,3,number_without_unit
GSM3644246,age,3,number_without_unit
GSM3644247,age,3,number_without_unit
GSM3644248,age,3,number_without_unit
GSM3644249,age,3,number_without_unit
GSM3644250,age,3,number_without_unit
GSM3644251,age,3,number_without_unit
GSM3644252,age,3,number_without_unit
GSM3644253,age,3,number_without_unit
GSM3644254,age,3,number_without_unit
GSM3644255,age,3,number_without_unit
GSM3644256,age,3,number_without_unit
GSM3644257,age,3,number_without_unit
GSM3644258,age,3,number_without_unit
GSM3644259,age,3,number_without_unit
GSM3644260,age,3,number_without_unit
GSM3644261,age,3,number_without_unit
GSM3644262,age,3,number_without_unit
GSM3644263,age,3,number_without_unit
GSM3644264,age,3,number_without_unit
GSM3644265,age,3,number_without_unit
GSM3644266,age,3,number_without_unit
GSM3644267,age,3,number_without_unit
GSM3644268,age,3,number_without_unit
GSM3644269,age,3,number_without_unit
GSM3644270,age,3,number_without_unit
GSM3644271,age,3,number_without_unit
GSM3644272,age,3,number_without_unit
GSM3644273,age,3,number_without_unit
GSM3644274,age,3,number_without_unit
GSM3644275,age,3,number_without_unit
GSM3644276,age,3,number_without_unit
GSM3644277,age,3,number_without_unit
GSM3644278,age,3,number_without_unit
GSM3644279,age,3,number_without_unit
GSM3644280,age,3,number_without_unit
GSM3644281,age,3,number_without_unit
GSM3644282,age,3,number_without_unit
GSM3644283,age,3,number_without_unit
GSM3644284,age,3,number_without_unit
GSM3644285,age,3,number_without_unit
GSM3644286,age,3,number_without_unit
GSM3644287,age,3,number_without_unit
GSM3644288,age,3,number_without_unit
GSM3644289,age,3,number_without_unit
GSM3644290,age,3,number_without_unit
GSM3644291,age,3,number_without_unit
GSM3644292,age,3,number_without_unit
GSM3644293,age,3,number_without_unit
GSM3644294,age,3,number_without_unit
GSM3644295,age,3,number_without_unit
GSM3644296,age,3,number_without_unit
GSM3644297,age,3,number_without_unit
GSM3644298,age,3,number_without_unit
GSM3644299,age,3,number_without_unit
GSM3644300,age,3,number_without_unit
GSM3644301,age,3,number_without_unit
GSM3644302,age,3,number_without_unit
GSM3644303,age,3,number_without_unit
GSM3644304,age,3,number_without_unit
GSM3644305,age,3,number_without_unit
GSM3644306,age,3,number_without_unit
GSM3644307,age,3,number_without_unit
GSM3644308,age,3,number_without_unit
GSM3644309,age,3,number_without_unit
GSM3644310,age,3,number_without_unit
GSM3644311,age,3,number_without_unit
GSM3644312,age,3,number_without_unit
GSM3644313,age,3,number_without_unit
GSM3644314,age,3,number_without_unit
GSM3644315,age,3,number_without_unit
GSM3644316,age,3,number_without_unit
GSM3644317,age,3,number_without_unit
GSM3644318,age,3,number_without_unit
GSM3644319,age,3,number_without_unit
GSM3644320,age,3,number_without_unit
GSM3644321,age,3,number_without_unit
GSM3644322,age,3,number_without_unit
GSM3644323,age,3,number_without_unit
GSM3644324,age,3,number_without_unit
GSM3644325,age,3,number_without_unit
GSM3644326,age,3,number_without_unit
GSM3644327,age,3,number_without_unit
GSM3644328,age,3,number_without_unit
GSM3644329,age,3,number_without_unit
GSM3644330,age,3,number_without_unit
GSM3644331,age,3,number_without_unit
GSM3644332,age,3,number_without_unit
GSM3644333,age,3,number_without_unit
GSM3644334,age,3,number_without_unit
GSM3644335,age,3,number_without_unit
GSM3644336,age,3,number_without_unit
GSM3644337,age,3,number_without_unit
GSM3644338,age,3,number_without_unit
GSM3644339,age,3,number_without_unit
GSM3644340,age,3,number_without_unit
GSM3644341,age,3,number_without_unit
GSM3644342,age,3,number_without_unit
GSM3644343,age,3,number_without_unit
GSM3644344,age,3,number_without_unit
GSM3644345,age,3,number_without_unit
GSM3644346,age,3,number_without_unit
GSM3644347,age,3,number_without_unit
GSM3644348,age,3,number_without_unit
GSM3644349,age,3,number_without_unit
GSM3644350,age,3,number_without_unit
GSM3644351,age,3,number_without_unit
GSM3644352,age,3,number_without_unit
GSM3644353,age,3,number_without_unit
GSM3644354,age,3,number_without_unit
GSM3644355,age,3,number_without_unit
GSM3644356,age,3,number_without_unit
GSM3644357,age,3,number_without_unit
GSM3644358,age,3,number_without_unit
GSM3644359,age,3,number_without_unit
GSM3644360,age,3,number_without_unit
GSM3644361,age,3,number_without_unit
GSM3644362,age,3,number_without_unit
GSM3644363,age,3,number_without_unit
GSM3644364,age,3,number_without_unit
GSM3644365,age,3,number_without_unit
GSM3644366,age,3,number_without_unit
GSM3644367,age,3,number_without_unit
GSM3644368,age,3,number_without_unit
GSM3644369,age,3,number_without_unit
GSM3644370,age,3,number_without_unit
GSM3644371,age,3,number_without_unit
GSM3644372,age,3,number_without_unit
GSM3644373,age,3,number_without_unit
GSM3644374,age,3,number_without_unit
GSM3644375,age,3,number_without_unit
GSM3644376,age,3,number_without_unit
GSM3644377,age,3,number_without_unit
GSM3644378,age,3,number_without_unit
GSM3644379,age,3,number_without_unit
GSM3644380,age,3,number_without_unit
GSM3644381,age,3,number_without_unit
GSM3644382,age,3,number_without_unit
GSM3644383,age,3,number_without_unit
GSM3644384,age,3,number_without_unit
GSM3644385,age,3,number_without_unit
GSM3644386,age,3,number_without_unit
GSM3644387,age,3,number_without_unit
GSM3644388,age,3,number_without_unit
GSM3644389,age,3,number_without_unit
GSM3644390,age,3,number_without_unit
GSM3644391,age,3,number_without_unit
GSM3644392,age,3,number_without_unit
GSM3644393,age,3,number_without_unit
GSM3644394,age,3,number_without_unit
GSM3644395,age,3,number_without_unit
GSM3644396,age,3,number_without_unit
GSM3644397,age,3,number_without_unit
GSM3644398,age,3,number_without_unit
GSM3644399,age,3,number_without_unit
GSM3644400,age,3,number_without_unit
GSM3644401,age,3,number_without_unit
GSM3644402,age,3,number_without_unit
GSM3644403,age,3,number_without_unit
GSM3644404,age,3,number_without_unit
GSM3644405,age,3,number_without_unit
GSM3644406,age,3,number_without_unit
GSM3644407,age,3,number_without_unit
GSM3644408,age,3,number_without_unit
GSM3644409,age,3,number_without_unit
GSM3644410,age,3,number_without_unit
GSM3644411,age,3,number_without_unit
GSM3644412,age,3,number_without_unit
GSM3644413,age,3,number_without_unit
GSM3644414,age,3,number_without_unit
GSM3644415,age,3,number_without_unit
GSM3644416,age,3,number_without_unit
GSM3644417,age,3,number_without_unit
GSM3644418,age,3,number_without_unit
GSM3644419,age,3,number_without_unit
GSM3644420,age,3,number_without_unit
GSM3644421,age,3,number_without_unit
GSM3644422,age,3,number_without_unit
GSM3644423,age,3,number_without_unit
GSM3644424,age,3,number_without_unit
GSM3644425,age,3,number_without_unit
GSM3644426,age,3,number_without_unit
GSM3644427,age,3,number_without_unit
GSM3644428,age,3,number_without_unit
GSM3644429,age,3,number_without_unit
GSM3644430,age,3,number_without_unit
GSM3644431,age,3,number_without_unit
GSM3644432,age,3,number_without_unit
GSM3644433,age,3,number_without_unit
GSM3644434,age,3,number_without_unit
GSM3644435,age,3,number_without_unit
GSM3644436,age,3,number_without_unit
GSM3644437,age,3,number_without_unit
GSM3644438,age,3,number_without_unit
GSM3644439,age,3,number_without_unit
GSM3644440,age,3,number_without_unit
GSM3644441,age,3,number_without_unit
GSM3644442,age,3,number_without_unit
GSM3644443,age,3,number_without_unit
GSM3644444,age,3,number_without_unit
GSM3644445,age,3,number_without_unit
GSM3644446,age,3,number_without_unit
GSM3644447,age,3,number_without_unit
GSM3644448,age,3,number_without_unit
GSM3644449,age,3,number_without_unit
GSM3644450,age,3,number_without_unit
GSM3644451,age,3,number_without_unit
GSM3644452,age,3,number_without_unit
GSM3644453,age,3,number_without_unit
GSM3644454,age,3,number_without_unit
GSM3644455,age,3,number_without_unit
GSM3644456,age,3,number_without_unit
GSM3644457,age,3,number_without_unit
GSM3644458,age,3,number_without_unit
GSM3644459,age,3,number_without_unit
GSM3644460,age,3,number_without_unit
GSM3644461,age,3,number_without_unit
GSM3644462,age,3,number_without_unit
GSM3644463,age,3,number_without_unit
GSM3644464,age,3,number_without_unit
GSM3644465,age,3,number_without_unit
GSM3644466,age,3,number_without_unit
GSM3644467,age,3,number_without_unit
GSM3644468,age,3,number_without_unit
GSM3644469,age,3,number_without_unit
GSM3644470,age,3,number_without_unit
GSM3644471,age,3,number_without_unit
GSM3644472,age,3,number_without_unit
GSM3644473,age,3,number_without_unit
GSM3644474,age,3,number_without_unit
GSM3644475,age,3,number_without_unit
GSM3644476,age,3,number_without_unit
GSM3644477,age,3,number_without_unit
GSM3644478,age,3,number_without_unit
GSM3644479,age,3,number_without_unit
GSM3644480,age,3,number_without_unit
GSM3644481,age,3,number_without_unit
GSM3644482,age,3,number_without_unit
GSM3644483,age,3,number_without_unit
GSM3644484,age,3,number_without_unit
GSM3644485,age,3,number_without_unit
GSM3644486,age,3,number_without_unit
GSM3644487,age,3,number_without_unit
GSM3644488,age,3,number_without_unit
GSM3644489,age,3,number_without_unit
GSM3644490,age,3,number_without_unit
GSM3644491,age,3,number_without_unit
GSM3644492,age,3,number_without_unit
GSM3644493,age,3,number_without_unit
GSM3644494,age,3,number_without_unit
GSM3644495,age,3,number_without_unit
GSM3644496,age,3,number_without_unit
GSM3644497,age,3,number_without_unit
GSM3644498,age,3,number_without_unit
GSM3644499,age,3,number_without_unit
GSM3644500,age,3,number_without_unit
GSM3644501,age,3,number_without_unit
GSM3644502,age,3,number_without_unit
GSM3644503,age,3,number_without_unit
GSM3644504,age,3,number_without_unit
GSM3644505,age,3,number_without_unit
GSM3644506,age,3,number_without_unit
GSM3644507,age,3,number_without_unit
GSM3644508,age,3,number_without_unit
GSM3644509,age,3,number_without_unit
GSM3644510,age,3,number_without_unit
GSM3644511,age,3,number_without_unit
GSM3644512,age,3,number_without_unit
GSM3644513,age,3,number_without_unit
GSM3644514,age,3,number_without_unit
GSM3644515,age,3,number_without_unit
GSM3644516,age,3,number_without_unit
GSM3644517,age,3,number_without_unit
GSM3644518,age,3,number_without_unit
GSM3644519,age,3,number_without_unit
GSM3644520,age,3,number_without_unit
GSM3644521,age,3,number_without_unit
GSM3644522,age,3,number_without_unit
GSM3644523,age,3,number_without_unit
GSM3644524,age,3,number_without_unit
GSM3644525,age,3,number_without_unit
GSM3644526,age,3,number_without_unit
GSM3644527,age,3,number_without_unit
GSM3644528,age,3,number_without_unit
GSM3644529,age,3,number_without_unit
GSM3644530,age,3,number_without_unit
GSM3644531,age,3,number_without_unit
GSM3644532,age,3,number_without_unit
GSM3644533,age,3,number_without_unit
GSM3644534,age,3,number_without_unit
GSM3644535,age,3,number_without_unit
GSM3644536,age,3,number_without_unit
GSM3644537,age,3,number_without_unit
GSM3644538,age,3,number_without_unit
GSM3644539,age,3,number_without_unit
GSM3644540,age,3,number_without_unit
GSM3644541,age,3,number_without_unit
GSM3644542,age,3,number_without_unit
GSM3644543,age,3,number_without_unit
GSM3644544,age,3,number_without_unit
GSM3644545,age,3,number_without_unit
GSM3644546,age,3,number_without_unit
GSM3644547,age,3,number_without_unit
GSM3644548,age,3,number_without_unit
GSM3644549,age,3,number_without_unit
GSM3644550,age,3,number_without_unit
GSM3644551,age,3,number_without_unit
GSM3644552,age,3,number_without_unit
GSM3644553,age,3,number_without_unit
GSM3644554,age,3,number_without_unit
GSM3644555,age,3,number_without_unit
GSM3644556,age,3,number_without_unit
GSM3644557,age,3,number_without_unit
GSM3644558,age,3,number_without_unit
GSM3644559,age,3,number_without_unit
GSM3644560,age,3,number_without_unit
GSM3644561,age,3,number_without_unit
GSM3644562,age,3,number_without_unit
GSM3644563,age,3,number_without_unit
GSM3644564,age,3,number_without_unit
GSM3644565,age,3,number_without_unit
GSM3644566,age,3,number_without_unit
GSM3644567,age,3,number_without_unit
GSM3644568,age,3,number_without_unit
GSM3644569,age,3,number_without_unit
GSM3644570,age,3,number_without_unit
GSM3644571,age,3,number_without_unit
GSM3644572,age,3,number_without_unit
GSM3644573,age,3,number_without_unit
GSM3644574,age,3,number_without_unit
GSM3644575,age,3,number_without_unit
GSM3644576,age,3,number_without_unit
GSM3644577,age,3,number_without_unit
GSM3644578,age,3,number_without_unit
GSM3644579,age,3,number_without_unit
GSM3644580,age,3,number_without_unit
GSM3644581,age,3,number_without_unit
GSM3644582,age,3,number_without_unit
GSM3644583,age,3,number_without_unit
GSM3644584,age,3,number_without_unit
GSM3644585,age,3,number_without_unit
GSM3644586,age,3,number_without_unit
GSM3644587,age,3,number_without_unit
GSM3644588,age,3,number_without_unit
GSM3644589,age,3,number_without_unit
GSM3644590,age,3,number_without_unit
GSM3644591,age,3,number_without_unit
GSM3644592,age,3,number_without_unit
GSM3644593,age,3,number_without_unit
GSM3644594,age,3,number_without_unit
GSM3644595,age,3,number_without_unit
GSM3644596,age,3,number_without_unit
GSM3644597,age,3,number_without_unit
GSM3644598,age,3,number_without_unit
GSM3644599,age,3,number_without_unit
GSM3644600,age,3,number_without_unit
GSM3644601,age,3,number_without_unit
GSM3644602,age,3,number_without_unit
GSM3644603,age,3,number_without_unit
GSM3644604,age,3,number_without_unit
GSM3644605,age,3,number_without_unit
GSM3644606,age,3,number_without_unit
GSM3644607,age,3,number_without_unit
GSM3644608,age,3,number_without_unit
GSM3644609,age,3,number_without_unit
GSM3644610,age,3,number_without_unit
GSM3644611,age,3,number_without_unit
GSM3644612,age,3,number_without_unit
GSM3644613,age,3,number_without_unit
GSM3644614,age,3,number_without_unit
GSM3644615,age,3,number_without_unit
GSM3644616,age,3,number_without_unit
GSM3644617,age,3,number_without_unit
GSM3644618,age,3,number_without_unit
GSM3644619,age,3,number_without_unit
GSM3644620,age,3,number_without_unit
GSM3644621,age,3,number_without_unit
GSM3644622,age,3,number_without_unit
GSM3644623,age,3,number_without_unit
GSM3644624,age,3,number_without_unit
GSM3644625,age,3,number_without_unit
GSM3644626,age,3,number_without_unit
GSM3644627,age,3,number_without_unit
GSM3644628,age,3,number_without_unit
GSM3644629,age,3,number_without_unit
GSM3644630,age,3,number_without_unit
GSM3644631,age,3,number_without_unit
GSM3644632,age,3,number_without_unit
GSM3644633,age,3,number_without_unit
GSM3644634,age,3,number_without_unit
GSM3644635,age,3,number_without_unit
GSM3644636,age,3,number_without_unit
GSM3644637,age,3,number_without_unit
GSM3644638,age,3,number_without_unit
GSM3644639,age,3,number_without_unit
GSM3644640,age,3,number_without_unit
GSM3644641,age,3,number_without_unit
GSM3644642,age,3,number_without_unit
GSM3644643,age,3,number_without_unit
GSM3644644,age,3,number_without_unit
GSM3644645,age,3,number_without_unit
GSM3644646,age,3,number_without_unit
GSM3644647,age,3,number_without_unit
GSM3644648,age,3,number_without_unit
GSM3644649,age,3,number_without_unit
GSM3644650,age,3,number_without_unit
GSM3644651,age,3,number_without_unit
GSM3644652,age,3,number_without_unit
GSM3644653,age,3,number_without_unit
GSM3644654,age,3,number_without_unit
GSM3644655,age,3,number_without_unit
GSM3644656,age,3,number_without_unit
GSM3644657,age,3,number_without_unit
GSM3644658,age,3,number_without_unit
GSM3644659,age,3,number_without_unit
GSM3644660,age,3,number_without_unit
GSM3644661,age,3,number_without_unit
GSM3644662,age,3,number_without_unit
GSM3644663,age,3,number_without_unit
GSM3644664,age,3,number_without_unit
GSM3644665,age,3,number_without_unit
GSM3644666,age,3,number_without_unit
GSM3644667,age,3,number_without_unit
GSM3644668,age,3,number_without_unit
GSM3644669,age,3,number_without_unit
GSM3644670,age,3,number_without_unit
GSM3644671,age,3,number_without_unit
GSM3644672,age,3,number_without_unit
GSM3644673,age,3,number_without_unit
GSM3644674,age,3,number_without_unit
GSM3644675,age,3,number_without_unit
GSM3644676,age,3,number_without_unit
GSM3644677,age,3,number_without_unit
GSM3644678,age,3,number_without_unit
GSM3644679,age,3,number_without_unit
GSM3644680,age,3,number_without_unit
GSM3644681,age,3,number_without_unit
GSM3644682,age,3,number_without_unit
GSM3644683,age,3,number_without_unit
GSM3644684,age,3,number_without_unit
GSM3644685,age,3,number_without_unit
GSM3644686,age,3,number_without_unit
GSM3644687,age,3,number_without_unit
GSM3644688,age,3,number_without_unit
GSM3644689,age,3,number_without_unit
GSM3644690,age,3,number_without_unit
GSM3644691,age,3,number_without_unit
GSM3644692,age,3,number_without_unit
GSM3644693,age,3,number_without_unit
GSM3644694,age,3,number_without_unit
GSM3644695,age,3,number_without_unit
GSM3644696,age,3,number_without_unit
GSM3644697,age,3,number_without_unit
GSM3644698,age,3,number_without_unit
GSM3644699,age,3,number_without_unit
GSM3644700,age,3,number_without_unit
GSM3644701,age,3,number_without_unit
GSM3644702,age,3,number_without_unit
GSM3644703,age,3,number_without_unit
GSM3644704,age,3,number_without_unit
GSM3644705,age,3,number_without_unit
GSM3644706,age,3,number_without_unit
GSM3644707,age,3,number_without_unit
GSM3644708,age,3,number_without_unit
GSM3644709,age,3,number_without_unit
GSM3644710,age,3,number_without_unit
GSM3644711,age,3,number_without_unit
GSM3644712,age,3,number_without_unit
GSM3644713,age,3,number_without_unit
GSM3644714,age,3,number_without_unit
GSM3644715,age,3,number_without_unit
GSM3644716,age,3,number_without_unit
GSM3644717,age,3,number_without_unit
GSM3644718,age,3,number_without_unit
GSM3644719,age,3,number_without_unit
GSM3644720,age,3,number_without_unit
GSM3644721,age,3,number_without_unit
GSM3644722,age,3,number_without_unit
GSM3644723,age,3,number_without_unit
GSM3644724,age,3,number_without_unit
GSM3644725,age,3,number_without_unit
GSM3644726,age,3,number_without_unit
GSM3644727,age,3,number_without_unit
GSM3644728,age,3,number_without_unit
GSM3644729,age,3,number_without_unit
GSM3644730,age,3,number_without_unit
GSM3644731,age,3,number_without_unit
GSM3644732,age,3,number_without_unit
GSM3644733,age,3,number_without_unit
GSM3644734,age,3,number_without_unit
GSM3644735,age,3,number_without_unit
GSM3644736,age,3,number_without_unit
GSM3644737,age,3,number_without_unit
GSM3644738,age,3,number_without_unit
GSM3644739,age,3,number_without_unit
GSM3644740,age,3,number_without_unit
GSM3644741,age,3,number_without_unit
GSM3644742,age,3,number_without_unit
GSM3644743,age,3,number_without_unit
GSM3644744,age,3,number_without_unit
GSM3644745,age,3,number_without_unit
GSM3644746,age,3,number_without_unit
GSM3644747,age,3,number_without_unit
GSM3644748,age,3,number_without_unit
GSM3644749,age,3,number_without_unit
GSM3644750,age,3,number_without_unit
GSM3644751,age,3,number_without_unit
GSM3644752,age,3,number_without_unit
GSM3644753,age,3,number_without_unit
GSM3644754,age,3,number_without_unit
GSM3644755,age,3,number_without_unit
GSM3644756,age,3,number_without_unit
GSM3644757,age,3,number_without_unit
GSM3644758,age,3,number_without_unit
GSM3644759,age,3,number_without_unit
GSM3644760,age,3,number_without_unit
GSM3644761,age,3,number_without_unit
GSM3644762,age,3,number_without_unit
GSM3644763,age,3,number_without_unit
GSM3644764,age,3,number_without_unit
GSM3644765,age,3,number_without_unit
GSM3644766,age,3,number_without_unit
GSM3644767,age,3,number_without_unit
GSM3644768,age,3,number_without_unit
GSM3644769,age,3,number_without_unit
GSM3644770,age,3,number_without_unit
GSM3644771,age,3,number_without_unit
GSM3644772,age,3,number_without_unit
GSM3644773,age,3,number_without_unit
GSM3644774,age,3,number_without_unit
GSM3644775,age,3,number_without_unit
GSM3644776,age,3,number_without_unit
GSM3644777,age,3,number_without_unit
GSM3644778,age,3,number_without_unit
GSM3644779,age,3,number_without_unit
GSM3644780,age,3,number_without_unit
GSM3644781,age,3,number_without_unit
GSM3644782,age,3,number_without_unit
GSM3644783,age,3,number_without_unit
GSM3644784,age,3,number_without_unit
GSM3644785,age,3,number_without_unit
GSM3644786,age,3,number_without_unit
GSM3644787,age,3,number_without_unit
GSM3644788,age,3,number_without_unit
GSM3644789,age,3,number_without_unit
GSM3644790,age,3,number_without_unit
GSM3644791,age,3,number_without_unit
GSM3644792,age,3,number_without_unit
GSM3644793,age,3,number_without_unit
GSM3644794,age,3,number_without_unit
GSM3644795,age,3,number_without_unit
GSM3644796,age,3,number_without_unit
GSM3644797,age,3,number_without_unit
GSM3644798,age,3,number_without_unit
GSM3644799,age,3,number_without_unit
GSM3644800,age,3,number_without_unit
GSM3644801,age,3,number_without_unit
GSM3644802,age,3,number_without_unit
GSM3644803,age,3,number_without_unit
GSM3644804,age,3,number_without_unit
GSM3644805,age,3,number_without_unit
GSM3644806,age,3,number_without_unit
GSM3644807,age,3,number_without_unit
GSM3644808,age,3,number_without_unit
GSM3644809,age,3,number_without_unit
GSM3644810,age,3,number_without_unit
GSM3644811,age,3,number_without_unit
GSM3644812,age,3,number_without_unit
GSM3644813,age,3,number_without_unit
GSM3644814,age,3,number_without_unit
GSM3644815,age,3,number_without_unit
GSM3644816,age,3,number_without_unit
GSM3644817,age,3,number_without_unit
GSM3644818,age,3,number_without_unit
GSM3644819,age,3,number_without_unit
GSM3644820,age,3,number_without_unit
GSM3644821,age,3,number_without_unit
GSM3644822,age,3,number_without_unit
GSM3644823,age,3,number_without_unit
GSM3644824,age,3,number_without_unit
GSM3644825,age,3,number_without_unit
GSM3644826,age,3,number_without_unit
GSM3644827,age,3,number_without_unit
GSM3644828,age,3,number_without_unit
GSM3644829,age,3,number_without_unit
GSM3644830,age,3,number_without_unit
GSM3644831,age,3,number_without_unit
GSM3644832,age,3,number_without_unit
GSM3644833,age,3,number_without_unit
GSM3644834,age,3,number_without_unit
GSM3644835,age,3,number_without_unit
GSM3644836,age,3,number_without_unit
GSM3644837,age,3,number_without_unit
GSM3644838,age,3,number_without_unit
GSM3644839,age,3,number_without_unit
GSM3644840,age,3,number_without_unit
GSM3644841,age,3,number_without_unit
GSM3644842,age,3,number_without_unit
GSM3644843,age,3,number_without_unit
GSM3644844,age,3,number_without_unit
GSM3644845,age,3,number_without_unit
GSM3644846,age,3,number_without_unit
GSM3644847,age,3,number_without_unit
GSM3644848,age,3,number_without_unit
GSM3644849,age,3,number_without_unit
GSM3644850,age,3,number_without_unit
GSM3644851,age,3,number_without_unit
GSM3644852,age,3,number_without_unit
GSM3644853,age,3,number_without_unit
GSM3644854,age,3,number_without_unit
GSM3644855,age,3,number_without_unit
GSM3644856,age,3,number_without_unit
GSM3644857,age,3,number_without_unit
GSM3644858,age,3,number_without_unit
GSM3644859,age,3,number_without_unit
GSM3644860,age,3,number_without_unit
GSM3644861,age,3,number_without_unit
GSM3644862,age,3,number_without_unit
GSM3644863,age,3,number_without_unit
GSM3644864,age,3,number_without_unit
GSM3644865,age,3,number_without_unit
GSM3644866,age,3,number_without_unit
GSM3644867,age,3,number_without_unit
GSM3644868,age,3,number_without_unit
GSM3644869,age,3,number_without_unit
GSM3644870,age,3,number_without_unit
GSM3644871,age,3,number_without_unit
GSM3644872,age,3,number_without_unit
GSM3644873,age,3,number_without_unit
GSM3644874,age,3,number_without_unit
GSM3644875,age,3,number_without_unit
GSM3644876,age,3,number_without_unit
GSM3644877,age,3,number_without_unit
GSM3644878,age,3,number_without_unit
GSM3644879,age,3,number_without_unit
GSM3644880,age,3,number_without_unit
GSM3644881,age,3,number_without_unit
GSM3644882,age,3,number_without_unit
GSM3644883,age,3,number_without_unit
GSM3644884,age,3,number_without_unit
GSM3644885,age,3,number_without_unit
GSM3644886,age,3,number_without_unit
GSM3644887,age,3,number_without_unit
GSM3644888,age,3,number_without_unit
GSM3644889,age,3,number_without_unit
GSM3644890,age,3,number_without_unit
GSM3644891,age,3,number_without_unit
GSM3644892,age,3,number_without_unit
GSM3644893,age,3,number_without_unit
GSM3644894,age,3,number_without_unit
GSM3644895,age,3,number_without_unit
GSM3644896,age,3,number_without_unit
GSM3644897,age,3,number_without_unit
GSM3644898,age,3,number_without_unit
GSM3644899,age,3,number_without_unit
GSM3644900,age,3,number_without_unit
GSM3644901,age,3,number_without_unit
GSM3644902,age,3,number_without_unit
GSM3644903,age,3,number_without_unit
GSM3644904,age,3,number_without_unit
GSM3644905,age,3,number_without_unit
GSM3644906,age,3,number_without_unit
GSM3644907,age,3,number_without_unit
GSM3644908,age,3,number_without_unit
GSM3644909,age,3,number_without_unit
GSM3644910,age,3,number_without_unit
GSM3644911,age,3,number_without_unit
GSM3644912,age,3,number_without_unit
GSM3644913,age,3,number_without_unit
GSM3644914,age,3,number_without_unit
GSM3644915,age,3,number_without_unit
GSM3644916,age,3,number_without_unit
GSM3644917,age,3,number_without_unit
GSM3644918,age,3,number_without_unit
GSM3644919,age,3,number_without_unit
GSM3644920,age,3,number_without_unit
GSM3644921,age,3,number_without_unit
GSM3644922,age,3,number_without_unit
GSM3644923,age,3,number_without_unit
GSM3644924,age,3,number_without_unit
GSM3644925,age,3,number_without_unit
GSM3644927,age,3,number_without_unit
GSM3644929,age,3,number_without_unit
GSM3644932,age,3,number_without_unit
GSM3644935,age,3,number_without_unit
GSM3644938,age,3,number_without_unit
GSM3644941,age,3,number_without_unit
GSM3644944,age,3,number_without_unit
GSM3644947,age,3,number_without_unit
GSM3644949,age,3,number_without_unit
GSM3644952,age,3,number_without_unit
GSM3644955,age,3,number_without_unit
GSM3644958,age,3,number_without_unit
GSM3644961,age,3,number_without_unit
GSM3644964,age,3,number_without_unit
GSM3644966,age,3,number_without_unit
GSM3644969,age,3,number_without_unit
GSM3644972,age,3,number_without_unit
GSM3644975,age,3,number_without_unit
GSM3644978,age,3,number_without_unit
GSM3644981,age,3,number_without_unit
GSM3644984,age,3,number_without_unit
GSM3644986,age,3,number_without_unit
GSM3644990,age,3,number_without_unit
GSM3644993,age,3,number_without_unit
GSM3644995,age,3,number_without_unit
GSM3644998,age,3,number_without_unit
GSM3645001,age,3,number_without_unit
GSM3645004,age,3,number_without_unit
GSM3645007,age,3,number_without_unit
GSM3645008,age,3,number_without_unit
GSM3645009,age,3,number_without_unit
GSM3645010,age,3,number_without_unit
GSM3645011,age,3,number_without_unit
GSM3645012,age,3,number_without_unit
GSM3645013,age,3,number_without_unit
GSM3645014,age,3,number_without_unit
GSM3645015,age,3,number_without_unit
GSM3645016,age,3,number_without_unit
GSM3645017,age,3,number_without_unit
GSM3645018,age,3,number_without_unit
GSM3645019,age,3,number_without_unit
GSM3645020,age,3,number_without_unit
GSM3645021,age,3,number_without_unit
GSM3645022,age,3,number_without_unit
GSM3645023,age,3,number_without_unit
GSM3645024,age,3,number_without_unit
GSM3645025,age,3,number_without_unit
GSM3645026,age,3,number_without_unit
GSM3645027,age,3,number_without_unit
GSM3645028,age,3,number_without_unit
GSM3645029,age,3,number_without_unit
GSM3645030,age,3,number_without_unit
GSM3645031,age,3,number_without_unit
GSM3645032,age,3,number_without_unit
GSM3645033,age,3,number_without_unit
GSM3645034,age,3,number_without_unit
GSM3645035,age,3,number_without_unit
GSM3645036,age,3,number_without_unit
GSM3645037,age,3,number_without_unit
GSM3645038,age,3,number_without_unit
GSM3645039,age,3,number_without_unit
GSM3645040,age,3,number_without_unit
GSM3645041,age,3,number_without_unit
GSM3645042,age,3,number_without_unit
GSM3645043,age,3,number_without_unit
GSM3645044,age,3,number_without_unit
GSM3645045,age,3,number_without_unit
GSM3645046,age,3,number_without_unit
GSM3645047,age,3,number_without_unit
GSM3645048,age,3,number_without_unit
GSM3645049,age,3,number_without_unit
GSM3645050,age,3,number_without_unit
GSM3645051,age,3,number_without_unit
GSM3645052,age,3,number_without_unit
GSM3645053,age,3,number_without_unit
GSM3645054,age,3,number_without_unit
GSM3645055,age,3,number_without_unit
GSM3645056,age,3,number_without_unit
GSM3645057,age,3,number_without_unit
GSM3645058,age,3,number_without_unit
GSM3645059,age,3,number_without_unit
GSM3645060,age,3,number_without_unit
GSM3645061,age,3,number_without_unit
GSM3645062,age,3,number_without_unit
GSM3645063,age,3,number_without_unit
GSM3645064,age,3,number_without_unit
GSM3645065,age,3,number_without_unit
GSM3645066,age,3,number_without_unit
GSM3645067,age,3,number_without_unit
GSM3645068,age,3,number_without_unit
GSM3645069,age,3,number_without_unit
GSM3645070,age,3,number_without_unit
GSM3645071,age,3,number_without_unit
GSM3645072,age,3,number_without_unit
GSM3645073,age,3,number_without_unit
GSM3645074,age,3,number_without_unit
GSM3645075,age,3,number_without_unit
GSM3645076,age,3,number_without_unit
GSM3645077,age,3,number_without_unit
GSM3645078,age,3,number_without_unit
GSM3645079,age,3,number_without_unit
GSM3645080,age,3,number_without_unit
GSM3645081,age,3,number_without_unit
GSM3645082,age,3,number_without_unit
GSM3645083,age,3,number_without_unit
GSM3645084,age,3,number_without_unit
GSM3645085,age,3,number_without_unit
GSM3645086,age,3,number_without_unit
GSM3645087,age,3,number_without_unit
GSM3645088,age,3,number_without_unit
GSM3645089,age,3,number_without_unit
GSM3645090,age,3,number_without_unit
GSM3645091,age,3,number_without_unit
GSM3645092,age,3,number_without_unit
GSM3645093,age,3,number_without_unit
GSM3645094,age,3,number_without_unit
GSM3645095,age,3,number_without_unit
GSM3645096,age,3,number_without_unit
GSM3645097,age,3,number_without_unit
GSM3645098,age,3,number_without_unit
GSM3645099,age,3,number_without_unit
GSM3645100,age,3,number_without_unit
GSM3645101,age,3,number_without_unit
GSM3645102,age,3,number_without_unit
GSM3645103,age,3,number_without_unit
GSM3645104,age,3,number_without_unit
GSM3645105,age,3,number_without_unit
GSM3645106,age,3,number_without_unit
GSM3645107,age,3,number_without_unit
GSM3645108,age,3,number_without_unit
GSM3645109,age,3,number_without_unit
GSM3645110,age,3,number_without_unit
GSM3645111,age,3,number_without_unit
GSM3645112,age,3,number_without_unit
GSM3645113,age,3,number_without_unit
GSM3645114,age,3,number_without_unit
GSM3645115,age,3,number_without_unit
GSM3645116,age,3,number_without_unit
GSM3645117,age,3,number_without_unit
GSM3645118,age,3,number_without_unit
GSM3645119,age,3,number_without_unit
GSM3645120,age,3,number_without_unit
GSM3645121,age,3,number_without_unit
GSM3645122,age,3,number_without_unit
GSM3645123,age,3,number_without_unit
GSM3645124,age,3,number_without_unit
GSM3645125,age,3,number_without_unit
GSM3645126,age,3,number_without_unit
GSM3645127,age,3,number_without_unit
GSM3645128,age,3,number_without_unit
GSM3645129,age,3,number_without_unit
GSM3645130,age,3,number_without_unit
GSM3645131,age,3,number_without_unit
GSM3645132,age,3,number_without_unit
GSM3645133,age,3,number_without_unit
GSM3645134,age,3,number_without_unit
GSM3645135,age,3,number_without_unit
GSM3645136,age,3,number_without_unit
GSM3645137,age,3,number_without_unit
GSM3645138,age,3,number_without_unit
GSM3645139,age,3,number_without_unit
GSM3645140,age,3,number_without_unit
GSM3645141,age,3,number_without_unit
GSM3645142,age,3,number_without_unit
GSM3645143,age,3,number_without_unit
GSM3645144,age,3,number_without_unit
GSM3645145,age,3,number_without_unit
GSM3645146,age,3,number_without_unit
GSM3645147,age,3,number_without_unit
GSM3645148,age,3,number_without_unit
GSM3645149,age,3,number_without_unit
GSM3645150,age,3,number_without_unit
GSM3645151,age,3,number_without_unit
GSM3645152,age,3,number_without_unit
GSM3645153,age,3,number_without_unit
GSM3645154,age,3,number_without_unit
GSM3645155,age,3,number_without_unit
GSM3645156,age,3,number_without_unit
GSM3645157,age,3,number_without_unit
GSM3645158,age,3,number_without_unit
GSM3645159,age,3,number_without_unit
GSM3645160,age,3,number_without_unit
GSM3645161,age,3,number_without_unit
GSM3645162,age,3,number_without_unit
GSM3645163,age,3,number_without_unit
GSM3645164,age,3,number_without_unit
GSM3645165,age,3,number_without_unit
GSM3645166,age,3,number_without_unit
GSM3645167,age,3,number_without_unit
GSM3645168,age,3,number_without_unit
GSM3645169,age,3,number_without_unit
GSM3645170,age,3,number_without_unit
GSM3645171,age,3,number_without_unit
GSM3645172,age,3,number_without_unit
GSM3645173,age,3,number_without_unit
GSM3645174,age,3,number_without_unit
GSM3645175,age,3,number_without_unit
GSM3645176,age,3,number_without_unit
GSM3645177,age,3,number_without_unit
GSM3645178,age,3,number_without_unit
GSM3645179,age,3,number_without_unit
GSM3645180,age,3,number_without_unit
GSM3645181,age,3,number_without_unit
GSM3645182,age,3,number_without_unit
GSM3645183,age,3,number_without_unit
GSM3645184,age,3,number_without_unit
GSM3645185,age,3,number_without_unit
GSM3645186,age,3,number_without_unit
GSM3645187,age,3,number_without_unit
GSM3645188,age,3,number_without_unit
GSM3645189,age,3,number_without_unit
GSM3645190,age,3,number_without_unit
GSM3645191,age,3,number_without_unit
GSM3645192,age,3,number_without_unit
GSM3645193,age,3,number_without_unit
GSM3645194,age,3,number_without_unit
GSM3645195,age,3,number_without_unit
GSM3645196,age,3,number_without_unit
GSM3645197,age,3,number_without_unit
GSM3645198,age,3,number_without_unit
GSM3645199,age,3,number_without_unit
GSM3645200,age,3,number_without_unit
GSM3645201,age,3,number_without_unit
GSM3645202,age,3,number_without_unit
GSM3645203,age,3,number_without_unit
GSM3645204,age,3,number_without_unit
GSM3645205,age,3,number_without_unit
GSM3645206,age,3,number_without_unit
GSM3645207,age,3,number_without_unit
GSM3645208,age,3,number_without_unit
GSM3645209,age,3,number_without_unit
GSM3645210,age,3,number_without_unit
GSM3645211,age,3,number_without_unit
GSM3645212,age,3,number_without_unit
GSM3645213,age,3,number_without_unit
GSM3645214,age,3,number_without_unit
GSM3645215,age,3,number_without_unit
GSM3645216,age,3,number_without_unit
GSM3645217,age,3,number_without_unit
GSM3645218,age,3,number_without_unit
GSM3645219,age,3,number_without_unit
GSM3645220,age,3,number_without_unit
GSM3645221,age,3,number_without_unit
GSM3645222,age,3,number_without_unit
GSM3645223,age,3,number_without_unit
GSM3645224,age,3,number_without_unit
GSM3645225,age,3,number_without_unit
GSM3645226,age,3,number_without_unit
GSM3645227,age,3,number_without_unit
GSM3645228,age,3,number_without_unit
GSM3645229,age,3,number_without_unit
GSM3645230,age,3,number_without_unit
GSM3645231,age,3,number_without_unit
GSM3645232,age,3,number_without_unit
GSM3645233,age,3,number_without_unit
GSM3645234,age,3,number_without_unit
GSM3645235,age,3,number_without_unit
GSM3645236,age,3,number_without_unit
GSM3645237,age,3,number_without_unit
GSM3645238,age,3,number_without_unit
GSM3645239,age,3,number_without_unit
GSM3645240,age,3,number_without_unit
GSM3645241,age,3,number_without_unit
GSM3645242,age,3,number_without_unit
GSM3645243,age,3,number_without_unit
GSM3645244,age,3,number_without_unit
GSM3645245,age,3,number_without_unit
GSM3645246,age,3,number_without_unit
GSM3645247,age,3,number_without_unit
GSM3645248,age,3,number_without_unit
GSM3645249,age,3,number_without_unit
GSM3645250,age,3,number_without_unit
GSM3645251,age,3,number_without_unit
GSM3645252,age,3,number_without_unit
GSM3645253,age,3,number_without_unit
GSM3645254,age,3,number_without_unit
GSM3645255,age,3,number_without_unit
GSM3645256,age,3,number_without_unit
GSM3645257,age,3,number_without_unit
GSM3645258,age,3,number_without_unit
GSM3645259,age,3,number_without_unit
GSM3645260,age,3,number_without_unit
GSM3645261,age,3,number_without_unit
GSM3645262,age,3,number_without_unit
GSM3645263,age,3,number_without_unit
GSM3645264,age,3,number_without_unit
GSM3645265,age,3,number_without_unit
GSM3645266,age,3,number_without_unit
GSM3645267,age,3,number_without_unit
GSM3645268,age,3,number_without_unit
GSM3645269,age,3,number_without_unit
GSM3645270,age,3,number_without_unit
GSM3645271,age,3,number_without_unit
GSM3645272,age,3,number_without_unit
GSM3645273,age,3,number_without_unit
GSM3645274,age,3,number_without_unit
GSM3645275,age,3,number_without_unit
GSM3645276,age,3,number_without_unit
GSM3645277,age,3,number_without_unit
GSM3645278,age,3,number_without_unit
GSM3645279,age,3,number_without_unit
GSM3645280,age,3,number_without_unit
GSM3645281,age,3,number_without_unit
GSM3645282,age,3,number_without_unit
GSM3645283,age,3,number_without_unit
GSM3645284,age,3,number_without_unit
GSM3645285,age,3,number_without_unit
GSM3645286,age,3,number_without_unit
GSM3645287,age,3,number_without_unit
GSM3645288,age,3,number_without_unit
GSM3645289,age,3,number_without_unit
GSM3645290,age,3,number_without_unit
GSM3645291,age,3,number_without_unit
GSM3645292,age,3,number_without_unit
GSM3645293,age,3,number_without_unit
GSM3645294,age,3,number_without_unit
GSM3645295,age,3,number_without_unit
GSM3645296,age,3,number_without_unit
GSM3645297,age,3,number_without_unit
GSM3645298,age,3,number_without_unit
GSM3645299,age,3,number_without_unit
GSM3645300,age,3,number_without_unit
GSM3649927,age,3,number_without_unit
GSM3649928,age,3,number_without_unit
GSM3649929,age,3,number_without_unit
GSM3649930,age,3,number_without_unit
GSM3649931,age,3,number_without_unit
GSM3649932,age,3,number_without_unit
GSM3649933,age,3,number_without_unit
GSM3649934,age,3,number_without_unit
GSM3649935,age,3,number_without_unit
GSM3649936,age,3,number_without_unit
GSM3649937,age,3,number_without_unit
GSM3649938,age,3,number_without_unit
GSM3649939,age,3,number_without_unit
GSM3649940,age,3,number_without_unit
GSM3649941,age,3,number_without_unit
GSM3649942,age,3,number_without_unit
GSM3649943,age,3,number_without_unit
GSM3649944,age,3,number_without_unit
GSM3649945,age,3,number_without_unit
GSM3649946,age,3,number_without_unit
GSM3649947,age,3,number_without_unit
GSM3649948,age,3,number_without_unit
GSM3649949,age,3,number_without_unit
GSM3649950,age,3,number_without_unit
GSM3649951,age,3,number_without_unit
GSM3649952,age,3,number_without_unit
GSM3649953,age,3,number_without_unit
GSM3649954,age,3,number_without_unit
GSM3649955,age,3,number_without_unit
GSM3649956,age,3,number_without_unit
GSM3649957,age,3,number_without_unit
GSM3649958,age,3,number_without_unit
GSM3649959,age,3,number_without_unit
GSM3649960,age,3,number_without_unit
GSM3649961,age,3,number_without_unit
GSM3649962,age,3,number_without_unit
GSM3649963,age,3,number_without_unit
GSM3649964,age,3,number_without_unit
GSM3649965,age,3,number_without_unit
GSM3649966,age,3,number_without_unit
GSM3649967,age,3,number_without_unit
GSM3649968,age,3,number_without_unit
GSM3649969,age,3,number_without_unit
GSM3649970,age,3,number_without_unit
GSM3649971,age,3,number_without_unit
GSM3649972,age,3,number_without_unit
GSM3649973,age,3,number_without_unit
GSM3649974,age,3,number_without_unit
GSM3649975,age,3,number_without_unit
GSM3649976,age,3,number_without_unit
GSM3649977,age,3,number_without_unit
GSM3649978,age,3,number_without_unit
GSM3649979,age,3,number_without_unit
GSM3649980,age,3,number_without_unit
GSM3649981,age,3,number_without_unit
GSM3649982,age,3,number_without_unit
GSM3649983,age,3,number_without_unit
GSM3649984,age,3,number_without_unit
GSM3649985,age,3,number_without_unit
GSM3649986,age,3,number_without_unit
GSM3649987,age,3,number_without_unit
GSM3649988,age,3,number_without_unit
GSM3649989,age,3,number_without_unit
GSM3649990,age,3,number_without_unit
GSM3649991,age,3,number_without_unit
GSM3649992,age,3,number_without_unit
GSM3649993,age,3,number_without_unit
GSM3649994,age,3,number_without_unit
GSM3649995,age,3,number_without_unit
GSM3649996,age,3,number_without_unit
GSM3649997,age,3,number_without_unit
GSM3649998,age,3,number_without_unit
GSM3649999,age,3,number_without_unit
GSM3650000,age,3,number_without_unit
GSM3650001,age,3,number_without_unit
GSM3650002,age,3,number_without_unit
GSM3650003,age,3,number_without_unit
GSM3650004,age,3,number_without_unit
GSM3650005,age,3,number_without_unit
GSM3650006,age,3,number_without_unit
GSM3650007,age,3,number_without_unit
GSM3650008,age,3,number_without_unit
GSM3650009,age,3,number_without_unit
GSM3650010,age,3,number_without_unit
GSM3650011,age,3,number_without_unit
GSM3650012,age,3,number_without_unit
GSM3650013,age,3,number_without_unit
GSM3650014,age,3,number_without_unit
GSM3650015,age,3,number_without_unit
GSM3650016,age,3,number_without_unit
GSM3650017,age,3,number_without_unit
GSM3650018,age,3,number_without_unit
GSM3650019,age,3,number_without_unit
GSM3650020,age,3,number_without_unit
GSM3650021,age,3,number_without_unit
GSM3650022,age,3,number_without_unit
GSM3650023,age,3,number_without_unit
GSM3650024,age,3,number_without_unit
GSM3650025,age,3,number_without_unit
GSM3650026,age,3,number_without_unit
GSM3650027,age,3,number_without_unit
GSM3650028,age,3,number_without_unit
GSM3650029,age,3,number_without_unit
GSM3650030,age,3,number_without_unit
GSM3650031,age,3,number_without_unit
GSM3650032,age,3,number_without_unit
GSM3650033,age,3,number_without_unit
GSM3650034,age,3,number_without_unit
GSM3650035,age,3,number_without_unit
GSM3650036,age,3,number_without_unit
GSM3650037,age,3,number_without_unit
GSM3650038,age,3,number_without_unit
GSM3650039,age,3,number_without_unit
GSM3650040,age,3,number_without_unit
GSM3650041,age,3,number_without_unit
GSM3650042,age,3,number_without_unit
GSM3650043,age,3,number_without_unit
GSM3650044,age,3,number_without_unit
GSM3650045,age,3,number_without_unit
GSM3650046,age,3,number_without_unit
GSM3650047,age,3,number_without_unit
GSM3650048,age,3,number_without_unit
GSM3650049,age,3,number_without_unit
GSM3650050,age,3,number_without_unit
GSM3650051,age,3,number_without_unit
GSM3650052,age,3,number_without_unit
GSM3650053,age,3,number_without_unit
GSM3650054,age,3,number_without_unit
GSM3650055,age,3,number_without_unit
GSM3650056,age,3,number_without_unit
GSM3650057,age,3,number_without_unit
GSM3650058,age,3,number_without_unit
GSM3650059,age,3,number_without_unit
GSM3650060,age,3,number_without_unit
GSM3650061,age,3,number_without_unit
GSM3650062,age,3,number_without_unit
GSM3650063,age,3,number_without_unit
GSM3650064,age,3,number_without_unit
GSM3650065,age,3,number_without_unit
GSM3650066,age,3,number_without_unit
GSM3650067,age,3,number_without_unit
GSM3650068,age,3,number_without_unit
GSM3650069,age,3,number_without_unit
GSM3650070,age,3,number_without_unit
GSM3650071,age,3,number_without_unit
GSM3650072,age,3,number_without_unit
GSM3650073,age,3,number_without_unit
GSM3650074,age,3,number_without_unit
GSM3650075,age,3,number_without_unit
GSM3650076,age,3,number_without_unit
GSM3650077,age,3,number_without_unit
GSM3650078,age,3,number_without_unit
GSM3650079,age,3,number_without_unit
GSM3650080,age,3,number_without_unit
GSM3650081,age,3,number_without_unit
GSM3650082,age,3,number_without_unit
GSM3650083,age,3,number_without_unit
GSM3650084,age,3,number_without_unit
GSM3650085,age,3,number_without_unit
GSM3650086,age,3,number_without_unit
GSM3650087,age,3,number_without_unit
GSM3650088,age,3,number_without_unit
GSM3650089,age,3,number_without_unit
GSM3650090,age,3,number_without_unit
GSM3650091,age,3,number_without_unit
GSM3650092,age,3,number_without_unit
GSM3650093,age,3,number_without_unit
GSM3650094,age,3,number_without_unit
GSM3650095,age,3,number_without_unit
GSM3650096,age,3,number_without_unit
GSM3650097,age,3,number_without_unit
GSM3650098,age,3,number_without_unit
GSM3650099,age,3,number_without_unit
GSM3650100,age,3,number_without_unit
GSM3650101,age,3,number_without_unit
GSM3650102,age,3,number_without_unit
GSM3650103,age,3,number_without_unit
GSM3650104,age,3,number_without_unit
GSM3650105,age,3,number_without_unit
GSM3650106,age,3,number_without_unit
GSM3650107,age,3,number_without_unit
GSM3650108,age,3,number_without_unit
GSM3650109,age,3,number_without_unit
GSM3650110,age,3,number_without_unit
GSM3650111,age,3,number_without_unit
GSM3650112,age,3,number_without_unit
GSM3650113,age,3,number_without_unit
GSM3650114,age,3,number_without_unit
GSM3650115,age,3,number_without_unit
GSM3650116,age,3,number_without_unit
GSM3650117,age,3,number_without_unit
GSM3650118,age,3,number_without_unit
GSM3650119,age,3,number_without_unit
GSM3650120,age,3,number_without_unit
GSM3650121,age,3,number_without_unit
GSM3650122,age,3,number_without_unit
GSM3650123,age,3,number_without_unit
GSM3650124,age,3,number_without_unit
GSM3650125,age,3,number_without_unit
GSM3650126,age,3,number_without_unit
GSM3650127,age,3,number_without_unit
GSM3650128,age,3,number_without_unit
GSM3650129,age,3,number_without_unit
GSM3650130,age,3,number_without_unit
GSM3650131,age,3,number_without_unit
GSM3650132,age,3,number_without_unit
GSM3650133,age,3,number_without_unit
GSM3650134,age,3,number_without_unit
GSM3650135,age,3,number_without_unit
GSM3650136,age,3,number_without_unit
GSM3650137,age,3,number_without_unit
GSM3650138,age,3,number_without_unit
GSM3650139,age,3,number_without_unit
GSM3650140,age,3,number_without_unit
GSM3650141,age,3,number_without_unit
GSM3650142,age,3,number_without_unit
GSM3650143,age,3,number_without_unit
GSM3650144,age,3,number_without_unit
GSM3650145,age,3,number_without_unit
GSM3650146,age,3,number_without_unit
GSM3650147,age,3,number_without_unit
GSM3650148,age,3,number_without_unit
GSM3650149,age,3,number_without_unit
GSM3650150,age,3,number_without_unit
GSM3650151,age,3,number_without_unit
GSM3650152,age,3,number_without_unit
GSM3650153,age,3,number_without_unit
GSM3650154,age,3,number_without_unit
GSM3650155,age,3,number_without_unit
GSM3650156,age,3,number_without_unit
GSM3650157,age,3,number_without_unit
GSM3650158,age,3,number_without_unit
GSM3650159,age,3,number_without_unit
GSM3650160,age,3,number_without_unit
GSM3650161,age,3,number_without_unit
GSM3650162,age,3,number_without_unit
GSM3650163,age,3,number_without_unit
GSM3650164,age,3,number_without_unit
GSM3650165,age,3,number_without_unit
GSM3650166,age,3,number_without_unit
GSM3650167,age,3,number_without_unit
GSM3650168,age,3,number_without_unit
GSM3650169,age,3,number_without_unit
GSM3650170,age,3,number_without_unit
GSM3650171,age,3,number_without_unit
GSM3650172,age,3,number_without_unit
GSM3650173,age,3,number_without_unit
GSM3650174,age,3,number_without_unit
GSM3650175,age,3,number_without_unit
GSM3650176,age,3,number_without_unit
GSM3650177,age,3,number_without_unit
GSM3650178,age,3,number_without_unit
GSM3650179,age,3,number_without_unit
GSM3650180,age,3,number_without_unit
GSM3650181,age,3,number_without_unit
GSM3650182,age,3,number_without_unit
GSM3650183,age,3,number_without_unit
GSM3650184,age,3,number_without_unit
GSM3650185,age,3,number_without_unit
GSM3650186,age,3,number_without_unit
GSM3650187,age,3,number_without_unit
GSM3650188,age,3,number_without_unit
GSM3650189,age,3,number_without_unit
GSM3650190,age,3,number_without_unit
GSM3650191,age,3,number_without_unit
GSM3650192,age,3,number_without_unit
GSM3650193,age,3,number_without_unit
GSM3650194,age,3,number_without_unit
GSM3650195,age,3,number_without_unit
GSM3650196,age,3,number_without_unit
GSM3650197,age,3,number_without_unit
GSM3650198,age,3,number_without_unit
GSM3650199,age,3,number_without_unit
GSM3650200,age,3,number_without_unit
GSM3650201,age,3,number_without_unit
GSM3650202,age,3,number_without_unit
GSM3650203,age,3,number_without_unit
GSM3650204,age,3,number_without_unit
GSM3650205,age,3,number_without_unit
GSM3650206,age,3,number_without_unit
GSM3650207,age,3,number_without_unit
GSM3650208,age,3,number_without_unit
GSM3650209,age,3,number_without_unit
GSM3650210,age,3,number_without_unit
GSM3650211,age,3,number_without_unit
GSM3650212,age,3,number_without_unit
GSM3650213,age,3,number_without_unit
GSM3650214,age,3,number_without_unit
GSM3650215,age,3,number_without_unit
GSM3650216,age,3,number_without_unit
GSM3650217,age,3,number_without_unit
GSM3650218,age,3,number_without_unit
GSM3650219,age,3,number_without_unit
GSM3650220,age,3,number_without_unit
GSM3650221,age,3,number_without_unit
GSM3650222,age,3,number_without_unit
GSM3650223,age,3,number_without_unit
GSM3650224,age,3,number_without_unit
GSM3650225,age,3,number_without_unit
GSM3650226,age,3,number_without_unit
GSM3650227,age,3,number_without_unit
GSM3650228,age,3,number_without_unit
GSM3650229,age,3,number_without_unit
GSM3650230,age,3,number_without_unit
GSM3650231,age,3,number_without_unit
GSM3650232,age,3,number_without_unit
GSM3650233,age,3,number_without_unit
GSM3650234,age,3,number_without_unit
GSM3650235,age,3,number_without_unit
GSM3650236,age,3,number_without_unit
GSM3650237,age,3,number_without_unit
GSM3650238,age,3,number_without_unit
GSM3650239,age,3,number_without_unit
GSM3650240,age,3,number_without_unit
GSM3650241,age,3,number_without_unit
GSM3650242,age,3,number_without_unit
GSM3650243,age,3,number_without_unit
GSM3650244,age,3,number_without_unit
GSM3650245,age,3,number_without_unit
GSM3650246,age,3,number_without_unit
GSM3650247,age,3,number_without_unit
GSM3650248,age,3,number_without_unit
GSM3650249,age,3,number_without_unit
GSM3650250,age,3,number_without_unit
GSM3650251,age,3,number_without_unit
GSM3650252,age,3,number_without_unit
GSM3650253,age,3,number_without_unit
GSM3650254,age,3,number_without_unit
GSM3650255,age,3,number_without_unit
GSM3650256,age,3,number_without_unit
GSM3650257,age,3,number_without_unit
GSM3650258,age,3,number_without_unit
GSM3650259,age,3,number_without_unit
GSM3650260,age,3,number_without_unit
GSM3650261,age,3,number_without_unit
GSM3650262,age,3,number_without_unit
GSM3650263,age,3,number_without_unit
GSM3650264,age,3,number_without_unit
GSM3650265,age,3,number_without_unit
GSM3650266,age,3,number_without_unit
GSM3650267,age,3,number_without_unit
GSM3650268,age,3,number_without_unit
GSM3650269,age,3,number_without_unit
GSM3650270,age,3,number_without_unit
GSM3650271,age,3,number_without_unit
GSM3650272,age,3,number_without_unit
GSM3650273,age,3,number_without_unit
GSM3650274,age,3,number_without_unit
GSM3650275,age,3,number_without_unit
GSM3650276,age,3,number_without_unit
GSM3650277,age,3,number_without_unit
GSM3650278,age,3,number_without_unit
GSM3650279,age,3,number_without_unit
GSM3650280,age,3,number_without_unit
GSM3650281,age,3,number_without_unit
GSM3650282,age,3,number_without_unit
GSM3650283,age,3,number_without_unit
GSM3650284,age,3,number_without_unit
GSM3650285,age,3,number_without_unit
GSM3650286,age,3,number_without_unit
GSM3650287,age,3,number_without_unit
GSM3650288,age,3,number_without_unit
GSM3650289,age,3,number_without_unit
GSM3650290,age,3,number_without_unit
GSM3650291,age,3,number_without_unit
GSM3650292,age,3,number_without_unit
GSM3650293,age,3,number_without_unit
GSM3650294,age,3,number_without_unit
GSM3650295,age,3,number_without_unit
GSM3650296,age,3,number_without_unit
GSM3650297,age,3,number_without_unit
GSM3650298,age,3,number_without_unit
GSM3650299,age,3,number_without_unit
GSM3650300,age,3,number_without_unit
GSM3650301,age,3,number_without_unit
GSM3650302,age,3,number_without_unit
GSM3650303,age,3,number_without_unit
GSM3650304,age,3,number_without_unit
GSM3650305,age,3,number_without_unit
GSM3650306,age,3,number_without_unit
GSM3650307,age,3,number_without_unit
GSM3650308,age,3,number_without_unit
GSM3650309,age,3,number_without_unit
GSM3650310,age,3,number_without_unit
GSM3650311,age,3,number_without_unit
GSM3650312,age,3,number_without_unit
GSM3650313,age,3,number_without_unit
GSM3650314,age,3,number_without_unit
GSM3650315,age,3,number_without_unit
GSM3650316,age,3,number_without_unit
GSM3650317,age,3,number_without_unit
GSM3650318,age,3,number_without_unit
GSM3650319,age,3,number_without_unit
GSM3650320,age,3,number_without_unit
GSM3650321,age,3,number_without_unit
GSM3650322,age,3,number_without_unit
GSM3650323,age,3,number_without_unit
GSM3650324,age,3,number_without_unit
GSM3650325,age,3,number_without_unit
GSM3650326,age,3,number_without_unit
GSM3650327,age,3,number_without_unit
GSM3650328,age,3,number_without_unit
GSM3650329,age,3,number_without_unit
GSM3650330,age,3,number_without_unit
GSM3650331,age,3,number_without_unit
GSM3650332,age,3,number_without_unit
GSM3650333,age,3,number_without_unit
GSM3650334,age,3,number_without_unit
GSM3650335,age,3,number_without_unit
GSM3650336,age,3,number_without_unit
GSM3650337,age,3,number_without_unit
GSM3650338,age,3,number_without_unit
GSM3650339,age,3,number_without_unit
GSM3650340,age,3,number_without_unit
GSM3650341,age,3,number_without_unit
GSM3650342,age,3,number_without_unit
GSM3650343,age,3,number_without_unit
GSM3650344,age,3,number_without_unit
GSM3650345,age,3,number_without_unit
GSM3650346,age,3,number_without_unit
GSM3650347,age,3,number_without_unit
GSM3650348,age,3,number_without_unit
GSM3650349,age,3,number_without_unit
GSM3650350,age,3,number_without_unit
GSM3650351,age,3,number_without_unit
GSM3650352,age,3,number_without_unit
GSM3650353,age,3,number_without_unit
GSM3650354,age,3,number_without_unit
GSM3650355,age,3,number_without_unit
GSM3650356,age,3,number_without_unit
GSM3650357,age,3,number_without_unit
GSM3650358,age,3,number_without_unit
GSM3650359,age,3,number_without_unit
GSM3650360,age,3,number_without_unit
GSM3650361,age,3,number_without_unit
GSM3650362,age,3,number_without_unit
GSM3650363,age,3,number_without_unit
GSM3650364,age,3,number_without_unit
GSM3650365,age,3,number_without_unit
GSM3650366,age,3,number_without_unit
GSM3650367,age,3,number_without_unit
GSM3650368,age,3,number_without_unit
GSM3650369,age,3,number_without_unit
GSM3650370,age,3,number_without_unit
GSM3650371,age,3,number_without_unit
GSM3650372,age,3,number_without_unit
GSM3650373,age,3,number_without_unit
GSM3650374,age,3,number_without_unit
GSM3650375,age,3,number_without_unit
GSM3650376,age,3,number_without_unit
GSM3650377,age,3,number_without_unit
GSM3650378,age,3,number_without_unit
GSM3650379,age,3,number_without_unit
GSM3650380,age,3,number_without_unit
GSM3650381,age,3,number_without_unit
GSM3650382,age,3,number_without_unit
GSM3650383,age,3,number_without_unit
GSM3650384,age,3,number_without_unit
GSM3650385,age,3,number_without_unit
GSM3650386,age,3,number_without_unit
GSM3650387,age,3,number_without_unit
GSM3650388,age,3,number_without_unit
GSM3650389,age,3,number_without_unit
GSM3650390,age,3,number_without_unit
GSM3650391,age,3,number_without_unit
GSM3650392,age,3,number_without_unit
GSM3650393,age,3,number_without_unit
GSM3650394,age,3,number_without_unit
GSM3650395,age,3,number_without_unit
GSM3650396,age,3,number_without_unit
GSM3650397,age,3,number_without_unit
GSM3650398,age,3,number_without_unit
GSM3650399,age,3,number_without_unit
GSM3650400,age,3,number_without_unit
GSM3650401,age,3,number_without_unit
GSM3650402,age,3,number_without_unit
GSM3650403,age,3,number_without_unit
GSM3650404,age,3,number_without_unit
GSM3650405,age,3,number_without_unit
GSM3650406,age,3,number_without_unit
GSM3650407,age,3,number_without_unit
GSM3650408,age,3,number_without_unit
GSM3650409,age,3,number_without_unit
GSM3650410,age,3,number_without_unit
GSM3650411,age,3,number_without_unit
GSM3650412,age,3,number_without_unit
GSM3650413,age,3,number_without_unit
GSM3650414,age,3,number_without_unit
GSM3650415,age,3,number_without_unit
GSM3650416,age,3,number_without_unit
GSM3650417,age,3,number_without_unit
GSM3650418,age,3,number_without_unit
GSM3650419,age,3,number_without_unit
GSM3650420,age,3,number_without_unit
GSM3650421,age,3,number_without_unit
GSM3650422,age,3,number_without_unit
GSM3650423,age,3,number_without_unit
GSM3650424,age,3,number_without_unit
GSM3650425,age,3,number_without_unit
GSM3650426,age,3,number_without_unit
GSM3650427,age,3,number_without_unit
GSM3650428,age,3,number_without_unit
GSM3650429,age,3,number_without_unit
GSM3650430,age,3,number_without_unit
GSM3650431,age,3,number_without_unit
GSM3650432,age,3,number_without_unit
GSM3650433,age,3,number_without_unit
GSM3650434,age,3,number_without_unit
GSM3650435,age,3,number_without_unit
GSM3650436,age,3,number_without_unit
GSM3650437,age,3,number_without_unit
GSM3650438,age,3,number_without_unit
GSM3650439,age,3,number_without_unit
GSM3650440,age,3,number_without_unit
GSM3650441,age,3,number_without_unit
GSM3650442,age,3,number_without_unit
GSM3650443,age,3,number_without_unit
GSM3650444,age,3,number_without_unit
GSM3650445,age,3,number_without_unit
GSM3650446,age,3,number_without_unit
GSM3650447,age,3,number_without_unit
GSM3650448,age,3,number_without_unit
GSM3650449,age,3,number_without_unit
GSM3650450,age,3,number_without_unit
GSM3650451,age,3,number_without_unit
GSM3650452,age,3,number_without_unit
GSM3650453,age,3,number_without_unit
GSM3650454,age,3,number_without_unit
GSM3650455,age,3,number_without_unit
GSM3650456,age,3,number_without_unit
GSM3650457,age,3,number_without_unit
GSM3650458,age,3,number_without_unit
GSM3650459,age,3,number_without_unit
GSM3650460,age,3,number_without_unit
GSM3650461,age,3,number_without_unit
GSM3650462,age,3,number_without_unit
GSM3650463,age,3,number_without_unit
GSM3650464,age,3,number_without_unit
GSM3650465,age,3,number_without_unit
GSM3650466,age,3,number_without_unit
GSM3650467,age,3,number_without_unit
GSM3650468,age,3,number_without_unit
GSM3650469,age,3,number_without_unit
GSM3650470,age,3,number_without_unit
GSM3650471,age,3,number_without_unit
GSM3650472,age,3,number_without_unit
GSM3650473,age,3,number_without_unit
GSM3650474,age,3,number_without_unit
GSM3650475,age,3,number_without_unit
GSM3650476,age,3,number_without_unit
GSM3650477,age,3,number_without_unit
GSM3650478,age,3,number_without_unit
GSM3650479,age,3,number_without_unit
GSM3650480,age,3,number_without_unit
GSM3650481,age,3,number_without_unit
GSM3650482,age,3,number_without_unit
GSM3650483,age,3,number_without_unit
GSM3650484,age,3,number_without_unit
GSM3650485,age,3,number_without_unit
GSM3650486,age,3,number_without_unit
GSM3650487,age,3,number_without_unit
GSM3650488,age,3,number_without_unit
GSM3650489,age,3,number_without_unit
GSM3650490,age,3,number_without_unit
GSM3650491,age,3,number_without_unit
GSM3650492,age,3,number_without_unit
GSM3650493,age,3,number_without_unit
GSM3650494,age,3,number_without_unit
GSM3650495,age,3,number_without_unit
GSM3650496,age,3,number_without_unit
GSM3650497,age,3,number_without_unit
GSM3650498,age,3,number_without_unit
GSM3650499,age,3,number_without_unit
GSM3650500,age,3,number_without_unit
GSM3650501,age,3,number_without_unit
GSM3650502,age,3,number_without_unit
GSM3650503,age,3,number_without_unit
GSM3650504,age,3,number_without_unit
GSM3650505,age,3,number_without_unit
GSM3650506,age,3,number_without_unit
GSM3650507,age,3,number_without_unit
GSM3650508,age,3,number_without_unit
GSM3650509,age,3,number_without_unit
GSM3650510,age,3,number_without_unit
GSM3650511,age,3,number_without_unit
GSM3650512,age,3,number_without_unit
GSM3650513,age,3,number_without_unit
GSM3650514,age,3,number_without_unit
GSM3650515,age,3,number_without_unit
GSM3650516,age,3,number_without_unit
GSM3650517,age,3,number_without_unit
GSM3650518,age,3,number_without_unit
GSM3650519,age,3,number_without_unit
GSM3650520,age,3,number_without_unit
GSM3650521,age,3,number_without_unit
GSM3650522,age,3,number_without_unit
GSM3650523,age,3,number_without_unit
GSM3650524,age,3,number_without_unit
GSM3650525,age,3,number_without_unit
GSM3650526,age,3,number_without_unit
GSM3650527,age,3,number_without_unit
GSM3650528,age,3,number_without_unit
GSM3650529,age,3,number_without_unit
GSM3650530,age,3,number_without_unit
GSM3650531,age,3,number_without_unit
GSM3650532,age,3,number_without_unit
GSM3650533,age,3,number_without_unit
GSM3650534,age,3,number_without_unit
GSM3650535,age,3,number_without_unit
GSM3650536,age,3,number_without_unit
GSM3650537,age,3,number_without_unit
GSM3650538,age,3,number_without_unit
GSM3650539,age,3,number_without_unit
GSM3650540,age,3,number_without_unit
GSM3650541,age,3,number_without_unit
GSM3650542,age,3,number_without_unit
GSM3650543,age,3,number_without_unit
GSM3650544,age,3,number_without_unit
GSM3650545,age,3,number_without_unit
GSM3650546,age,3,number_without_unit
GSM3650547,age,3,number_without_unit
GSM3650548,age,3,number_without_unit
GSM3650549,age,3,number_without_unit
GSM3650550,age,3,number_without_unit
GSM3650551,age,3,number_without_unit
GSM3650552,age,3,number_without_unit
GSM3650553,age,3,number_without_unit
GSM3650554,age,3,number_without_unit
GSM3650555,age,3,number_without_unit
GSM3650556,age,3,number_without_unit
GSM3650557,age,3,number_without_unit
GSM3650558,age,3,number_without_unit
GSM3650559,age,3,number_without_unit
GSM3650560,age,3,number_without_unit
GSM3650561,age,3,number_without_unit
GSM3650562,age,3,number_without_unit
GSM3650563,age,3,number_without_unit
GSM3650564,age,3,number_without_unit
GSM3650565,age,3,number_without_unit
GSM3650566,age,3,number_without_unit
GSM3650567,age,3,number_without_unit
GSM3650568,age,3,number_without_unit
GSM3650569,age,3,number_without_unit
GSM3650570,age,3,number_without_unit
GSM3650571,age,3,number_without_unit
GSM3650572,age,3,number_without_unit
GSM3650573,age,3,number_without_unit
GSM3650574,age,3,number_without_unit
GSM3650575,age,3,number_without_unit
GSM3650576,age,3,number_without_unit
GSM3650577,age,3,number_without_unit
GSM3650578,age,3,number_without_unit
GSM3650579,age,3,number_without_unit
GSM3650580,age,3,number_without_unit
GSM3650581,age,3,number_without_unit
GSM3650582,age,3,number_without_unit
GSM3650583,age,3,number_without_unit
GSM3650584,age,3,number_without_unit
GSM3650585,age,3,number_without_unit
GSM3650586,age,3,number_without_unit
GSM3650587,age,3,number_without_unit
GSM3650588,age,3,number_without_unit
GSM3650589,age,3,number_without_unit
GSM3650590,age,3,number_without_unit
GSM3650591,age,3,number_without_unit
GSM3650592,age,3,number_without_unit
GSM3650593,age,3,number_without_unit
GSM3650594,age,3,number_without_unit
GSM3650595,age,3,number_without_unit
GSM3650596,age,3,number_without_unit
GSM3650597,age,3,number_without_unit
GSM3650598,age,3,number_without_unit
GSM3650599,age,3,number_without_unit
GSM3650600,age,3,number_without_unit
GSM3650601,age,3,number_without_unit
GSM3650602,age,3,number_without_unit
GSM3650603,age,3,number_without_unit
GSM3650604,age,3,number_without_unit
GSM3650605,age,3,number_without_unit
GSM3650606,age,3,number_without_unit
GSM3650607,age,3,number_without_unit
GSM3650608,age,3,number_without_unit
GSM3650609,age,3,number_without_unit
GSM3650610,age,3,number_without_unit
GSM3650611,age,3,number_without_unit
GSM3650612,age,3,number_without_unit
GSM3650613,age,3,number_without_unit
GSM3650614,age,3,number_without_unit
GSM3650615,age,3,number_without_unit
GSM3650616,age,3,number_without_unit
GSM3650617,age,3,number_without_unit
GSM3650618,age,3,number_without_unit
GSM3650619,age,3,number_without_unit
GSM3650620,age,3,number_without_unit
GSM3650621,age,3,number_without_unit
GSM3650622,age,3,number_without_unit
GSM3650623,age,3,number_without_unit
GSM3650624,age,3,number_without_unit
GSM3650625,age,3,number_without_unit
GSM3650626,age,3,number_without_unit
GSM3650627,age,3,number_without_unit
GSM3650628,age,3,number_without_unit
GSM3650629,age,3,number_without_unit
GSM3650630,age,3,number_without_unit
GSM3650631,age,3,number_without_unit
GSM3650632,age,3,number_without_unit
GSM3650633,age,3,number_without_unit
GSM3650634,age,3,number_without_unit
GSM3650635,age,3,number_without_unit
GSM3650636,age,3,number_without_unit
GSM3650637,age,3,number_without_unit
GSM3650638,age,3,number_without_unit
GSM3650639,age,3,number_without_unit
GSM3650640,age,3,number_without_unit
GSM3650641,age,3,number_without_unit
GSM3650642,age,3,number_without_unit
GSM3650643,age,3,number_without_unit
GSM3650644,age,3,number_without_unit
GSM3650645,age,3,number_without_unit
GSM3650646,age,3,number_without_unit
GSM3650647,age,3,number_without_unit
GSM3650648,age,3,number_without_unit
GSM3650649,age,3,number_without_unit
GSM3650650,age,3,number_without_unit
GSM3650651,age,3,number_without_unit
GSM3650652,age,3,number_without_unit
GSM3650653,age,3,number_without_unit
GSM3650654,age,3,number_without_unit
GSM3650655,age,3,number_without_unit
GSM3650656,age,3,number_without_unit
GSM3650657,age,3,number_without_unit
GSM3650658,age,3,number_without_unit
GSM3650659,age,3,number_without_unit
GSM3650660,age,3,number_without_unit
GSM3650661,age,3,number_without_unit
GSM3650662,age,3,number_without_unit
GSM3650663,age,3,number_without_unit
GSM3650664,age,3,number_without_unit
GSM3650665,age,3,number_without_unit
GSM3650666,age,3,number_without_unit
GSM3650667,age,3,number_without_unit
GSM3650668,age,3,number_without_unit
GSM3650669,age,3,number_without_unit
GSM3650670,age,3,number_without_unit
GSM3650671,age,3,number_without_unit
GSM3650672,age,3,number_without_unit
GSM3650673,age,3,number_without_unit
GSM3650674,age,3,number_without_unit
GSM3650675,age,3,number_without_unit
GSM3650676,age,3,number_without_unit
GSM3650677,age,3,number_without_unit
GSM3650678,age,3,number_without_unit
GSM3650679,age,3,number_without_unit
GSM3650680,age,3,number_without_unit
GSM3650681,age,3,number_without_unit
GSM3650682,age,3,number_without_unit
GSM3650683,age,3,number_without_unit
GSM3650684,age,3,number_without_unit
GSM3650685,age,3,number_without_unit
GSM3650686,age,3,number_without_unit
GSM3650687,age,3,number_without_unit
GSM3650688,age,3,number_without_unit
GSM3650689,age,3,number_without_unit
GSM3650690,age,3,number_without_unit
GSM3650691,age,3,number_without_unit
GSM3650692,age,3,number_without_unit
GSM3650693,age,3,number_without_unit
GSM3650694,age,3,number_without_unit
GSM3650695,age,3,number_without_unit
GSM3650696,age,3,number_without_unit
GSM3650697,age,3,number_without_unit
GSM3650698,age,3,number_without_unit
GSM3650699,age,3,number_without_unit
GSM3650700,age,3,number_without_unit
GSM3650701,age,3,number_without_unit
GSM3650702,age,3,number_without_unit
GSM3650703,age,3,number_without_unit
GSM3650704,age,3,number_without_unit
GSM3650705,age,3,number_without_unit
GSM3650706,age,3,number_without_unit
GSM3650707,age,3,number_without_unit
GSM3650708,age,3,number_without_unit
GSM3650709,age,3,number_without_unit
GSM3650710,age,3,number_without_unit
GSM3650711,age,3,number_without_unit
GSM3650712,age,3,number_without_unit
GSM3650713,age,3,number_without_unit
GSM3650714,age,3,number_without_unit
GSM3650715,age,3,number_without_unit
GSM3650716,age,3,number_without_unit
GSM3650717,age,3,number_without_unit
GSM3650718,age,3,number_without_unit
GSM3650719,age,3,number_without_unit
GSM3650720,age,3,number_without_unit
GSM3650721,age,3,number_without_unit
GSM3650722,age,3,number_without_unit
GSM3650723,age,3,number_without_unit
GSM3650724,age,3,number_without_unit
GSM3650725,age,3,number_without_unit
GSM3650726,age,3,number_without_unit
GSM3650727,age,3,number_without_unit
GSM3650728,age,3,number_without_unit
GSM3650729,age,3,number_without_unit
GSM3650730,age,3,number_without_unit
GSM3650731,age,3,number_without_unit
GSM3650732,age,3,number_without_unit
GSM3650733,age,3,number_without_unit
GSM3650734,age,3,number_without_unit
GSM3650735,age,3,number_without_unit
GSM3650736,age,3,number_without_unit
GSM3650737,age,3,number_without_unit
GSM3650738,age,3,number_without_unit
GSM3650739,age,3,number_without_unit
GSM3650740,age,3,number_without_unit
GSM3650741,age,3,number_without_unit
GSM3650742,age,3,number_without_unit
GSM3650743,age,3,number_without_unit
GSM3650744,age,3,number_without_unit
GSM3650745,age,3,number_without_unit
GSM3650746,age,3,number_without_unit
GSM3650747,age,3,number_without_unit
GSM3650748,age,3,number_without_unit
GSM3650749,age,3,number_without_unit
GSM3650750,age,3,number_without_unit
GSM3650751,age,3,number_without_unit
GSM3650752,age,3,number_without_unit
GSM3650753,age,3,number_without_unit
GSM3650754,age,3,number_without_unit
GSM3650755,age,3,number_without_unit
GSM3650756,age,3,number_without_unit
GSM3650757,age,3,number_without_unit
GSM3650758,age,3,number_without_unit
GSM3650759,age,3,number_without_unit
GSM3650760,age,3,number_without_unit
GSM3650761,age,3,number_without_unit
GSM3650762,age,3,number_without_unit
GSM3650763,age,3,number_without_unit
GSM3650764,age,3,number_without_unit
GSM3650765,age,3,number_without_unit
GSM3650766,age,3,number_without_unit
GSM3650767,age,3,number_without_unit
GSM3650768,age,3,number_without_unit
GSM3650769,age,3,number_without_unit
GSM3650770,age,3,number_without_unit
GSM3650771,age,3,number_without_unit
GSM3650772,age,3,number_without_unit
GSM3650773,age,3,number_without_unit
GSM3650774,age,3,number_without_unit
GSM3650775,age,3,number_without_unit
GSM3650776,age,3,number_without_unit
GSM3650777,age,3,number_without_unit
GSM3650778,age,3,number_without_unit
GSM3650779,age,3,number_without_unit
GSM3650780,age,3,number_without_unit
GSM3650781,age,3,number_without_unit
GSM3650782,age,3,number_without_unit
GSM3650783,age,3,number_without_unit
GSM3650784,age,3,number_without_unit
GSM3650785,age,3,number_without_unit
GSM3650786,age,3,number_without_unit
GSM3650787,age,3,number_without_unit
GSM3650788,age,3,number_without_unit
GSM3650789,age,3,number_without_unit
GSM3650790,age,3,number_without_unit
GSM3650791,age,3,number_without_unit
GSM3650792,age,3,number_without_unit
GSM3650793,age,3,number_without_unit
GSM3650794,age,3,number_without_unit
GSM3650795,age,3,number_without_unit
GSM3650796,age,3,number_without_unit
GSM3650797,age,3,number_without_unit
GSM3650798,age,3,number_without_unit
GSM3650799,age,3,number_without_unit
GSM3650800,age,3,number_without_unit
GSM3650801,age,3,number_without_unit
GSM3650802,age,3,number_without_unit
GSM3650803,age,3,number_without_unit
GSM3650804,age,3,number_without_unit
GSM3650805,age,3,number_without_unit
GSM3650806,age,3,number_without_unit
GSM3650807,age,3,number_without_unit
GSM3650808,age,3,number_without_unit
GSM3650809,age,3,number_without_unit
GSM3650810,age,3,number_without_unit
GSM3650811,age,3,number_without_unit
GSM3650812,age,3,number_without_unit
GSM3650813,age,3,number_without_unit
GSM3650814,age,3,number_without_unit
GSM3650815,age,3,number_without_unit
GSM3650816,age,3,number_without_unit
GSM3650817,age,3,number_without_unit
GSM3650818,age,3,number_without_unit
GSM3650819,age,3,number_without_unit
GSM3650820,age,3,number_without_unit
GSM3650821,age,3,number_without_unit
GSM3650822,age,3,number_without_unit
GSM3650823,age,3,number_without_unit
GSM3650824,age,3,number_without_unit
GSM3650825,age,3,number_without_unit
GSM3650826,age,3,number_without_unit
GSM3650827,age,3,number_without_unit
GSM3650828,age,3,number_without_unit
GSM3650829,age,3,number_without_unit
GSM3650830,age,3,number_without_unit
GSM3650831,age,3,number_without_unit
GSM3650832,age,3,number_without_unit
GSM3650833,age,3,number_without_unit
GSM3650834,age,3,number_without_unit
GSM3650835,age,3,number_without_unit
GSM3650836,age,3,number_without_unit
GSM3650837,age,3,number_without_unit
GSM3650838,age,3,number_without_unit
GSM3650839,age,3,number_without_unit
GSM3650840,age,3,number_without_unit
GSM3650841,age,3,number_without_unit
GSM3650842,age,3,number_without_unit
GSM3650843,age,3,number_without_unit
GSM3650844,age,3,number_without_unit
GSM3650845,age,3,number_without_unit
GSM3650846,age,3,number_without_unit
GSM3650847,age,3,number_without_unit
GSM3650848,age,3,number_without_unit
GSM3650849,age,3,number_without_unit
GSM3650850,age,3,number_without_unit
GSM3650851,age,3,number_without_unit
GSM3650852,age,3,number_without_unit
GSM3650853,age,3,number_without_unit
GSM3650854,age,3,number_without_unit
GSM3650855,age,3,number_without_unit
GSM3650856,age,3,number_without_unit
GSM3650857,age,3,number_without_unit
GSM3650858,age,3,number_without_unit
GSM3650859,age,3,number_without_unit
GSM3650860,age,3,number_without_unit
GSM3650861,age,3,number_without_unit
GSM3650862,age,3,number_without_unit
GSM3650863,age,3,number_without_unit
GSM3650864,age,3,number_without_unit
GSM3650865,age,3,number_without_unit
GSM3650866,age,3,number_without_unit
GSM3650867,age,3,number_without_unit
GSM3650868,age,3,number_without_unit
GSM3650869,age,3,number_without_unit
GSM3650870,age,3,number_without_unit
GSM3650871,age,3,number_without_unit
GSM3650872,age,3,number_without_unit
GSM3650873,age,3,number_without_unit
GSM3650874,age,3,number_without_unit
GSM3650875,age,3,number_without_unit
GSM3650876,age,3,number_without_unit
GSM3650877,age,3,number_without_unit
GSM3650878,age,3,number_without_unit
GSM3650879,age,3,number_without_unit
GSM3650880,age,3,number_without_unit
GSM3650881,age,3,number_without_unit
GSM3650882,age,3,number_without_unit
GSM3650883,age,3,number_without_unit
GSM3650884,age,3,number_without_unit
GSM3650885,age,3,number_without_unit
GSM3650886,age,3,number_without_unit
GSM3650887,age,3,number_without_unit
GSM3650888,age,3,number_without_unit
GSM3650889,age,3,number_without_unit
GSM3650890,age,3,number_without_unit
GSM3650891,age,3,number_without_unit
GSM3650892,age,3,number_without_unit
GSM3650893,age,3,number_without_unit
GSM3650894,age,3,number_without_unit
GSM3650895,age,3,number_without_unit
GSM3650896,age,3,number_without_unit
GSM3650897,age,3,number_without_unit
GSM3650898,age,3,number_without_unit
GSM3650899,age,3,number_without_unit
GSM3650900,age,3,number_without_unit
GSM3650901,age,3,number_without_unit
GSM3650902,age,3,number_without_unit
GSM3650903,age,3,number_without_unit
GSM3650904,age,3,number_without_unit
GSM3650905,age,3,number_without_unit
GSM3650906,age,3,number_without_unit
GSM3650907,age,3,number_without_unit
GSM3650908,age,3,number_without_unit
GSM3650909,age,3,number_without_unit
GSM3650910,age,3,number_without_unit
GSM3650911,age,3,number_without_unit
GSM3650912,age,3,number_without_unit
GSM3650913,age,3,number_without_unit
GSM3650914,age,3,number_without_unit
GSM3650915,age,3,number_without_unit
GSM3650916,age,3,number_without_unit
GSM3650917,age,3,number_without_unit
GSM3650918,age,3,number_without_unit
GSM3650919,age,3,number_without_unit
GSM3650920,age,3,number_without_unit
GSM3650921,age,3,number_without_unit
GSM3650922,age,3,number_without_unit
GSM3650923,age,3,number_without_unit
GSM3650924,age,3,number_without_unit
GSM3650925,age,3,number_without_unit
GSM3650926,age,3,number_without_unit
GSM3650927,age,3,number_without_unit
GSM3650928,age,3,number_without_unit
GSM3650929,age,3,number_without_unit
GSM3650930,age,3,number_without_unit
GSM3650931,age,3,number_without_unit
GSM3650932,age,3,number_without_unit
GSM3650933,age,3,number_without_unit
GSM3650934,age,3,number_without_unit
GSM3650935,age,3,number_without_unit
GSM3650936,age,3,number_without_unit
GSM3650937,age,3,number_without_unit
GSM3650938,age,3,number_without_unit
GSM3650939,age,3,number_without_unit
GSM3650940,age,3,number_without_unit
GSM3650941,age,3,number_without_unit
GSM3650942,age,3,number_without_unit
GSM3650943,age,3,number_without_unit
GSM3650944,age,3,number_without_unit
GSM3650945,age,3,number_without_unit
GSM3650946,age,3,number_without_unit
GSM3650947,age,3,number_without_unit
GSM3650948,age,3,number_without_unit
GSM3650949,age,3,number_without_unit
GSM3650950,age,3,number_without_unit
GSM3650951,age,3,number_without_unit
GSM3650952,age,3,number_without_unit
GSM3650953,age,3,number_without_unit
GSM3650954,age,3,number_without_unit
GSM3650955,age,3,number_without_unit
GSM3650956,age,3,number_without_unit
GSM3650957,age,3,number_without_unit
GSM3650958,age,3,number_without_unit
GSM3650959,age,3,number_without_unit
GSM3650960,age,3,number_without_unit
GSM3650961,age,3,number_without_unit
GSM3650962,age,3,number_without_unit
GSM3650963,age,3,number_without_unit
GSM3650964,age,3,number_without_unit
GSM3650965,age,3,number_without_unit
GSM3650966,age,3,number_without_unit
GSM3650967,age,3,number_without_unit
GSM3650968,age,3,number_without_unit
GSM3650969,age,3,number_without_unit
GSM3650970,age,3,number_without_unit
GSM3650971,age,3,number_without_unit
GSM3650972,age,3,number_without_unit
GSM3650973,age,3,number_without_unit
GSM3650974,age,3,number_without_unit
GSM3650975,age,3,number_without_unit
GSM3650976,age,3,number_without_unit
GSM3650977,age,3,number_without_unit
GSM3650978,age,3,number_without_unit
GSM3650979,age,3,number_without_unit
GSM3650980,age,3,number_without_unit
GSM3650981,age,3,number_without_unit
GSM3650982,age,3,number_without_unit
GSM3650983,age,3,number_without_unit
GSM3650984,age,3,number_without_unit
GSM3650985,age,3,number_without_unit
GSM3650986,age,3,number_without_unit
GSM3650987,age,3,number_without_unit
GSM3650988,age,3,number_without_unit
GSM3650989,age,3,number_without_unit
GSM3650990,age,3,number_without_unit
GSM3650991,age,3,number_without_unit
GSM3650992,age,3,number_without_unit
GSM3650993,age,3,number_without_unit
GSM3650994,age,3,number_without_unit
GSM3650995,age,3,number_without_unit
GSM3650996,age,3,number_without_unit
GSM3650997,age,3,number_without_unit
GSM3650998,age,3,number_without_unit
GSM3650999,age,3,number_without_unit
GSM3651000,age,3,number_without_unit
GSM3651001,age,3,number_without_unit
GSM3651002,age,3,number_without_unit
GSM3651003,age,3,number_without_unit
GSM3651004,age,3,number_without_unit
GSM3651005,age,3,number_without_unit
GSM3651006,age,3,number_without_unit
GSM3651007,age,3,number_without_unit
GSM3651008,age,3,number_without_unit
GSM3651009,age,3,number_without_unit
GSM3651010,age,3,number_without_unit
GSM3651011,age,3,number_without_unit
GSM3651012,age,3,number_without_unit
GSM3651013,age,3,number_without_unit
GSM3651014,age,3,number_without_unit
GSM3651015,age,3,number_without_unit
GSM3651016,age,3,number_without_unit
GSM3651017,age,3,number_without_unit
GSM3651018,age,3,number_without_unit
GSM3651019,age,3,number_without_unit
GSM3651020,age,3,number_without_unit
GSM3651021,age,3,number_without_unit
GSM3651022,age,3,number_without_unit
GSM3651023,age,3,number_without_unit
GSM3651024,age,3,number_without_unit
GSM3651025,age,3,number_without_unit
GSM3651026,age,3,number_without_unit
GSM3651027,age,3,number_without_unit
GSM3651028,age,3,number_without_unit
GSM3651029,age,3,number_without_unit
GSM3651030,age,3,number_without_unit
GSM3651031,age,3,number_without_unit
GSM3651032,age,3,number_without_unit
GSM3651033,age,3,number_without_unit
GSM3651034,age,3,number_without_unit
GSM3651035,age,3,number_without_unit
GSM3651036,age,3,number_without_unit
GSM3651037,age,3,number_without_unit
GSM3651038,age,3,number_without_unit
GSM3651039,age,3,number_without_unit
GSM3651040,age,3,number_without_unit
GSM3651041,age,3,number_without_unit
GSM3651042,age,3,number_without_unit
GSM3651043,age,3,number_without_unit
GSM3651044,age,3,number_without_unit
GSM3651045,age,3,number_without_unit
GSM3651046,age,3,number_without_unit
GSM3651047,age,3,number_without_unit
GSM3651048,age,3,number_without_unit
GSM3651049,age,3,number_without_unit
GSM3651050,age,3,number_without_unit
GSM3651051,age,3,number_without_unit
GSM3651052,age,3,number_without_unit
GSM3651053,age,3,number_without_unit
GSM3651054,age,3,number_without_unit
GSM3651055,age,3,number_without_unit
GSM3651056,age,3,number_without_unit
GSM3651057,age,3,number_without_unit
GSM3651058,age,3,number_without_unit
GSM3651059,age,3,number_without_unit
GSM3651060,age,3,number_without_unit
GSM3651061,age,3,number_without_unit
GSM3651062,age,3,number_without_unit
GSM3651063,age,3,number_without_unit
GSM3651064,age,3,number_without_unit
GSM3651065,age,3,number_without_unit
GSM3651066,age,3,number_without_unit
GSM3651067,age,3,number_without_unit
GSM3651068,age,3,number_without_unit
GSM3651069,age,3,number_without_unit
GSM3651070,age,3,number_without_unit
GSM3651071,age,3,number_without_unit
GSM3651072,age,3,number_without_unit
GSM3651073,age,3,number_without_unit
GSM3651074,age,3,number_without_unit
GSM3651075,age,3,number_without_unit
GSM3651076,age,3,number_without_unit
GSM3651077,age,3,number_without_unit
GSM3651078,age,3,number_without_unit
GSM3651079,age,3,number_without_unit
GSM3651080,age,3,number_without_unit
GSM3651081,age,3,number_without_unit
GSM3651082,age,3,number_without_unit
GSM3651083,age,3,number_without_unit
GSM3651084,age,3,number_without_unit
GSM3651085,age,3,number_without_unit
GSM3651086,age,3,number_without_unit
GSM3651087,age,3,number_without_unit
GSM3651088,age,3,number_without_unit
GSM3651089,age,3,number_without_unit
GSM3651090,age,3,number_without_unit
GSM3651091,age,3,number_without_unit
GSM3651092,age,3,number_without_unit
GSM3651093,age,3,number_without_unit
GSM3651094,age,3,number_without_unit
GSM3651095,age,3,number_without_unit
GSM3651096,age,3,number_without_unit
GSM3651097,age,3,number_without_unit
GSM3651098,age,3,number_without_unit
GSM3651099,age,3,number_without_unit
GSM3651100,age,3,number_without_unit
GSM3651101,age,3,number_without_unit
GSM3651102,age,3,number_without_unit
GSM3651103,age,3,number_without_unit
GSM3651104,age,3,number_without_unit
GSM3651105,age,3,number_without_unit
GSM3651106,age,3,number_without_unit
GSM3651107,age,3,number_without_unit
GSM3651108,age,3,number_without_unit
GSM3651109,age,3,number_without_unit
GSM3651110,age,3,number_without_unit
GSM3651111,age,3,number_without_unit
GSM3651112,age,3,number_without_unit
GSM3651113,age,3,number_without_unit
GSM3651114,age,3,number_without_unit
GSM3651115,age,3,number_without_unit
GSM3651116,age,3,number_without_unit
GSM3651117,age,3,number_without_unit
GSM3651118,age,3,number_without_unit
GSM3651119,age,3,number_without_unit
GSM3651120,age,3,number_without_unit
GSM3651121,age,3,number_without_unit
GSM3651122,age,3,number_without_unit
GSM3651123,age,3,number_without_unit
GSM3651124,age,3,number_without_unit
GSM3651125,age,3,number_without_unit
GSM3651126,age,3,number_without_unit
GSM3651127,age,3,number_without_unit
GSM3651128,age,3,number_without_unit
GSM3651129,age,3,number_without_unit
GSM3651130,age,3,number_without_unit
GSM3651131,age,3,number_without_unit
GSM3651132,age,3,number_without_unit
GSM3651133,age,3,number_without_unit
GSM3651134,age,3,number_without_unit
GSM3651135,age,3,number_without_unit
GSM3651136,age,3,number_without_unit
GSM3651137,age,3,number_without_unit
GSM3651138,age,3,number_without_unit
GSM3651139,age,3,number_without_unit
GSM3651140,age,3,number_without_unit
GSM3651141,age,3,number_without_unit
GSM3651142,age,3,number_without_unit
GSM3651143,age,3,number_without_unit
GSM3651144,age,3,number_without_unit
GSM3651145,age,3,number_without_unit
GSM3651146,age,3,number_without_unit
GSM3651147,age,3,number_without_unit
GSM3651148,age,3,number_without_unit
GSM3651149,age,3,number_without_unit
GSM3651150,age,3,number_without_unit
GSM3651151,age,3,number_without_unit
GSM3651152,age,3,number_without_unit
GSM3651153,age,3,number_without_unit
GSM3651154,age,3,number_without_unit
GSM3651155,age,3,number_without_unit
GSM3651156,age,3,number_without_unit
GSM3651157,age,3,number_without_unit
GSM3651158,age,3,number_without_unit
GSM3651159,age,3,number_without_unit
GSM3651160,age,3,number_without_unit
GSM3651161,age,3,number_without_unit
GSM3651162,age,3,number_without_unit
GSM3651163,age,3,number_without_unit
GSM3651164,age,3,number_without_unit
GSM3651165,age,3,number_without_unit
GSM3651166,age,3,number_without_unit
GSM3651167,age,3,number_without_unit
GSM3651168,age,3,number_without_unit
GSM3651169,age,3,number_without_unit
GSM3651170,age,3,number_without_unit
GSM3651171,age,3,number_without_unit
GSM3651172,age,3,number_without_unit
GSM3651173,age,3,number_without_unit
GSM3651174,age,3,number_without_unit
GSM3651175,age,3,number_without_unit
GSM3651176,age,3,number_without_unit
GSM3651177,age,3,number_without_unit
GSM3651178,age,3,number_without_unit
GSM3651179,age,3,number_without_unit
GSM3651180,age,3,number_without_unit
GSM3651181,age,3,number_without_unit
GSM3651182,age,3,number_without_unit
GSM3651183,age,3,number_without_unit
GSM3651184,age,3,number_without_unit
GSM3651185,age,3,number_without_unit
GSM3651186,age,3,number_without_unit
GSM3651187,age,3,number_without_unit
GSM3651188,age,3,number_without_unit
GSM3651189,age,3,number_without_unit
GSM3651190,age,3,number_without_unit
GSM3651191,age,3,number_without_unit
GSM3651192,age,3,number_without_unit
GSM3651193,age,3,number_without_unit
GSM3651194,age,3,number_without_unit
GSM3651195,age,3,number_without_unit
GSM3651196,age,3,number_without_unit
GSM3651197,age,3,number_without_unit
GSM3651198,age,3,number_without_unit
GSM3651199,age,3,number_without_unit
GSM3651200,age,3,number_without_unit
GSM3651201,age,3,number_without_unit
GSM3651202,age,3,number_without_unit
GSM3651203,age,3,number_without_unit
GSM3651204,age,3,number_without_unit
GSM3651205,age,3,number_without_unit
GSM3651206,age,3,number_without_unit
GSM3651207,age,3,number_without_unit
GSM3651208,age,3,number_without_unit
GSM3651209,age,3,number_without_unit
GSM3651210,age,3,number_without_unit
GSM3651211,age,3,number_without_unit
GSM3651212,age,3,number_without_unit
GSM3651213,age,3,number_without_unit
GSM3651214,age,3,number_without_unit
GSM3651215,age,3,number_without_unit
GSM3651216,age,3,number_without_unit
GSM3651217,age,3,number_without_unit
GSM3651218,age,3,number_without_unit
GSM3651219,age,3,number_without_unit
GSM3651220,age,3,number_without_unit
GSM3651221,age,3,number_without_unit
GSM3651222,age,3,number_without_unit
GSM3651223,age,3,number_without_unit
GSM3651224,age,3,number_without_unit
GSM3651225,age,3,number_without_unit
GSM3651226,age,3,number_without_unit
GSM3651227,age,3,number_without_unit
GSM3651228,age,3,number_without_unit
GSM3651229,age,3,number_without_unit
GSM3651230,age,3,number_without_unit
GSM3651231,age,3,number_without_unit
GSM3651232,age,3,number_without_unit
GSM3651233,age,3,number_without_unit
GSM3651234,age,3,number_without_unit
GSM3651235,age,3,number_without_unit
GSM3651236,age,3,number_without_unit
GSM3651237,age,3,number_without_unit
GSM3651238,age,3,number_without_unit
GSM3651239,age,3,number_without_unit
GSM3651240,age,3,number_without_unit
GSM3651241,age,3,number_without_unit
GSM3651242,age,3,number_without_unit
GSM3651243,age,3,number_without_unit
GSM3651244,age,3,number_without_unit
GSM3651245,age,3,number_without_unit
GSM3651246,age,3,number_without_unit
GSM3651247,age,3,number_without_unit
GSM3651248,age,3,number_without_unit
GSM3651249,age,3,number_without_unit
GSM3651250,age,3,number_without_unit
GSM3651251,age,3,number_without_unit
GSM3651252,age,3,number_without_unit
GSM3651253,age,3,number_without_unit
GSM3651254,age,3,number_without_unit
GSM3651255,age,3,number_without_unit
GSM3651256,age,3,number_without_unit
GSM3651257,age,3,number_without_unit
GSM3651258,age,3,number_without_unit
GSM3651259,age,3,number_without_unit
GSM3651260,age,3,number_without_unit
GSM3651261,age,3,number_without_unit
GSM3651262,age,3,number_without_unit
GSM3651263,age,3,number_without_unit
GSM3651264,age,3,number_without_unit
GSM3651265,age,3,number_without_unit
GSM3651266,age,3,number_without_unit
GSM3651267,age,3,number_without_unit
GSM3651268,age,3,number_without_unit
GSM3651269,age,3,number_without_unit
GSM3651270,age,3,number_without_unit
GSM3651271,age,3,number_without_unit
GSM3651272,age,3,number_without_unit
GSM3651273,age,3,number_without_unit
GSM3651274,age,3,number_without_unit
GSM3651275,age,3,number_without_unit
GSM3651276,age,3,number_without_unit
GSM3651277,age,3,number_without_unit
GSM3651278,age,3,number_without_unit
GSM3651279,age,3,number_without_unit
GSM3651280,age,3,number_without_unit
GSM3651281,age,3,number_without_unit
GSM3651282,age,3,number_without_unit
GSM3651283,age,3,number_without_unit
GSM3651284,age,3,number_without_unit
GSM3651285,age,3,number_without_unit
GSM3651286,age,3,number_without_unit
GSM3651287,age,3,number_without_unit
GSM3651288,age,3,number_without_unit
GSM3651289,age,3,number_without_unit
GSM3651290,age,3,number_without_unit
GSM3651291,age,3,number_without_unit
GSM3651292,age,3,number_without_unit
GSM3651293,age,3,number_without_unit
GSM3651294,age,3,number_without_unit
GSM3651295,age,3,number_without_unit
GSM3651296,age,3,number_without_unit
GSM3651297,age,3,number_without_unit
GSM3651298,age,3,number_without_unit
GSM3651299,age,3,number_without_unit
GSM3651300,age,3,number_without_unit
GSM3651301,age,3,number_without_unit
GSM3651302,age,3,number_without_unit
GSM3651303,age,3,number_without_unit
GSM3651304,age,3,number_without_unit
GSM3651305,age,3,number_without_unit
GSM3651306,age,3,number_without_unit
GSM3651307,age,3,number_without_unit
GSM3651308,age,3,number_without_unit
GSM3651309,age,3,number_without_unit
GSM3651310,age,3,number_without_unit
GSM3651311,age,3,number_without_unit
GSM3651312,age,3,number_without_unit
GSM3651313,age,3,number_without_unit
GSM3651314,age,3,number_without_unit
GSM3651315,age,3,number_without_unit
GSM3651316,age,3,number_without_unit
GSM3651317,age,3,number_without_unit
GSM3651318,age,3,number_without_unit
GSM3651319,age,3,number_without_unit
GSM3651320,age,3,number_without_unit
GSM3651321,age,3,number_without_unit
GSM3651322,age,3,number_without_unit
GSM3651323,age,3,number_without_unit
GSM3651324,age,3,number_without_unit
GSM3651325,age,3,number_without_unit
GSM3651326,age,3,number_without_unit
GSM3651327,age,3,number_without_unit
GSM3651328,age,3,number_without_unit
GSM3651329,age,3,number_without_unit
GSM3651330,age,3,number_without_unit
GSM3651331,age,3,number_without_unit
GSM3651332,age,3,number_without_unit
GSM3651333,age,3,number_without_unit
GSM3651334,age,3,number_without_unit
GSM3651335,age,3,number_without_unit
GSM3651336,age,3,number_without_unit
GSM3651337,age,3,number_without_unit
GSM3651338,age,3,number_without_unit
GSM3651339,age,3,number_without_unit
GSM3651340,age,3,number_without_unit
GSM3651341,age,3,number_without_unit
GSM3651342,age,3,number_without_unit
GSM3651343,age,3,number_without_unit
GSM3651344,age,3,number_without_unit
GSM3651345,age,3,number_without_unit
GSM3651346,age,3,number_without_unit
GSM3651347,age,3,number_without_unit
GSM3651348,age,3,number_without_unit
GSM3651349,age,3,number_without_unit
GSM3651350,age,3,number_without_unit
GSM3651351,age,3,number_without_unit
GSM3651352,age,3,number_without_unit
GSM3651353,age,3,number_without_unit
GSM3651354,age,3,number_without_unit
GSM3651355,age,3,number_without_unit
GSM3651356,age,3,number_without_unit
GSM3651357,age,3,number_without_unit
GSM3651358,age,3,number_without_unit
GSM3651359,age,3,number_without_unit
GSM3651360,age,3,number_without_unit
GSM3651361,age,3,number_without_unit
GSM3651362,age,3,number_without_unit
GSM3651363,age,3,number_without_unit
GSM3651364,age,3,number_without_unit
GSM3651365,age,3,number_without_unit
GSM3651366,age,3,number_without_unit
GSM3651367,age,3,number_without_unit
GSM3651368,age,3,number_without_unit
GSM3651369,age,3,number_without_unit
GSM3651370,age,3,number_without_unit
GSM3651371,age,3,number_without_unit
GSM3651372,age,3,number_without_unit
GSM3651373,age,3,number_without_unit
GSM3651374,age,3,number_without_unit
GSM3651375,age,3,number_without_unit
GSM3651376,age,3,number_without_unit
GSM3651377,age,3,number_without_unit
GSM3651378,age,3,number_without_unit
GSM3651379,age,3,number_without_unit
GSM3651380,age,3,number_without_unit
GSM3651381,age,3,number_without_unit
GSM3651382,age,3,number_without_unit
GSM3651383,age,3,number_without_unit
GSM3651384,age,3,number_without_unit
GSM3651385,age,3,number_without_unit
GSM3651386,age,3,number_without_unit
GSM3651387,age,3,number_without_unit
GSM3651388,age,3,number_without_unit
GSM3651389,age,3,number_without_unit
GSM3651390,age,3,number_without_unit
GSM3651391,age,3,number_without_unit
GSM3651392,age,3,number_without_unit
GSM3651393,age,3,number_without_unit
GSM3651394,age,3,number_without_unit
GSM3651395,age,3,number_without_unit
GSM3651396,age,3,number_without_unit
GSM3651397,age,3,number_without_unit
GSM3651398,age,3,number_without_unit
GSM3651399,age,3,number_without_unit
GSM3651400,age,3,number_without_unit
GSM3651401,age,3,number_without_unit
GSM3651402,age,3,number_without_unit
GSM3651403,age,3,number_without_unit
GSM3651404,age,3,number_without_unit
GSM3651405,age,3,number_without_unit
GSM3651406,age,3,number_without_unit
GSM3651407,age,3,number_without_unit
GSM3651408,age,3,number_without_unit
GSM3651409,age,3,number_without_unit
GSM3651410,age,3,number_without_unit
GSM3651411,age,3,number_without_unit
GSM3651412,age,3,number_without_unit
GSM3651413,age,3,number_without_unit
GSM3651414,age,3,number_without_unit
GSM3651415,age,3,number_without_unit
GSM3651416,age,3,number_without_unit
GSM3651417,age,3,number_without_unit
GSM3651418,age,3,number_without_unit
GSM3651419,age,3,number_without_unit
GSM3651420,age,3,number_without_unit
GSM3651421,age,3,number_without_unit
GSM3651422,age,3,number_without_unit
GSM3651423,age,3,number_without_unit
GSM3651424,age,3,number_without_unit
GSM3651425,age,3,number_without_unit
GSM3651426,age,3,number_without_unit
GSM3651427,age,3,number_without_unit
GSM3651428,age,3,number_without_unit
GSM3651429,age,3,number_without_unit
GSM3651430,age,3,number_without_unit
GSM3651431,age,3,number_without_unit
GSM3651432,age,3,number_without_unit
GSM3651433,age,3,number_without_unit
GSM3651434,age,3,number_without_unit
GSM3651435,age,3,number_without_unit
GSM3651436,age,3,number_without_unit
GSM3651437,age,3,number_without_unit
GSM3651438,age,3,number_without_unit
GSM3651439,age,3,number_without_unit
GSM3651440,age,3,number_without_unit
GSM3651441,age,3,number_without_unit
GSM3651442,age,3,number_without_unit
GSM3651443,age,3,number_without_unit
GSM3651444,age,3,number_without_unit
GSM3651445,age,3,number_without_unit
GSM3651446,age,3,number_without_unit
GSM3651447,age,3,number_without_unit
GSM3651448,age,3,number_without_unit
GSM3651449,age,3,number_without_unit
GSM3651450,age,3,number_without_unit
GSM3651451,age,3,number_without_unit
GSM3651452,age,3,number_without_unit
GSM3651453,age,3,number_without_unit
GSM3651454,age,3,number_without_unit
GSM3651455,age,3,number_without_unit
GSM3651456,age,3,number_without_unit
GSM3651457,age,3,number_without_unit
GSM3651458,age,3,number_without_unit
GSM3651459,age,3,number_without_unit
GSM3651460,age,3,number_without_unit
GSM3651461,age,3,number_without_unit
GSM3651462,age,3,number_without_unit
GSM8822335,age,3,number_without_unit
GSM8822336,age,3,number_without_unit
GSM8822337,age,3,number_without_unit
GSM8636613,age,5.49668874172185,number_without_unit
GSM3645301,age,6,number_without_unit
GSM3645302,age,6,number_without_unit
GSM3645303,age,6,number_without_unit
GSM3645304,age,6,number_without_unit
GSM3645305,age,6,number_without_unit
GSM3645306,age,6,number_without_unit
GSM3645307,age,6,number_without_unit
GSM3645308,age,6,number_without_unit
GSM3645309,age,6,number_without_unit
GSM3645310,age,6,number_without_unit
GSM3645311,age,6,number_without_unit
GSM3645312,age,6,number_without_unit
GSM3645313,age,6,number_without_unit
GSM3645314,age,6,number_without_unit
GSM3645315,age,6,number_without_unit
GSM3645316,age,6,number_without_unit
GSM3645317,age,6,number_without_unit
GSM3645318,age,6,number_without_unit
GSM3645319,age,6,number_without_unit
GSM3645320,age,6,number_without_unit
GSM3645321,age,6,number_without_unit
GSM3645322,age,6,number_without_unit
GSM3645323,age,6,number_without_unit
GSM3645324,age,6,number_without_unit
GSM3645325,age,6,number_without_unit
GSM3645326,age,6,number_without_unit
GSM3645327,age,6,number_without_unit
GSM3645328,age,6,number_without_unit
GSM3645329,age,6,number_without_unit
GSM3645330,age,6,number_without_unit
GSM3645331,age,6,number_without_unit
GSM3645332,age,6,number_without_unit
GSM3645333,age,6,number_without_unit
GSM3645334,age,6,number_without_unit
GSM3645335,age,6,number_without_unit
GSM3645336,age,6,number_without_unit
GSM3645337,age,6,number_without_unit
GSM3645338,age,6,number_without_unit
GSM3645339,age,6,number_without_unit
GSM3645340,age,6,number_without_unit
GSM3645341,age,6,number_without_unit
GSM3645342,age,6,number_without_unit
GSM3645343,age,6,number_without_unit
GSM3645344,age,6,number_without_unit
GSM3645345,age,6,number_without_unit
GSM3645346,age,6,number_without_unit
GSM3645347,age,6,number_without_unit
GSM3645348,age,6,number_without_unit
GSM3645349,age,6,number_without_unit
GSM3645350,age,6,number_without_unit
GSM3645351,age,6,number_without_unit
GSM3645352,age,6,number_without_unit
GSM3645353,age,6,number_without_unit
GSM3645354,age,6,number_without_unit
GSM3645355,age,6,number_without_unit
GSM3645356,age,6,number_without_unit
GSM3645357,age,6,number_without_unit
GSM3645358,age,6,number_without_unit
GSM3645359,age,6,number_without_unit
GSM3645360,age,6,number_without_unit
GSM3645361,age,6,number_without_unit
GSM3645362,age,6,number_without_unit
GSM3645363,age,6,number_without_unit
GSM3645364,age,6,number_without_unit
GSM3645365,age,6,number_without_unit
GSM3645366,age,6,number_without_unit
GSM3645367,age,6,number_without_unit
GSM3645368,age,6,number_without_unit
GSM3645369,age,6,number_without_unit
GSM3645370,age,6,number_without_unit
GSM3645371,age,6,number_without_unit
GSM3645372,age,6,number_without_unit
GSM3645373,age,6,number_without_unit
GSM3645374,age,6,number_without_unit
GSM3645375,age,6,number_without_unit
GSM3645376,age,6,number_without_unit
GSM3645377,age,6,number_without_unit
GSM3645378,age,6,number_without_unit
GSM3645379,age,6,number_without_unit
GSM3645380,age,6,number_without_unit
GSM3645381,age,6,number_without_unit
GSM3645382,age,6,number_without_unit
GSM3645383,age,6,number_without_unit
GSM3645384,age,6,number_without_unit
GSM3645385,age,6,number_without_unit
GSM3645386,age,6,number_without_unit
GSM3645387,age,6,number_without_unit
GSM3645388,age,6,number_without_unit
GSM3645389,age,6,number_without_unit
GSM3645390,age,6,number_without_unit
GSM3645391,age,6,number_without_unit
GSM3645392,age,6,number_without_unit
GSM3645393,age,6,number_without_unit
GSM3645394,age,6,number_without_unit
GSM3645395,age,6,number_without_unit
GSM3645396,age,6,number_without_unit
GSM3645397,age,6,number_without_unit
GSM3645398,age,6,number_without_unit
GSM3645399,age,6,number_without_unit
GSM3645400,age,6,number_without_unit
GSM3645401,age,6,number_without_unit
GSM3645402,age,6,number_without_unit
GSM3645403,age,6,number_without_unit
GSM3645404,age,6,number_without_unit
GSM3645405,age,6,number_without_unit
GSM3645406,age,6,number_without_unit
GSM3645407,age,6,number_without_unit
GSM3645408,age,6,number_without_unit
GSM3645409,age,6,number_without_unit
GSM3645410,age,6,number_without_unit
GSM3645411,age,6,number_without_unit
GSM3645412,age,6,number_without_unit
GSM3645413,age,6,number_without_unit
GSM3645414,age,6,number_without_unit
GSM3645415,age,6,number_without_unit
GSM3645416,age,6,number_without_unit
GSM3645417,age,6,number_without_unit
GSM3645418,age,6,number_without_unit
GSM3645419,age,6,number_without_unit
GSM3645420,age,6,number_without_unit
GSM3645421,age,6,number_without_unit
GSM3645422,age,6,number_without_unit
GSM3645423,age,6,number_without_unit
GSM3645424,age,6,number_without_unit
GSM3645425,age,6,number_without_unit
GSM3645426,age,6,number_without_unit
GSM3645427,age,6,number_without_unit
GSM3645428,age,6,number_without_unit
GSM3645429,age,6,number_without_unit
GSM3645430,age,6,number_without_unit
GSM3645431,age,6,number_without_unit
GSM3645432,age,6,number_without_unit
GSM3645433,age,6,number_without_unit
GSM3645434,age,6,number_without_unit
GSM3645435,age,6,number_without_unit
GSM3645436,age,6,number_without_unit
GSM3645437,age,6,number_without_unit
GSM3645438,age,6,number_without_unit
GSM3645439,age,6,number_without_unit
GSM3645440,age,6,number_without_unit
GSM3645441,age,6,number_without_unit
GSM3645442,age,6,number_without_unit
GSM3645443,age,6,number_without_unit
GSM3645444,age,6,number_without_unit
GSM3645445,age,6,number_without_unit
GSM3645446,age,6,number_without_unit
GSM3645447,age,6,number_without_unit
GSM3645448,age,6,number_without_unit
GSM3645449,age,6,number_without_unit
GSM3645450,age,6,number_without_unit
GSM3645451,age,6,number_without_unit
GSM3645452,age,6,number_without_unit
GSM3645453,age,6,number_without_unit
GSM3645454,age,6,number_without_unit
GSM3645455,age,6,number_without_unit
GSM3645456,age,6,number_without_unit
GSM3645457,age,6,number_without_unit
GSM3645458,age,6,number_without_unit
GSM3645459,age,6,number_without_unit
GSM3645460,age,6,number_without_unit
GSM3645461,age,6,number_without_unit
GSM3645462,age,6,number_without_unit
GSM3645463,age,6,number_without_unit
GSM3645464,age,6,number_without_unit
GSM3645465,age,6,number_without_unit
GSM3645466,age,6,number_without_unit
GSM3645467,age,6,number_without_unit
GSM3645468,age,6,number_without_unit
GSM3645469,age,6,number_without_unit
GSM3645470,age,6,number_without_unit
GSM3645471,age,6,number_without_unit
GSM3645472,age,6,number_without_unit
GSM3645473,age,6,number_without_unit
GSM3645474,age,6,number_without_unit
GSM3645475,age,6,number_without_unit
GSM3645476,age,6,number_without_unit
GSM3645477,age,6,number_without_unit
GSM3645478,age,6,number_without_unit
GSM3645479,age,6,number_without_unit
GSM3645480,age,6,number_without_unit
GSM3645481,age,6,number_without_unit
GSM3645482,age,6,number_without_unit
GSM3645483,age,6,number_without_unit
GSM3645484,age,6,number_without_unit
GSM3645485,age,6,number_without_unit
GSM3645486,age,6,number_without_unit
GSM3645487,age,6,number_without_unit
GSM3645488,age,6,number_without_unit
GSM3645489,age,6,number_without_unit
GSM3645490,age,6,number_without_unit
GSM3645491,age,6,number_without_unit
GSM3645492,age,6,number_without_unit
GSM3645493,age,6,number_without_unit
GSM3645494,age,6,number_without_unit
GSM3645495,age,6,number_without_unit
GSM3645496,age,6,number_without_unit
GSM3645497,age,6,number_without_unit
GSM3645498,age,6,number_without_unit
GSM3645499,age,6,number_without_unit
GSM3645500,age,6,number_without_unit
GSM3645501,age,6,number_without_unit
GSM3645502,age,6,number_without_unit
GSM3645503,age,6,number_without_unit
GSM3645504,age,6,number_without_unit
GSM3645505,age,6,number_without_unit
GSM3645506,age,6,number_without_unit
GSM3645507,age,6,number_without_unit
GSM3645508,age,6,number_without_unit
GSM3645509,age,6,number_without_unit
GSM3645510,age,6,number_without_unit
GSM3645511,age,6,number_without_unit
GSM3645512,age,6,number_without_unit
GSM3645513,age,6,number_without_unit
GSM3645514,age,6,number_without_unit
GSM3645515,age,6,number_without_unit
GSM3645516,age,6,number_without_unit
GSM3645517,age,6,number_without_unit
GSM3645518,age,6,number_without_unit
GSM3645519,age,6,number_without_unit
GSM3645520,age,6,number_without_unit
GSM3645521,age,6,number_without_unit
GSM3645522,age,6,number_without_unit
GSM3645523,age,6,number_without_unit
GSM3645524,age,6,number_without_unit
GSM3645525,age,6,number_without_unit
GSM3645526,age,6,number_without_unit
GSM3645527,age,6,number_without_unit
GSM3645528,age,6,number_without_unit
GSM3645529,age,6,number_without_unit
GSM3645530,age,6,number_without_unit
GSM3645531,age,6,number_without_unit
GSM3645532,age,6,number_without_unit
GSM3645533,age,6,number_without_unit
GSM3645534,age,6,number_without_unit
GSM3645535,age,6,number_without_unit
GSM3645536,age,6,number_without_unit
GSM3645537,age,6,number_without_unit
GSM3645538,age,6,number_without_unit
GSM3645539,age,6,number_without_unit
GSM3645540,age,6,number_without_unit
GSM3645541,age,6,number_without_unit
GSM3645542,age,6,number_without_unit
GSM3645543,age,6,number_without_unit
GSM3645544,age,6,number_without_unit
GSM3645545,age,6,number_without_unit
GSM3645546,age,6,number_without_unit
GSM3645547,age,6,number_without_unit
GSM3645548,age,6,number_without_unit
GSM3645549,age,6,number_without_unit
GSM3645550,age,6,number_without_unit
GSM3645551,age,6,number_without_unit
GSM3645552,age,6,number_without_unit
GSM3645553,age,6,number_without_unit
GSM3645554,age,6,number_without_unit
GSM3645555,age,6,number_without_unit
GSM3645556,age,6,number_without_unit
GSM3645557,age,6,number_without_unit
GSM3645558,age,6,number_without_unit
GSM3645559,age,6,number_without_unit
GSM3645560,age,6,number_without_unit
GSM3645561,age,6,number_without_unit
GSM3645562,age,6,number_without_unit
GSM3645563,age,6,number_without_unit
GSM3645564,age,6,number_without_unit
GSM3645565,age,6,number_without_unit
GSM3645566,age,6,number_without_unit
GSM3645567,age,6,number_without_unit
GSM3645568,age,6,number_without_unit
GSM3645569,age,6,number_without_unit
GSM3645570,age,6,number_without_unit
GSM3645571,age,6,number_without_unit
GSM3645572,age,6,number_without_unit
GSM3645573,age,6,number_without_unit
GSM3645574,age,6,number_without_unit
GSM3645575,age,6,number_without_unit
GSM3645576,age,6,number_without_unit
GSM3645577,age,6,number_without_unit
GSM3645578,age,6,number_without_unit
GSM3645579,age,6,number_without_unit
GSM3645580,age,6,number_without_unit
GSM3645581,age,6,number_without_unit
GSM3645582,age,6,number_without_unit
GSM3645583,age,6,number_without_unit
GSM3645584,age,6,number_without_unit
GSM3645585,age,6,number_without_unit
GSM3645586,age,6,number_without_unit
GSM3645587,age,6,number_without_unit
GSM3645588,age,6,number_without_unit
GSM3645589,age,6,number_without_unit
GSM3645590,age,6,number_without_unit
GSM3645591,age,6,number_without_unit
GSM3645592,age,6,number_without_unit
GSM3645593,age,6,number_without_unit
GSM3645594,age,6,number_without_unit
GSM3645595,age,6,number_without_unit
GSM3645596,age,6,number_without_unit
GSM3645597,age,6,number_without_unit
GSM3645598,age,6,number_without_unit
GSM3645599,age,6,number_without_unit
GSM3645600,age,6,number_without_unit
GSM3645601,age,6,number_without_unit
GSM3645602,age,6,number_without_unit
GSM3645603,age,6,number_without_unit
GSM3645604,age,6,number_without_unit
GSM3645605,age,6,number_without_unit
GSM3645606,age,6,number_without_unit
GSM3645607,age,6,number_without_unit
GSM3645608,age,6,number_without_unit
GSM3645609,age,6,number_without_unit
GSM3645610,age,6,number_without_unit
GSM3645611,age,6,number_without_unit
GSM3645612,age,6,number_without_unit
GSM3645613,age,6,number_without_unit
GSM3645614,age,6,number_without_unit
GSM3645615,age,6,number_without_unit
GSM3645616,age,6,number_without_unit
GSM3645617,age,6,number_without_unit
GSM3645618,age,6,number_without_unit
GSM3645619,age,6,number_without_unit
GSM3645620,age,6,number_without_unit
GSM3645621,age,6,number_without_unit
GSM3645622,age,6,number_without_unit
GSM3645623,age,6,number_without_unit
GSM3645624,age,6,number_without_unit
GSM3645625,age,6,number_without_unit
GSM3645626,age,6,number_without_unit
GSM3645627,age,6,number_without_unit
GSM3645628,age,6,number_without_unit
GSM3645629,age,6,number_without_unit
GSM3645630,age,6,number_without_unit
GSM3645631,age,6,number_without_unit
GSM3645632,age,6,number_without_unit
GSM3645633,age,6,number_without_unit
GSM3645634,age,6,number_without_unit
GSM3645635,age,6,number_without_unit
GSM3645636,age,6,number_without_unit
GSM3645637,age,6,number_without_unit
GSM3645638,age,6,number_without_unit
GSM3645639,age,6,number_without_unit
GSM3645640,age,6,number_without_unit
GSM3645641,age,6,number_without_unit
GSM3645642,age,6,number_without_unit
GSM3645643,age,6,number_without_unit
GSM3645644,age,6,number_without_unit
GSM3645645,age,6,number_without_unit
GSM3645646,age,6,number_without_unit
GSM3645647,age,6,number_without_unit
GSM3645648,age,6,number_without_unit
GSM3645649,age,6,number_without_unit
GSM3645650,age,6,number_without_unit
GSM3645651,age,6,number_without_unit
GSM3645652,age,6,number_without_unit
GSM3645653,age,6,number_without_unit
GSM3645654,age,6,number_without_unit
GSM3645655,age,6,number_without_unit
GSM3645656,age,6,number_without_unit
GSM3645657,age,6,number_without_unit
GSM3645658,age,6,number_without_unit
GSM3645659,age,6,number_without_unit
GSM3645660,age,6,number_without_unit
GSM3645661,age,6,number_without_unit
GSM3645662,age,6,number_without_unit
GSM3645663,age,6,number_without_unit
GSM3645664,age,6,number_without_unit
GSM3645665,age,6,number_without_unit
GSM3645666,age,6,number_without_unit
GSM3645667,age,6,number_without_unit
GSM3645668,age,6,number_without_unit
GSM3645669,age,6,number_without_unit
GSM3645670,age,6,number_without_unit
GSM3645671,age,6,number_without_unit
GSM3645672,age,6,number_without_unit
GSM3645673,age,6,number_without_unit
GSM3645674,age,6,number_without_unit
GSM3645675,age,6,number_without_unit
GSM3645676,age,6,number_without_unit
GSM3645677,age,6,number_without_unit
GSM3645678,age,6,number_without_unit
GSM3645679,age,6,number_without_unit
GSM3645680,age,6,number_without_unit
GSM3645681,age,6,number_without_unit
GSM3645682,age,6,number_without_unit
GSM3645683,age,6,number_without_unit
GSM3645684,age,6,number_without_unit
GSM3645685,age,6,number_without_unit
GSM3645686,age,6,number_without_unit
GSM3645687,age,6,number_without_unit
GSM3645688,age,6,number_without_unit
GSM3645689,age,6,number_without_unit
GSM3645690,age,6,number_without_unit
GSM3645691,age,6,number_without_unit
GSM3645692,age,6,number_without_unit
GSM3645693,age,6,number_without_unit
GSM3645694,age,6,number_without_unit
GSM3645695,age,6,number_without_unit
GSM3645696,age,6,number_without_unit
GSM3645697,age,6,number_without_unit
GSM3645698,age,6,number_without_unit
GSM3645699,age,6,number_without_unit
GSM3645700,age,6,number_without_unit
GSM3645701,age,6,number_without_unit
GSM3645702,age,6,number_without_unit
GSM3645703,age,6,number_without_unit
GSM3645704,age,6,number_without_unit
GSM3645705,age,6,number_without_unit
GSM3645706,age,6,number_without_unit
GSM3645707,age,6,number_without_unit
GSM3645708,age,6,number_without_unit
GSM3645709,age,6,number_without_unit
GSM3645710,age,6,number_without_unit
GSM3645711,age,6,number_without_unit
GSM3645712,age,6,number_without_unit
GSM3645713,age,6,number_without_unit
GSM3645714,age,6,number_without_unit
GSM3645715,age,6,number_without_unit
GSM3645716,age,6,number_without_unit
GSM3645717,age,6,number_without_unit
GSM3645718,age,6,number_without_unit
GSM3645719,age,6,number_without_unit
GSM3645720,age,6,number_without_unit
GSM3645721,age,6,number_without_unit
GSM3645722,age,6,number_without_unit
GSM3645723,age,6,number_without_unit
GSM3645724,age,6,number_without_unit
GSM3645725,age,6,number_without_unit
GSM3645726,age,6,number_without_unit
GSM3645727,age,6,number_without_unit
GSM3645728,age,6,number_without_unit
GSM3645729,age,6,number_without_unit
GSM3645730,age,6,number_without_unit
GSM3645731,age,6,number_without_unit
GSM3645732,age,6,number_without_unit
GSM3645733,age,6,number_without_unit
GSM3645734,age,6,number_without_unit
GSM3645735,age,6,number_without_unit
GSM3645736,age,6,number_without_unit
GSM3645737,age,6,number_without_unit
GSM3645738,age,6,number_without_unit
GSM3645739,age,6,number_without_unit
GSM3645740,age,6,number_without_unit
GSM3645741,age,6,number_without_unit
GSM3645742,age,6,number_without_unit
GSM3645743,age,6,number_without_unit
GSM3645744,age,6,number_without_unit
GSM3645745,age,6,number_without_unit
GSM3645746,age,6,number_without_unit
GSM3645747,age,6,number_without_unit
GSM3645748,age,6,number_without_unit
GSM3645749,age,6,number_without_unit
GSM3645750,age,6,number_without_unit
GSM3645751,age,6,number_without_unit
GSM3645752,age,6,number_without_unit
GSM3645753,age,6,number_without_unit
GSM3645754,age,6,number_without_unit
GSM3645755,age,6,number_without_unit
GSM3645756,age,6,number_without_unit
GSM3645757,age,6,number_without_unit
GSM3645758,age,6,number_without_unit
GSM3645759,age,6,number_without_unit
GSM3645760,age,6,number_without_unit
GSM3645761,age,6,number_without_unit
GSM3645762,age,6,number_without_unit
GSM3645763,age,6,number_without_unit
GSM3645764,age,6,number_without_unit
GSM3645765,age,6,number_without_unit
GSM3645766,age,6,number_without_unit
GSM3645767,age,6,number_without_unit
GSM3645768,age,6,number_without_unit
GSM3645769,age,6,number_without_unit
GSM3645770,age,6,number_without_unit
GSM3645771,age,6,number_without_unit
GSM3645772,age,6,number_without_unit
GSM3645773,age,6,number_without_unit
GSM3645774,age,6,number_without_unit
GSM3645775,age,6,number_without_unit
GSM3645776,age,6,number_without_unit
GSM3645777,age,6,number_without_unit
GSM3645778,age,6,number_without_unit
GSM3645779,age,6,number_without_unit
GSM3645780,age,6,number_without_unit
GSM3645781,age,6,number_without_unit
GSM3645782,age,6,number_without_unit
GSM3645783,age,6,number_without_unit
GSM3645784,age,6,number_without_unit
GSM3645785,age,6,number_without_unit
GSM3645786,age,6,number_without_unit
GSM3645787,age,6,number_without_unit
GSM3645788,age,6,number_without_unit
GSM3645789,age,6,number_without_unit
GSM3645790,age,6,number_without_unit
GSM3645791,age,6,number_without_unit
GSM3645792,age,6,number_without_unit
GSM3645793,age,6,number_without_unit
GSM3645794,age,6,number_without_unit
GSM3645795,age,6,number_without_unit
GSM3645796,age,6,number_without_unit
GSM3645797,age,6,number_without_unit
GSM3645798,age,6,number_without_unit
GSM3645799,age,6,number_without_unit
GSM3645800,age,6,number_without_unit
GSM3645801,age,6,number_without_unit
GSM3645802,age,6,number_without_unit
GSM3645803,age,6,number_without_unit
GSM3645804,age,6,number_without_unit
GSM3645805,age,6,number_without_unit
GSM3645806,age,6,number_without_unit
GSM3645807,age,6,number_without_unit
GSM3645808,age,6,number_without_unit
GSM3645809,age,6,number_without_unit
GSM3645810,age,6,number_without_unit
GSM3645811,age,6,number_without_unit
GSM3645812,age,6,number_without_unit
GSM3645813,age,6,number_without_unit
GSM3645814,age,6,number_without_unit
GSM3645815,age,6,number_without_unit
GSM3645816,age,6,number_without_unit
GSM3645817,age,6,number_without_unit
GSM3645818,age,6,number_without_unit
GSM3645819,age,6,number_without_unit
GSM3645820,age,6,number_without_unit
GSM3645821,age,6,number_without_unit
GSM3645822,age,6,number_without_unit
GSM3645823,age,6,number_without_unit
GSM3645824,age,6,number_without_unit
GSM3645825,age,6,number_without_unit
GSM3645826,age,6,number_without_unit
GSM3645827,age,6,number_without_unit
GSM3645828,age,6,number_without_unit
GSM3645829,age,6,number_without_unit
GSM3645830,age,6,number_without_unit
GSM3645831,age,6,number_without_unit
GSM3645832,age,6,number_without_unit
GSM3645833,age,6,number_without_unit
GSM3645834,age,6,number_without_unit
GSM3645835,age,6,number_without_unit
GSM3645836,age,6,number_without_unit
GSM3645837,age,6,number_without_unit
GSM3645838,age,6,number_without_unit
GSM3645839,age,6,number_without_unit
GSM3645840,age,6,number_without_unit
GSM3645841,age,6,number_without_unit
GSM3645842,age,6,number_without_unit
GSM3645843,age,6,number_without_unit
GSM3645844,age,6,number_without_unit
GSM3645845,age,6,number_without_unit
GSM3645846,age,6,number_without_unit
GSM3645847,age,6,number_without_unit
GSM3645848,age,6,number_without_unit
GSM3645849,age,6,number_without_unit
GSM3645850,age,6,number_without_unit
GSM3645851,age,6,number_without_unit
GSM3645852,age,6,number_without_unit
GSM3645853,age,6,number_without_unit
GSM3645854,age,6,number_without_unit
GSM3645855,age,6,number_without_unit
GSM3645856,age,6,number_without_unit
GSM3645857,age,6,number_without_unit
GSM3645858,age,6,number_without_unit
GSM3645859,age,6,number_without_unit
GSM3645860,age,6,number_without_unit
GSM3645861,age,6,number_without_unit
GSM3645862,age,6,number_without_unit
GSM3645863,age,6,number_without_unit
GSM3645864,age,6,number_without_unit
GSM3645865,age,6,number_without_unit
GSM3645866,age,6,number_without_unit
GSM3645867,age,6,number_without_unit
GSM3645868,age,6,number_without_unit
GSM3645869,age,6,number_without_unit
GSM3645870,age,6,number_without_unit
GSM3645871,age,6,number_without_unit
GSM3645872,age,6,number_without_unit
GSM3645873,age,6,number_without_unit
GSM3645874,age,6,number_without_unit
GSM3645875,age,6,number_without_unit
GSM3645876,age,6,number_without_unit
GSM3645877,age,6,number_without_unit
GSM3645878,age,6,number_without_unit
GSM3645879,age,6,number_without_unit
GSM3645880,age,6,number_without_unit
GSM3645881,age,6,number_without_unit
GSM3645882,age,6,number_without_unit
GSM3645883,age,6,number_without_unit
GSM3645884,age,6,number_without_unit
GSM3645885,age,6,number_without_unit
GSM3645886,age,6,number_without_unit
GSM3645887,age,6,number_without_unit
GSM3645888,age,6,number_without_unit
GSM3645889,age,6,number_without_unit
GSM3645890,age,6,number_without_unit
GSM3645891,age,6,number_without_unit
GSM3645892,age,6,number_without_unit
GSM3645893,age,6,number_without_unit
GSM3645894,age,6,number_without_unit
GSM3645895,age,6,number_without_unit
GSM3645896,age,6,number_without_unit
GSM3645897,age,6,number_without_unit
GSM3645898,age,6,number_without_unit
GSM3645899,age,6,number_without_unit
GSM3645900,age,6,number_without_unit
GSM3645901,age,6,number_without_unit
GSM3645902,age,6,number_without_unit
GSM3645903,age,6,number_without_unit
GSM3645904,age,6,number_without_unit
GSM3645905,age,6,number_without_unit
GSM3645906,age,6,number_without_unit
GSM3645907,age,6,number_without_unit
GSM3645908,age,6,number_without_unit
GSM3645909,age,6,number_without_unit
GSM3645910,age,6,number_without_unit
GSM3645911,age,6,number_without_unit
GSM3645912,age,6,number_without_unit
GSM3645913,age,6,number_without_unit
GSM3645914,age,6,number_without_unit
GSM3645915,age,6,number_without_unit
GSM3645916,age,6,number_without_unit
GSM3645917,age,6,number_without_unit
GSM3645918,age,6,number_without_unit
GSM3645919,age,6,number_without_unit
GSM3645920,age,6,number_without_unit
GSM3645921,age,6,number_without_unit
GSM3645922,age,6,number_without_unit
GSM3645923,age,6,number_without_unit
GSM3645924,age,6,number_without_unit
GSM3645925,age,6,number_without_unit
GSM3645926,age,6,number_without_unit
GSM3645927,age,6,number_without_unit
GSM3645928,age,6,number_without_unit
GSM3645929,age,6,number_without_unit
GSM3645930,age,6,number_without_unit
GSM3645931,age,6,number_without_unit
GSM3645932,age,6,number_without_unit
GSM3645933,age,6,number_without_unit
GSM3645934,age,6,number_without_unit
GSM3645935,age,6,number_without_unit
GSM3645936,age,6,number_without_unit
GSM3645937,age,6,number_without_unit
GSM3645938,age,6,number_without_unit
GSM3645939,age,6,number_without_unit
GSM3645940,age,6,number_without_unit
GSM3645941,age,6,number_without_unit
GSM3645942,age,6,number_without_unit
GSM3645943,age,6,number_without_unit
GSM3645944,age,6,number_without_unit
GSM3645945,age,6,number_without_unit
GSM3645946,age,6,number_without_unit
GSM3645947,age,6,number_without_unit
GSM3645948,age,6,number_without_unit
GSM3645949,age,6,number_without_unit
GSM3645950,age,6,number_without_unit
GSM3645951,age,6,number_without_unit
GSM3645952,age,6,number_without_unit
GSM3645953,age,6,number_without_unit
GSM3645954,age,6,number_without_unit
GSM3645955,age,6,number_without_unit
GSM3645956,age,6,number_without_unit
GSM3645957,age,6,number_without_unit
GSM3645958,age,6,number_without_unit
GSM3645959,age,6,number_without_unit
GSM3645960,age,6,number_without_unit
GSM3645961,age,6,number_without_unit
GSM3645962,age,6,number_without_unit
GSM3645963,age,6,number_without_unit
GSM3645964,age,6,number_without_unit
GSM3645965,age,6,number_without_unit
GSM3645966,age,6,number_without_unit
GSM3645967,age,6,number_without_unit
GSM3645968,age,6,number_without_unit
GSM3645969,age,6,number_without_unit
GSM3645970,age,6,number_without_unit
GSM3645971,age,6,number_without_unit
GSM3645972,age,6,number_without_unit
GSM3645973,age,6,number_without_unit
GSM3645974,age,6,number_without_unit
GSM3645975,age,6,number_without_unit
GSM3645976,age,6,number_without_unit
GSM3645977,age,6,number_without_unit
GSM3645978,age,6,number_without_unit
GSM3645979,age,6,number_without_unit
GSM3645980,age,6,number_without_unit
GSM3645981,age,6,number_without_unit
GSM3645982,age,6,number_without_unit
GSM3645983,age,6,number_without_unit
GSM3645984,age,6,number_without_unit
GSM3645985,age,6,number_without_unit
GSM3645986,age,6,number_without_unit
GSM3645987,age,6,number_without_unit
GSM3645988,age,6,number_without_unit
GSM3645989,age,6,number_without_unit
GSM3645990,age,6,number_without_unit
GSM3645991,age,6,number_without_unit
GSM3645992,age,6,number_without_unit
GSM3645993,age,6,number_without_unit
GSM3645994,age,6,number_without_unit
GSM3645995,age,6,number_without_unit
GSM3645996,age,6,number_without_unit
GSM3645997,age,6,number_without_unit
GSM3645998,age,6,number_without_unit
GSM3645999,age,6,number_without_unit
GSM3646000,age,6,number_without_unit
GSM3646001,age,6,number_without_unit
GSM3646002,age,6,number_without_unit
GSM3646003,age,6,number_without_unit
GSM3646004,age,6,number_without_unit
GSM3646005,age,6,number_without_unit
GSM3646006,age,6,number_without_unit
GSM3646007,age,6,number_without_unit
GSM3646008,age,6,number_without_unit
GSM3646009,age,6,number_without_unit
GSM3646010,age,6,number_without_unit
GSM3646011,age,6,number_without_unit
GSM3646012,age,6,number_without_unit
GSM3646013,age,6,number_without_unit
GSM3646014,age,6,number_without_unit
GSM3646015,age,6,number_without_unit
GSM3646016,age,6,number_without_unit
GSM3646017,age,6,number_without_unit
GSM3646018,age,6,number_without_unit
GSM3646019,age,6,number_without_unit
GSM3646020,age,6,number_without_unit
GSM3646021,age,6,number_without_unit
GSM3646022,age,6,number_without_unit
GSM3646023,age,6,number_without_unit
GSM3646024,age,6,number_without_unit
GSM3646025,age,6,number_without_unit
GSM3646026,age,6,number_without_unit
GSM3646027,age,6,number_without_unit
GSM3646028,age,6,number_without_unit
GSM3646029,age,6,number_without_unit
GSM3646030,age,6,number_without_unit
GSM3646031,age,6,number_without_unit
GSM3646032,age,6,number_without_unit
GSM3646033,age,6,number_without_unit
GSM3646034,age,6,number_without_unit
GSM3646035,age,6,number_without_unit
GSM3646036,age,6,number_without_unit
GSM3646037,age,6,number_without_unit
GSM3646038,age,6,number_without_unit
GSM3646039,age,6,number_without_unit
GSM3646040,age,6,number_without_unit
GSM3646041,age,6,number_without_unit
GSM3646042,age,6,number_without_unit
GSM3646043,age,6,number_without_unit
GSM3646044,age,6,number_without_unit
GSM3646045,age,6,number_without_unit
GSM3646046,age,6,number_without_unit
GSM3646047,age,6,number_without_unit
GSM3646048,age,6,number_without_unit
GSM3646049,age,6,number_without_unit
GSM3646050,age,6,number_without_unit
GSM3646051,age,6,number_without_unit
GSM3646052,age,6,number_without_unit
GSM3646053,age,6,number_without_unit
GSM3646054,age,6,number_without_unit
GSM3646055,age,6,number_without_unit
GSM3646056,age,6,number_without_unit
GSM3646057,age,6,number_without_unit
GSM3646058,age,6,number_without_unit
GSM3646059,age,6,number_without_unit
GSM3646060,age,6,number_without_unit
GSM3646061,age,6,number_without_unit
GSM3646062,age,6,number_without_unit
GSM3646063,age,6,number_without_unit
GSM3646064,age,6,number_without_unit
GSM3646065,age,6,number_without_unit
GSM3646066,age,6,number_without_unit
GSM3646067,age,6,number_without_unit
GSM3646068,age,6,number_without_unit
GSM3646069,age,6,number_without_unit
GSM3646070,age,6,number_without_unit
GSM3646071,age,6,number_without_unit
GSM3646072,age,6,number_without_unit
GSM3646073,age,6,number_without_unit
GSM3646074,age,6,number_without_unit
GSM3646075,age,6,number_without_unit
GSM3646076,age,6,number_without_unit
GSM3646077,age,6,number_without_unit
GSM3646078,age,6,number_without_unit
GSM3646079,age,6,number_without_unit
GSM3646080,age,6,number_without_unit
GSM3646081,age,6,number_without_unit
GSM3646082,age,6,number_without_unit
GSM3646083,age,6,number_without_unit
GSM3646084,age,6,number_without_unit
GSM3646085,age,6,number_without_unit
GSM3646086,age,6,number_without_unit
GSM3646087,age,6,number_without_unit
GSM3646088,age,6,number_without_unit
GSM3646089,age,6,number_without_unit
GSM3646090,age,6,number_without_unit
GSM3646091,age,6,number_without_unit
GSM3646092,age,6,number_without_unit
GSM3646093,age,6,number_without_unit
GSM3646094,age,6,number_without_unit
GSM3646095,age,6,number_without_unit
GSM3646096,age,6,number_without_unit
GSM3646097,age,6,number_without_unit
GSM3646098,age,6,number_without_unit
GSM3646099,age,6,number_without_unit
GSM3646100,age,6,number_without_unit
GSM3646101,age,6,number_without_unit
GSM3646102,age,6,number_without_unit
GSM3646103,age,6,number_without_unit
GSM3646104,age,6,number_without_unit
GSM3646105,age,6,number_without_unit
GSM3646106,age,6,number_without_unit
GSM3646107,age,6,number_without_unit
GSM3646108,age,6,number_without_unit
GSM3646109,age,6,number_without_unit
GSM3646110,age,6,number_without_unit
GSM3646111,age,6,number_without_unit
GSM3646112,age,6,number_without_unit
GSM3646113,age,6,number_without_unit
GSM3646114,age,6,number_without_unit
GSM3646115,age,6,number_without_unit
GSM3646116,age,6,number_without_unit
GSM3646117,age,6,number_without_unit
GSM3646118,age,6,number_without_unit
GSM3646119,age,6,number_without_unit
GSM3646120,age,6,number_without_unit
GSM3646121,age,6,number_without_unit
GSM3646122,age,6,number_without_unit
GSM3646123,age,6,number_without_unit
GSM3646124,age,6,number_without_unit
GSM3646125,age,6,number_without_unit
GSM3646126,age,6,number_without_unit
GSM3646127,age,6,number_without_unit
GSM3646128,age,6,number_without_unit
GSM3646129,age,6,number_without_unit
GSM3646130,age,6,number_without_unit
GSM3646131,age,6,number_without_unit
GSM3646132,age,6,number_without_unit
GSM3646133,age,6,number_without_unit
GSM3646134,age,6,number_without_unit
GSM3646135,age,6,number_without_unit
GSM3646136,age,6,number_without_unit
GSM3646137,age,6,number_without_unit
GSM3646138,age,6,number_without_unit
GSM3646139,age,6,number_without_unit
GSM3646140,age,6,number_without_unit
GSM3646141,age,6,number_without_unit
GSM3646142,age,6,number_without_unit
GSM3646143,age,6,number_without_unit
GSM3646144,age,6,number_without_unit
GSM3646145,age,6,number_without_unit
GSM3646146,age,6,number_without_unit
GSM3646147,age,6,number_without_unit
GSM3646148,age,6,number_without_unit
GSM3646149,age,6,number_without_unit
GSM3646150,age,6,number_without_unit
GSM3646151,age,6,number_without_unit
GSM3646152,age,6,number_without_unit
GSM3646153,age,6,number_without_unit
GSM3646154,age,6,number_without_unit
GSM3646155,age,6,number_without_unit
GSM3646156,age,6,number_without_unit
GSM3646157,age,6,number_without_unit
GSM3646158,age,6,number_without_unit
GSM3646159,age,6,number_without_unit
GSM3646160,age,6,number_without_unit
GSM3646161,age,6,number_without_unit
GSM3646162,age,6,number_without_unit
GSM3646163,age,6,number_without_unit
GSM3646164,age,6,number_without_unit
GSM3646165,age,6,number_without_unit
GSM3646166,age,6,number_without_unit
GSM3646167,age,6,number_without_unit
GSM3646168,age,6,number_without_unit
GSM3646169,age,6,number_without_unit
GSM3646170,age,6,number_without_unit
GSM3646171,age,6,number_without_unit
GSM3646172,age,6,number_without_unit
GSM3646173,age,6,number_without_unit
GSM3646174,age,6,number_without_unit
GSM3646175,age,6,number_without_unit
GSM3646176,age,6,number_without_unit
GSM3646177,age,6,number_without_unit
GSM3646178,age,6,number_without_unit
GSM3646179,age,6,number_without_unit
GSM3646180,age,6,number_without_unit
GSM3646181,age,6,number_without_unit
GSM3646182,age,6,number_without_unit
GSM3646183,age,6,number_without_unit
GSM3646184,age,6,number_without_unit
GSM3646185,age,6,number_without_unit
GSM3646186,age,6,number_without_unit
GSM3646187,age,6,number_without_unit
GSM3646188,age,6,number_without_unit
GSM3646189,age,6,number_without_unit
GSM3646190,age,6,number_without_unit
GSM3646191,age,6,number_without_unit
GSM3646192,age,6,number_without_unit
GSM3646193,age,6,number_without_unit
GSM3646194,age,6,number_without_unit
GSM3646195,age,6,number_without_unit
GSM3646196,age,6,number_without_unit
GSM3646197,age,6,number_without_unit
GSM3646198,age,6,number_without_unit
GSM3646199,age,6,number_without_unit
GSM3646200,age,6,number_without_unit
GSM3646201,age,6,number_without_unit
GSM3646202,age,6,number_without_unit
GSM3646203,age,6,number_without_unit
GSM3646204,age,6,number_without_unit
GSM3646205,age,6,number_without_unit
GSM3646206,age,6,number_without_unit
GSM3646207,age,6,number_without_unit
GSM3646208,age,6,number_without_unit
GSM3646209,age,6,number_without_unit
GSM3646210,age,6,number_without_unit
GSM3646211,age,6,number_without_unit
GSM3646212,age,6,number_without_unit
GSM3646213,age,6,number_without_unit
GSM3646214,age,6,number_without_unit
GSM3646215,age,6,number_without_unit
GSM3646216,age,6,number_without_unit
GSM3646217,age,6,number_without_unit
GSM3646218,age,6,number_without_unit
GSM3646219,age,6,number_without_unit
GSM3646220,age,6,number_without_unit
GSM3646221,age,6,number_without_unit
GSM3646222,age,6,number_without_unit
GSM3646223,age,6,number_without_unit
GSM3646224,age,6,number_without_unit
GSM3646225,age,6,number_without_unit
GSM3646226,age,6,number_without_unit
GSM3646227,age,6,number_without_unit
GSM3646228,age,6,number_without_unit
GSM3646229,age,6,number_without_unit
GSM3646230,age,6,number_without_unit
GSM3646231,age,6,number_without_unit
GSM3646232,age,6,number_without_unit
GSM3646233,age,6,number_without_unit
GSM3646234,age,6,number_without_unit
GSM3646235,age,6,number_without_unit
GSM3646236,age,6,number_without_unit
GSM3646237,age,6,number_without_unit
GSM3646238,age,6,number_without_unit
GSM3646239,age,6,number_without_unit
GSM3646240,age,6,number_without_unit
GSM3646241,age,6,number_without_unit
GSM3646242,age,6,number_without_unit
GSM3646243,age,6,number_without_unit
GSM3646244,age,6,number_without_unit
GSM3646245,age,6,number_without_unit
GSM3646246,age,6,number_without_unit
GSM3646247,age,6,number_without_unit
GSM3646248,age,6,number_without_unit
GSM3646249,age,6,number_without_unit
GSM3646250,age,6,number_without_unit
GSM3646251,age,6,number_without_unit
GSM3646252,age,6,number_without_unit
GSM3646253,age,6,number_without_unit
GSM3646254,age,6,number_without_unit
GSM3646255,age,6,number_without_unit
GSM3646256,age,6,number_without_unit
GSM3646257,age,6,number_without_unit
GSM3646258,age,6,number_without_unit
GSM3646259,age,6,number_without_unit
GSM3646260,age,6,number_without_unit
GSM3646261,age,6,number_without_unit
GSM3646262,age,6,number_without_unit
GSM3646263,age,6,number_without_unit
GSM3646264,age,6,number_without_unit
GSM3646265,age,6,number_without_unit
GSM3646266,age,6,number_without_unit
GSM3646267,age,6,number_without_unit
GSM3646268,age,6,number_without_unit
GSM3646269,age,6,number_without_unit
GSM3646270,age,6,number_without_unit
GSM3646271,age,6,number_without_unit
GSM3646272,age,6,number_without_unit
GSM3646273,age,6,number_without_unit
GSM3646274,age,6,number_without_unit
GSM3646275,age,6,number_without_unit
GSM3646276,age,6,number_without_unit
GSM3646277,age,6,number_without_unit
GSM3646278,age,6,number_without_unit
GSM3646279,age,6,number_without_unit
GSM3646280,age,6,number_without_unit
GSM3646281,age,6,number_without_unit
GSM3646282,age,6,number_without_unit
GSM3646283,age,6,number_without_unit
GSM3646284,age,6,number_without_unit
GSM3646285,age,6,number_without_unit
GSM3646286,age,6,number_without_unit
GSM3646287,age,6,number_without_unit
GSM3646288,age,6,number_without_unit
GSM3646289,age,6,number_without_unit
GSM3646290,age,6,number_without_unit
GSM3646291,age,6,number_without_unit
GSM3646292,age,6,number_without_unit
GSM3646293,age,6,number_without_unit
GSM3646294,age,6,number_without_unit
GSM3646295,age,6,number_without_unit
GSM3646296,age,6,number_without_unit
GSM3646297,age,6,number_without_unit
GSM3646298,age,6,number_without_unit
GSM3646299,age,6,number_without_unit
GSM3646300,age,6,number_without_unit
GSM3646301,age,6,number_without_unit
GSM3646302,age,6,number_without_unit
GSM3646303,age,6,number_without_unit
GSM3646304,age,6,number_without_unit
GSM3646305,age,6,number_without_unit
GSM3646306,age,6,number_without_unit
GSM3646307,age,6,number_without_unit
GSM3646308,age,6,number_without_unit
GSM3646309,age,6,number_without_unit
GSM3646310,age,6,number_without_unit
GSM3646311,age,6,number_without_unit
GSM3646312,age,6,number_without_unit
GSM3646313,age,6,number_without_unit
GSM3646314,age,6,number_without_unit
GSM3646315,age,6,number_without_unit
GSM3646316,age,6,number_without_unit
GSM3646317,age,6,number_without_unit
GSM3646318,age,6,number_without_unit
GSM3646319,age,6,number_without_unit
GSM3646320,age,6,number_without_unit
GSM3646321,age,6,number_without_unit
GSM3646322,age,6,number_without_unit
GSM3646323,age,6,number_without_unit
GSM3646324,age,6,number_without_unit
GSM3646325,age,6,number_without_unit
GSM3646326,age,6,number_without_unit
GSM3646327,age,6,number_without_unit
GSM3646328,age,6,number_without_unit
GSM3646329,age,6,number_without_unit
GSM3646330,age,6,number_without_unit
GSM3646331,age,6,number_without_unit
GSM3646332,age,6,number_without_unit
GSM3646333,age,6,number_without_unit
GSM3646334,age,6,number_without_unit
GSM3646335,age,6,number_without_unit
GSM3646336,age,6,number_without_unit
GSM3646337,age,6,number_without_unit
GSM3646338,age,6,number_without_unit
GSM3646339,age,6,number_without_unit
GSM3646340,age,6,number_without_unit
GSM3646341,age,6,number_without_unit
GSM3646342,age,6,number_without_unit
GSM3646343,age,6,number_without_unit
GSM3646344,age,6,number_without_unit
GSM3646345,age,6,number_without_unit
GSM3646346,age,6,number_without_unit
GSM3646347,age,6,number_without_unit
GSM3646348,age,6,number_without_unit
GSM3646349,age,6,number_without_unit
GSM3646350,age,6,number_without_unit
GSM3646351,age,6,number_without_unit
GSM3646352,age,6,number_without_unit
GSM3646353,age,6,number_without_unit
GSM3646354,age,6,number_without_unit
GSM3646355,age,6,number_without_unit
GSM3646356,age,6,number_without_unit
GSM3646357,age,6,number_without_unit
GSM3646358,age,6,number_without_unit
GSM3646359,age,6,number_without_unit
GSM3646360,age,6,number_without_unit
GSM3646361,age,6,number_without_unit
GSM3646362,age,6,number_without_unit
GSM3646363,age,6,number_without_unit
GSM3646364,age,6,number_without_unit
GSM3646365,age,6,number_without_unit
GSM3646366,age,6,number_without_unit
GSM3646367,age,6,number_without_unit
GSM3646368,age,6,number_without_unit
GSM3646369,age,6,number_without_unit
GSM3646370,age,6,number_without_unit
GSM3646371,age,6,number_without_unit
GSM3646372,age,6,number_without_unit
GSM3646373,age,6,number_without_unit
GSM3646374,age,6,number_without_unit
GSM3646375,age,6,number_without_unit
GSM3646376,age,6,number_without_unit
GSM3646377,age,6,number_without_unit
GSM3646378,age,6,number_without_unit
GSM3646379,age,6,number_without_unit
GSM3646380,age,6,number_without_unit
GSM3646381,age,6,number_without_unit
GSM3646382,age,6,number_without_unit
GSM3646383,age,6,number_without_unit
GSM3646384,age,6,number_without_unit
GSM3646385,age,6,number_without_unit
GSM3646386,age,6,number_without_unit
GSM3646387,age,6,number_without_unit
GSM3646388,age,6,number_without_unit
GSM3646389,age,6,number_without_unit
GSM3646390,age,6,number_without_unit
GSM3646391,age,6,number_without_unit
GSM3646392,age,6,number_without_unit
GSM3646393,age,6,number_without_unit
GSM3646394,age,6,number_without_unit
GSM3646395,age,6,number_without_unit
GSM3646396,age,6,number_without_unit
GSM3646397,age,6,number_without_unit
GSM3646398,age,6,number_without_unit
GSM3646399,age,6,number_without_unit
GSM3646400,age,6,number_without_unit
GSM3646401,age,6,number_without_unit
GSM3646402,age,6,number_without_unit
GSM3646403,age,6,number_without_unit
GSM3646404,age,6,number_without_unit
GSM3646405,age,6,number_without_unit
GSM3646406,age,6,number_without_unit
GSM3646407,age,6,number_without_unit
GSM3646408,age,6,number_without_unit
GSM3646409,age,6,number_without_unit
GSM3646410,age,6,number_without_unit
GSM3646411,age,6,number_without_unit
GSM3646412,age,6,number_without_unit
GSM3646413,age,6,number_without_unit
GSM3646414,age,6,number_without_unit
GSM3646415,age,6,number_without_unit
GSM3646416,age,6,number_without_unit
GSM3646417,age,6,number_without_unit
GSM3646418,age,6,number_without_unit
GSM3646419,age,6,number_without_unit
GSM3646420,age,6,number_without_unit
GSM3646421,age,6,number_without_unit
GSM3646422,age,6,number_without_unit
GSM3646423,age,6,number_without_unit
GSM3646424,age,6,number_without_unit
GSM3646425,age,6,number_without_unit
GSM3646426,age,6,number_without_unit
GSM3646427,age,6,number_without_unit
GSM3646428,age,6,number_without_unit
GSM3646429,age,6,number_without_unit
GSM3646430,age,6,number_without_unit
GSM3646431,age,6,number_without_unit
GSM3646432,age,6,number_without_unit
GSM3646433,age,6,number_without_unit
GSM3646434,age,6,number_without_unit
GSM3646435,age,6,number_without_unit
GSM3646436,age,6,number_without_unit
GSM3646437,age,6,number_without_unit
GSM3646438,age,6,number_without_unit
GSM3646439,age,6,number_without_unit
GSM3646440,age,6,number_without_unit
GSM3646441,age,6,number_without_unit
GSM3646442,age,6,number_without_unit
GSM3646443,age,6,number_without_unit
GSM3646444,age,6,number_without_unit
GSM3646445,age,6,number_without_unit
GSM3646446,age,6,number_without_unit
GSM3646447,age,6,number_without_unit
GSM3646448,age,6,number_without_unit
GSM3646449,age,6,number_without_unit
GSM3646450,age,6,number_without_unit
GSM3646451,age,6,number_without_unit
GSM3646452,age,6,number_without_unit
GSM3646453,age,6,number_without_unit
GSM3646454,age,6,number_without_unit
GSM3646455,age,6,number_without_unit
GSM3646456,age,6,number_without_unit
GSM3646457,age,6,number_without_unit
GSM3646458,age,6,number_without_unit
GSM3646459,age,6,number_without_unit
GSM3646460,age,6,number_without_unit
GSM3646461,age,6,number_without_unit
GSM3646462,age,6,number_without_unit
GSM3646463,age,6,number_without_unit
GSM3646464,age,6,number_without_unit
GSM3646465,age,6,number_without_unit
GSM3646466,age,6,number_without_unit
GSM3646467,age,6,number_without_unit
GSM3646468,age,6,number_without_unit
GSM3646469,age,6,number_without_unit
GSM3646470,age,6,number_without_unit
GSM3646471,age,6,number_without_unit
GSM3646472,age,6,number_without_unit
GSM3646473,age,6,number_without_unit
GSM3646474,age,6,number_without_unit
GSM3646475,age,6,number_without_unit
GSM3646476,age,6,number_without_unit
GSM3646477,age,6,number_without_unit
GSM3646478,age,6,number_without_unit
GSM3646479,age,6,number_without_unit
GSM3646480,age,6,number_without_unit
GSM3646481,age,6,number_without_unit
GSM3646482,age,6,number_without_unit
GSM3646483,age,6,number_without_unit
GSM3646484,age,6,number_without_unit
GSM3646485,age,6,number_without_unit
GSM3646486,age,6,number_without_unit
GSM3646487,age,6,number_without_unit
GSM3646488,age,6,number_without_unit
GSM3646489,age,6,number_without_unit
GSM3646490,age,6,number_without_unit
GSM3646491,age,6,number_without_unit
GSM3646492,age,6,number_without_unit
GSM3646493,age,6,number_without_unit
GSM3646494,age,6,number_without_unit
GSM3646495,age,6,number_without_unit
GSM3646496,age,6,number_without_unit
GSM3646497,age,6,number_without_unit
GSM3646498,age,6,number_without_unit
GSM3646499,age,6,number_without_unit
GSM3646500,age,6,number_without_unit
GSM3646501,age,6,number_without_unit
GSM3646502,age,6,number_without_unit
GSM3646503,age,6,number_without_unit
GSM3646504,age,6,number_without_unit
GSM3646505,age,6,number_without_unit
GSM3646506,age,6,number_without_unit
GSM3646507,age,6,number_without_unit
GSM3646508,age,6,number_without_unit
GSM3646509,age,6,number_without_unit
GSM3646510,age,6,number_without_unit
GSM3646511,age,6,number_without_unit
GSM3646512,age,6,number_without_unit
GSM3646513,age,6,number_without_unit
GSM3646514,age,6,number_without_unit
GSM3646515,age,6,number_without_unit
GSM3646516,age,6,number_without_unit
GSM3646517,age,6,number_without_unit
GSM3646518,age,6,number_without_unit
GSM3646519,age,6,number_without_unit
GSM3646520,age,6,number_without_unit
GSM3646521,age,6,number_without_unit
GSM3646522,age,6,number_without_unit
GSM3646523,age,6,number_without_unit
GSM3646524,age,6,number_without_unit
GSM3646525,age,6,number_without_unit
GSM3646526,age,6,number_without_unit
GSM3646527,age,6,number_without_unit
GSM3646528,age,6,number_without_unit
GSM3646529,age,6,number_without_unit
GSM3646530,age,6,number_without_unit
GSM3646531,age,6,number_without_unit
GSM3646532,age,6,number_without_unit
GSM3646533,age,6,number_without_unit
GSM3646534,age,6,number_without_unit
GSM3646535,age,6,number_without_unit
GSM3646536,age,6,number_without_unit
GSM3646537,age,6,number_without_unit
GSM3646538,age,6,number_without_unit
GSM3646539,age,6,number_without_unit
GSM3646540,age,6,number_without_unit
GSM3646541,age,6,number_without_unit
GSM3646542,age,6,number_without_unit
GSM3646543,age,6,number_without_unit
GSM3646544,age,6,number_without_unit
GSM3646545,age,6,number_without_unit
GSM3646546,age,6,number_without_unit
GSM3646547,age,6,number_without_unit
GSM3646548,age,6,number_without_unit
GSM3646549,age,6,number_without_unit
GSM3646550,age,6,number_without_unit
GSM3646551,age,6,number_without_unit
GSM3646552,age,6,number_without_unit
GSM3646553,age,6,number_without_unit
GSM3646554,age,6,number_without_unit
GSM3646555,age,6,number_without_unit
GSM3646556,age,6,number_without_unit
GSM3646557,age,6,number_without_unit
GSM3646558,age,6,number_without_unit
GSM3646559,age,6,number_without_unit
GSM3646560,age,6,number_without_unit
GSM3646561,age,6,number_without_unit
GSM3646562,age,6,number_without_unit
GSM3646563,age,6,number_without_unit
GSM3646564,age,6,number_without_unit
GSM3646565,age,6,number_without_unit
GSM3646566,age,6,number_without_unit
GSM3646567,age,6,number_without_unit
GSM3646568,age,6,number_without_unit
GSM3646569,age,6,number_without_unit
GSM3646570,age,6,number_without_unit
GSM3646571,age,6,number_without_unit
GSM3646572,age,6,number_without_unit
GSM3646573,age,6,number_without_unit
GSM3646574,age,6,number_without_unit
GSM3646575,age,6,number_without_unit
GSM3646576,age,6,number_without_unit
GSM3646577,age,6,number_without_unit
GSM3646578,age,6,number_without_unit
GSM3646579,age,6,number_without_unit
GSM3646580,age,6,number_without_unit
GSM3646581,age,6,number_without_unit
GSM3646582,age,6,number_without_unit
GSM3646583,age,6,number_without_unit
GSM3646584,age,6,number_without_unit
GSM3646585,age,6,number_without_unit
GSM3646586,age,6,number_without_unit
GSM3646587,age,6,number_without_unit
GSM3646588,age,6,number_without_unit
GSM3646589,age,6,number_without_unit
GSM3646590,age,6,number_without_unit
GSM3646591,age,6,number_without_unit
GSM3646592,age,6,number_without_unit
GSM3646593,age,6,number_without_unit
GSM3646594,age,6,number_without_unit
GSM3646595,age,6,number_without_unit
GSM3646596,age,6,number_without_unit
GSM3646597,age,6,number_without_unit
GSM3646598,age,6,number_without_unit
GSM3646599,age,6,number_without_unit
GSM3646600,age,6,number_without_unit
GSM3646601,age,6,number_without_unit
GSM3646602,age,6,number_without_unit
GSM3646603,age,6,number_without_unit
GSM3646604,age,6,number_without_unit
GSM3646605,age,6,number_without_unit
GSM3646606,age,6,number_without_unit
GSM3646607,age,6,number_without_unit
GSM3646608,age,6,number_without_unit
GSM3646609,age,6,number_without_unit
GSM3646610,age,6,number_without_unit
GSM3646611,age,6,number_without_unit
GSM3646612,age,6,number_without_unit
GSM3646613,age,6,number_without_unit
GSM3646614,age,6,number_without_unit
GSM3646615,age,6,number_without_unit
GSM3646616,age,6,number_without_unit
GSM3646617,age,6,number_without_unit
GSM3646618,age,6,number_without_unit
GSM3646619,age,6,number_without_unit
GSM3646620,age,6,number_without_unit
GSM3646621,age,6,number_without_unit
GSM3646622,age,6,number_without_unit
GSM3646623,age,6,number_without_unit
GSM3646624,age,6,number_without_unit
GSM3646625,age,6,number_without_unit
GSM3646626,age,6,number_without_unit
GSM3646627,age,6,number_without_unit
GSM3646628,age,6,number_without_unit
GSM3646629,age,6,number_without_unit
GSM3646630,age,6,number_without_unit
GSM3646631,age,6,number_without_unit
GSM3646632,age,6,number_without_unit
GSM3646633,age,6,number_without_unit
GSM3646634,age,6,number_without_unit
GSM3646635,age,6,number_without_unit
GSM3646636,age,6,number_without_unit
GSM3646637,age,6,number_without_unit
GSM3646638,age,6,number_without_unit
GSM3646639,age,6,number_without_unit
GSM3646640,age,6,number_without_unit
GSM3646641,age,6,number_without_unit
GSM3646642,age,6,number_without_unit
GSM3646643,age,6,number_without_unit
GSM3646644,age,6,number_without_unit
GSM3646645,age,6,number_without_unit
GSM3646646,age,6,number_without_unit
GSM3646647,age,6,number_without_unit
GSM3646648,age,6,number_without_unit
GSM3646649,age,6,number_without_unit
GSM3646650,age,6,number_without_unit
GSM3646651,age,6,number_without_unit
GSM3646652,age,6,number_without_unit
GSM3646653,age,6,number_without_unit
GSM3646654,age,6,number_without_unit
GSM3646655,age,6,number_without_unit
GSM3646656,age,6,number_without_unit
GSM3646657,age,6,number_without_unit
GSM3646658,age,6,number_without_unit
GSM3646659,age,6,number_without_unit
GSM3646660,age,6,number_without_unit
GSM3646661,age,6,number_without_unit
GSM3646662,age,6,number_without_unit
GSM3646663,age,6,number_without_unit
GSM3646664,age,6,number_without_unit
GSM3646665,age,6,number_without_unit
GSM3646666,age,6,number_without_unit
GSM3646667,age,6,number_without_unit
GSM3646668,age,6,number_without_unit
GSM3646669,age,6,number_without_unit
GSM3646670,age,6,number_without_unit
GSM3646671,age,6,number_without_unit
GSM3646672,age,6,number_without_unit
GSM3646673,age,6,number_without_unit
GSM3646674,age,6,number_without_unit
GSM3646675,age,6,number_without_unit
GSM3646676,age,6,number_without_unit
GSM3646677,age,6,number_without_unit
GSM3646678,age,6,number_without_unit
GSM3646679,age,6,number_without_unit
GSM3646680,age,6,number_without_unit
GSM3646681,age,6,number_without_unit
GSM3646682,age,6,number_without_unit
GSM3646683,age,6,number_without_unit
GSM3646684,age,6,number_without_unit
GSM3646685,age,6,number_without_unit
GSM3646686,age,6,number_without_unit
GSM3646687,age,6,number_without_unit
GSM3646688,age,6,number_without_unit
GSM3646689,age,6,number_without_unit
GSM3646690,age,6,number_without_unit
GSM3646691,age,6,number_without_unit
GSM3646692,age,6,number_without_unit
GSM3646693,age,6,number_without_unit
GSM3646694,age,6,number_without_unit
GSM3646695,age,6,number_without_unit
GSM3646696,age,6,number_without_unit
GSM3646697,age,6,number_without_unit
GSM3646698,age,6,number_without_unit
GSM3646699,age,6,number_without_unit
GSM3646700,age,6,number_without_unit
GSM3646701,age,6,number_without_unit
GSM3646702,age,6,number_without_unit
GSM3646703,age,6,number_without_unit
GSM3646704,age,6,number_without_unit
GSM3646705,age,6,number_without_unit
GSM3646706,age,6,number_without_unit
GSM3646707,age,6,number_without_unit
GSM3646708,age,6,number_without_unit
GSM3646709,age,6,number_without_unit
GSM3646710,age,6,number_without_unit
GSM3646711,age,6,number_without_unit
GSM3646712,age,6,number_without_unit
GSM3646713,age,6,number_without_unit
GSM3646714,age,6,number_without_unit
GSM3646715,age,6,number_without_unit
GSM3646716,age,6,number_without_unit
GSM3646717,age,6,number_without_unit
GSM3646718,age,6,number_without_unit
GSM3646719,age,6,number_without_unit
GSM3646720,age,6,number_without_unit
GSM3646721,age,6,number_without_unit
GSM3646722,age,6,number_without_unit
GSM3646723,age,6,number_without_unit
GSM3646724,age,6,number_without_unit
GSM3646725,age,6,number_without_unit
GSM3646726,age,6,number_without_unit
GSM3646727,age,6,number_without_unit
GSM3646728,age,6,number_without_unit
GSM3646729,age,6,number_without_unit
GSM3646730,age,6,number_without_unit
GSM3646731,age,6,number_without_unit
GSM3646732,age,6,number_without_unit
GSM3646733,age,6,number_without_unit
GSM3646734,age,6,number_without_unit
GSM3646735,age,6,number_without_unit
GSM3646736,age,6,number_without_unit
GSM3646737,age,6,number_without_unit
GSM3646738,age,6,number_without_unit
GSM3646739,age,6,number_without_unit
GSM3646740,age,6,number_without_unit
GSM3646741,age,6,number_without_unit
GSM3646742,age,6,number_without_unit
GSM3646743,age,6,number_without_unit
GSM3646744,age,6,number_without_unit
GSM3646745,age,6,number_without_unit
GSM3646746,age,6,number_without_unit
GSM3646747,age,6,number_without_unit
GSM3646748,age,6,number_without_unit
GSM3646749,age,6,number_without_unit
GSM3646750,age,6,number_without_unit
GSM3646751,age,6,number_without_unit
GSM3646752,age,6,number_without_unit
GSM3646753,age,6,number_without_unit
GSM3646754,age,6,number_without_unit
GSM3646755,age,6,number_without_unit
GSM3646756,age,6,number_without_unit
GSM3646757,age,6,number_without_unit
GSM3646758,age,6,number_without_unit
GSM3646759,age,6,number_without_unit
GSM3646760,age,6,number_without_unit
GSM3646761,age,6,number_without_unit
GSM3646762,age,6,number_without_unit
GSM3646763,age,6,number_without_unit
GSM3646764,age,6,number_without_unit
GSM3646765,age,6,number_without_unit
GSM3646766,age,6,number_without_unit
GSM3646767,age,6,number_without_unit
GSM3646768,age,6,number_without_unit
GSM3646769,age,6,number_without_unit
GSM3646770,age,6,number_without_unit
GSM3646771,age,6,number_without_unit
GSM3646772,age,6,number_without_unit
GSM3646773,age,6,number_without_unit
GSM3646774,age,6,number_without_unit
GSM3646775,age,6,number_without_unit
GSM3646776,age,6,number_without_unit
GSM3646777,age,6,number_without_unit
GSM3646778,age,6,number_without_unit
GSM3646779,age,6,number_without_unit
GSM3646780,age,6,number_without_unit
GSM3646781,age,6,number_without_unit
GSM3646782,age,6,number_without_unit
GSM3646783,age,6,number_without_unit
GSM3646784,age,6,number_without_unit
GSM3646785,age,6,number_without_unit
GSM3646786,age,6,number_without_unit
GSM3646787,age,6,number_without_unit
GSM3646788,age,6,number_without_unit
GSM3646789,age,6,number_without_unit
GSM3646790,age,6,number_without_unit
GSM3646791,age,6,number_without_unit
GSM3646792,age,6,number_without_unit
GSM3646793,age,6,number_without_unit
GSM3646794,age,6,number_without_unit
GSM3646795,age,6,number_without_unit
GSM3646796,age,6,number_without_unit
GSM3646797,age,6,number_without_unit
GSM3646798,age,6,number_without_unit
GSM3646799,age,6,number_without_unit
GSM3646800,age,6,number_without_unit
GSM3646801,age,6,number_without_unit
GSM3646802,age,6,number_without_unit
GSM3646803,age,6,number_without_unit
GSM3646804,age,6,number_without_unit
GSM3646805,age,6,number_without_unit
GSM3646806,age,6,number_without_unit
GSM3646807,age,6,number_without_unit
GSM3646808,age,6,number_without_unit
GSM3646809,age,6,number_without_unit
GSM3646810,age,6,number_without_unit
GSM3646811,age,6,number_without_unit
GSM3646812,age,6,number_without_unit
GSM3646813,age,6,number_without_unit
GSM3646814,age,6,number_without_unit
GSM3646815,age,6,number_without_unit
GSM3646816,age,6,number_without_unit
GSM3646817,age,6,number_without_unit
GSM3646818,age,6,number_without_unit
GSM3646819,age,6,number_without_unit
GSM3646820,age,6,number_without_unit
GSM3646821,age,6,number_without_unit
GSM3646822,age,6,number_without_unit
GSM3646823,age,6,number_without_unit
GSM3646824,age,6,number_without_unit
GSM3646825,age,6,number_without_unit
GSM3646826,age,6,number_without_unit
GSM3646827,age,6,number_without_unit
GSM3646828,age,6,number_without_unit
GSM3646829,age,6,number_without_unit
GSM3646830,age,6,number_without_unit
GSM3646831,age,6,number_without_unit
GSM3646832,age,6,number_without_unit
GSM3646833,age,6,number_without_unit
GSM3646834,age,6,number_without_unit
GSM3646835,age,6,number_without_unit
GSM3646836,age,6,number_without_unit
GSM3651463,age,6,number_without_unit
GSM3651464,age,6,number_without_unit
GSM3651465,age,6,number_without_unit
GSM3651466,age,6,number_without_unit
GSM3651467,age,6,number_without_unit
GSM3651468,age,6,number_without_unit
GSM3651469,age,6,number_without_unit
GSM3651470,age,6,number_without_unit
GSM3651471,age,6,number_without_unit
GSM3651472,age,6,number_without_unit
GSM3651473,age,6,number_without_unit
GSM3651474,age,6,number_without_unit
GSM3651475,age,6,number_without_unit
GSM3651476,age,6,number_without_unit
GSM3651477,age,6,number_without_unit
GSM3651478,age,6,number_without_unit
GSM3651479,age,6,number_without_unit
GSM3651480,age,6,number_without_unit
GSM3651481,age,6,number_without_unit
GSM3651482,age,6,number_without_unit
GSM3651483,age,6,number_without_unit
GSM3651484,age,6,number_without_unit
GSM3651485,age,6,number_without_unit
GSM3651486,age,6,number_without_unit
GSM3651487,age,6,number_without_unit
GSM3651488,age,6,number_without_unit
GSM3651489,age,6,number_without_unit
GSM3651490,age,6,number_without_unit
GSM3651491,age,6,number_without_unit
GSM3651492,age,6,number_without_unit
GSM3651493,age,6,number_without_unit
GSM3651494,age,6,number_without_unit
GSM3651495,age,6,number_without_unit
GSM3651496,age,6,number_without_unit
GSM3651497,age,6,number_without_unit
GSM3651498,age,6,number_without_unit
GSM3651499,age,6,number_without_unit
GSM3651500,age,6,number_without_unit
GSM3651501,age,6,number_without_unit
GSM3651502,age,6,number_without_unit
GSM3651503,age,6,number_without_unit
GSM3651504,age,6,number_without_unit
GSM3651505,age,6,number_without_unit
GSM3651506,age,6,number_without_unit
GSM3651507,age,6,number_without_unit
GSM3651508,age,6,number_without_unit
GSM3651509,age,6,number_without_unit
GSM3651510,age,6,number_without_unit
GSM3651511,age,6,number_without_unit
GSM3651512,age,6,number_without_unit
GSM3651513,age,6,number_without_unit
GSM3651514,age,6,number_without_unit
GSM3651515,age,6,number_without_unit
GSM3651516,age,6,number_without_unit
GSM3651517,age,6,number_without_unit
GSM3651518,age,6,number_without_unit
GSM3651519,age,6,number_without_unit
GSM3651520,age,6,number_without_unit
GSM3651521,age,6,number_without_unit
GSM3651522,age,6,number_without_unit
GSM3651523,age,6,number_without_unit
GSM3651524,age,6,number_without_unit
GSM3651525,age,6,number_without_unit
GSM3651526,age,6,number_without_unit
GSM3651527,age,6,number_without_unit
GSM3651528,age,6,number_without_unit
GSM3651529,age,6,number_without_unit
GSM3651530,age,6,number_without_unit
GSM3651531,age,6,number_without_unit
GSM3651532,age,6,number_without_unit
GSM3651533,age,6,number_without_unit
GSM3651534,age,6,number_without_unit
GSM3651535,age,6,number_without_unit
GSM3651536,age,6,number_without_unit
GSM3651537,age,6,number_without_unit
GSM3651538,age,6,number_without_unit
GSM3651539,age,6,number_without_unit
GSM3651540,age,6,number_without_unit
GSM3651541,age,6,number_without_unit
GSM3651542,age,6,number_without_unit
GSM3651543,age,6,number_without_unit
GSM3651544,age,6,number_without_unit
GSM3651545,age,6,number_without_unit
GSM3651546,age,6,number_without_unit
GSM3651547,age,6,number_without_unit
GSM3651548,age,6,number_without_unit
GSM3651549,age,6,number_without_unit
GSM3651550,age,6,number_without_unit
GSM3651551,age,6,number_without_unit
GSM3651552,age,6,number_without_unit
GSM3651553,age,6,number_without_unit
GSM3651554,age,6,number_without_unit
GSM3651555,age,6,number_without_unit
GSM3651556,age,6,number_without_unit
GSM3651557,age,6,number_without_unit
GSM3651558,age,6,number_without_unit
GSM3651559,age,6,number_without_unit
GSM3651560,age,6,number_without_unit
GSM3651561,age,6,number_without_unit
GSM3651562,age,6,number_without_unit
GSM3651563,age,6,number_without_unit
GSM3651564,age,6,number_without_unit
GSM3651565,age,6,number_without_unit
GSM3651566,age,6,number_without_unit
GSM3651567,age,6,number_without_unit
GSM3651568,age,6,number_without_unit
GSM3651569,age,6,number_without_unit
GSM3651570,age,6,number_without_unit
GSM3651571,age,6,number_without_unit
GSM3651572,age,6,number_without_unit
GSM3651573,age,6,number_without_unit
GSM3651574,age,6,number_without_unit
GSM3651575,age,6,number_without_unit
GSM3651576,age,6,number_without_unit
GSM3651577,age,6,number_without_unit
GSM3651578,age,6,number_without_unit
GSM3651579,age,6,number_without_unit
GSM3651580,age,6,number_without_unit
GSM3651581,age,6,number_without_unit
GSM3651582,age,6,number_without_unit
GSM3651583,age,6,number_without_unit
GSM3651584,age,6,number_without_unit
GSM3651585,age,6,number_without_unit
GSM3651586,age,6,number_without_unit
GSM3651587,age,6,number_without_unit
GSM3651588,age,6,number_without_unit
GSM3651589,age,6,number_without_unit
GSM3651590,age,6,number_without_unit
GSM3651591,age,6,number_without_unit
GSM3651592,age,6,number_without_unit
GSM3651593,age,6,number_without_unit
GSM3651594,age,6,number_without_unit
GSM3651595,age,6,number_without_unit
GSM3651596,age,6,number_without_unit
GSM3651597,age,6,number_without_unit
GSM3651598,age,6,number_without_unit
GSM3651599,age,6,number_without_unit
GSM3651600,age,6,number_without_unit
GSM3651601,age,6,number_without_unit
GSM3651602,age,6,number_without_unit
GSM3651603,age,6,number_without_unit
GSM3651604,age,6,number_without_unit
GSM3651605,age,6,number_without_unit
GSM3651606,age,6,number_without_unit
GSM3651607,age,6,number_without_unit
GSM3651608,age,6,number_without_unit
GSM3651609,age,6,number_without_unit
GSM3651610,age,6,number_without_unit
GSM3651611,age,6,number_without_unit
GSM3651612,age,6,number_without_unit
GSM3651613,age,6,number_without_unit
GSM3651614,age,6,number_without_unit
GSM3651615,age,6,number_without_unit
GSM3651616,age,6,number_without_unit
GSM3651617,age,6,number_without_unit
GSM3651618,age,6,number_without_unit
GSM3651619,age,6,number_without_unit
GSM3651620,age,6,number_without_unit
GSM3651621,age,6,number_without_unit
GSM3651622,age,6,number_without_unit
GSM3651623,age,6,number_without_unit
GSM3651624,age,6,number_without_unit
GSM3651625,age,6,number_without_unit
GSM3651626,age,6,number_without_unit
GSM3651627,age,6,number_without_unit
GSM3651628,age,6,number_without_unit
GSM3651629,age,6,number_without_unit
GSM3651630,age,6,number_without_unit
GSM3651631,age,6,number_without_unit
GSM3651632,age,6,number_without_unit
GSM3651633,age,6,number_without_unit
GSM3651634,age,6,number_without_unit
GSM3651635,age,6,number_without_unit
GSM3651636,age,6,number_without_unit
GSM3651637,age,6,number_without_unit
GSM3651638,age,6,number_without_unit
GSM3651639,age,6,number_without_unit
GSM3651640,age,6,number_without_unit
GSM3651641,age,6,number_without_unit
GSM3651642,age,6,number_without_unit
GSM3651643,age,6,number_without_unit
GSM3651644,age,6,number_without_unit
GSM3651645,age,6,number_without_unit
GSM3651646,age,6,number_without_unit
GSM3651647,age,6,number_without_unit
GSM3651648,age,6,number_without_unit
GSM3651649,age,6,number_without_unit
GSM3651650,age,6,number_without_unit
GSM3651651,age,6,number_without_unit
GSM3651652,age,6,number_without_unit
GSM3651653,age,6,number_without_unit
GSM3651654,age,6,number_without_unit
GSM3651655,age,6,number_without_unit
GSM3651656,age,6,number_without_unit
GSM3651657,age,6,number_without_unit
GSM3651658,age,6,number_without_unit
GSM3651659,age,6,number_without_unit
GSM3651660,age,6,number_without_unit
GSM3651661,age,6,number_without_unit
GSM3651662,age,6,number_without_unit
GSM3651663,age,6,number_without_unit
GSM3651664,age,6,number_without_unit
GSM3651665,age,6,number_without_unit
GSM3651666,age,6,number_without_unit
GSM3651667,age,6,number_without_unit
GSM3651668,age,6,number_without_unit
GSM3651669,age,6,number_without_unit
GSM3651670,age,6,number_without_unit
GSM3651671,age,6,number_without_unit
GSM3651672,age,6,number_without_unit
GSM3651673,age,6,number_without_unit
GSM3651674,age,6,number_without_unit
GSM3651675,age,6,number_without_unit
GSM3651676,age,6,number_without_unit
GSM3651677,age,6,number_without_unit
GSM3651678,age,6,number_without_unit
GSM3651679,age,6,number_without_unit
GSM3651680,age,6,number_without_unit
GSM3651681,age,6,number_without_unit
GSM3651682,age,6,number_without_unit
GSM3651683,age,6,number_without_unit
GSM3651684,age,6,number_without_unit
GSM3651685,age,6,number_without_unit
GSM3651686,age,6,number_without_unit
GSM3651687,age,6,number_without_unit
GSM3651688,age,6,number_without_unit
GSM3651689,age,6,number_without_unit
GSM3651690,age,6,number_without_unit
GSM3651691,age,6,number_without_unit
GSM3651692,age,6,number_without_unit
GSM3651693,age,6,number_without_unit
GSM3651694,age,6,number_without_unit
GSM3651695,age,6,number_without_unit
GSM3651696,age,6,number_without_unit
GSM3651697,age,6,number_without_unit
GSM3651698,age,6,number_without_unit
GSM3651699,age,6,number_without_unit
GSM3651700,age,6,number_without_unit
GSM3651701,age,6,number_without_unit
GSM3651702,age,6,number_without_unit
GSM3651703,age,6,number_without_unit
GSM3651704,age,6,number_without_unit
GSM3651705,age,6,number_without_unit
GSM3651706,age,6,number_without_unit
GSM3651707,age,6,number_without_unit
GSM3651708,age,6,number_without_unit
GSM3651709,age,6,number_without_unit
GSM3651710,age,6,number_without_unit
GSM3651711,age,6,number_without_unit
GSM3651712,age,6,number_without_unit
GSM3651713,age,6,number_without_unit
GSM3651714,age,6,number_without_unit
GSM3651715,age,6,number_without_unit
GSM3651716,age,6,number_without_unit
GSM3651717,age,6,number_without_unit
GSM3651718,age,6,number_without_unit
GSM3651719,age,6,number_without_unit
GSM3651720,age,6,number_without_unit
GSM3651721,age,6,number_without_unit
GSM3651722,age,6,number_without_unit
GSM3651723,age,6,number_without_unit
GSM3651724,age,6,number_without_unit
GSM3651725,age,6,number_without_unit
GSM3651726,age,6,number_without_unit
GSM3651727,age,6,number_without_unit
GSM3651728,age,6,number_without_unit
GSM3651729,age,6,number_without_unit
GSM3651730,age,6,number_without_unit
GSM3651731,age,6,number_without_unit
GSM3651732,age,6,number_without_unit
GSM3651733,age,6,number_without_unit
GSM3651734,age,6,number_without_unit
GSM3651735,age,6,number_without_unit
GSM3651736,age,6,number_without_unit
GSM3651737,age,6,number_without_unit
GSM3651738,age,6,number_without_unit
GSM3651739,age,6,number_without_unit
GSM3651740,age,6,number_without_unit
GSM3651741,age,6,number_without_unit
GSM3651742,age,6,number_without_unit
GSM3651743,age,6,number_without_unit
GSM3651744,age,6,number_without_unit
GSM3651745,age,6,number_without_unit
GSM3651746,age,6,number_without_unit
GSM3651747,age,6,number_without_unit
GSM3651748,age,6,number_without_unit
GSM3651749,age,6,number_without_unit
GSM3651750,age,6,number_without_unit
GSM3651751,age,6,number_without_unit
GSM3651752,age,6,number_without_unit
GSM3651753,age,6,number_without_unit
GSM3651754,age,6,number_without_unit
GSM3651755,age,6,number_without_unit
GSM3651756,age,6,number_without_unit
GSM3651757,age,6,number_without_unit
GSM3651758,age,6,number_without_unit
GSM3651759,age,6,number_without_unit
GSM3651760,age,6,number_without_unit
GSM3651761,age,6,number_without_unit
GSM3651762,age,6,number_without_unit
GSM3651763,age,6,number_without_unit
GSM3651764,age,6,number_without_unit
GSM3651765,age,6,number_without_unit
GSM3651766,age,6,number_without_unit
GSM3651767,age,6,number_without_unit
GSM3651768,age,6,number_without_unit
GSM3651769,age,6,number_without_unit
GSM3651770,age,6,number_without_unit
GSM3651771,age,6,number_without_unit
GSM3651772,age,6,number_without_unit
GSM3651773,age,6,number_without_unit
GSM3651774,age,6,number_without_unit
GSM3651775,age,6,number_without_unit
GSM3651776,age,6,number_without_unit
GSM3651777,age,6,number_without_unit
GSM3651778,age,6,number_without_unit
GSM3651779,age,6,number_without_unit
GSM3651780,age,6,number_without_unit
GSM3651781,age,6,number_without_unit
GSM3651782,age,6,number_without_unit
GSM3651783,age,6,number_without_unit
GSM3651784,age,6,number_without_unit
GSM3651785,age,6,number_without_unit
GSM3651786,age,6,number_without_unit
GSM3651787,age,6,number_without_unit
GSM3651788,age,6,number_without_unit
GSM3651789,age,6,number_without_unit
GSM3651790,age,6,number_without_unit
GSM3651791,age,6,number_without_unit
GSM3651792,age,6,number_without_unit
GSM3651793,age,6,number_without_unit
GSM3651794,age,6,number_without_unit
GSM3651795,age,6,number_without_unit
GSM3651796,age,6,number_without_unit
GSM3651797,age,6,number_without_unit
GSM3651798,age,6,number_without_unit
GSM3651799,age,6,number_without_unit
GSM3651800,age,6,number_without_unit
GSM3651801,age,6,number_without_unit
GSM3651802,age,6,number_without_unit
GSM3651803,age,6,number_without_unit
GSM3651804,age,6,number_without_unit
GSM3651805,age,6,number_without_unit
GSM3651806,age,6,number_without_unit
GSM3651807,age,6,number_without_unit
GSM3651808,age,6,number_without_unit
GSM3651809,age,6,number_without_unit
GSM3651810,age,6,number_without_unit
GSM3651811,age,6,number_without_unit
GSM3651812,age,6,number_without_unit
GSM3651813,age,6,number_without_unit
GSM3651814,age,6,number_without_unit
GSM3651815,age,6,number_without_unit
GSM3651816,age,6,number_without_unit
GSM3651817,age,6,number_without_unit
GSM3651818,age,6,number_without_unit
GSM3651819,age,6,number_without_unit
GSM3651820,age,6,number_without_unit
GSM3651821,age,6,number_without_unit
GSM3651822,age,6,number_without_unit
GSM3651823,age,6,number_without_unit
GSM3651824,age,6,number_without_unit
GSM3651825,age,6,number_without_unit
GSM3651826,age,6,number_without_unit
GSM3651827,age,6,number_without_unit
GSM3651828,age,6,number_without_unit
GSM3651829,age,6,number_without_unit
GSM3651830,age,6,number_without_unit
GSM3651831,age,6,number_without_unit
GSM3651832,age,6,number_without_unit
GSM3651833,age,6,number_without_unit
GSM3651834,age,6,number_without_unit
GSM3651835,age,6,number_without_unit
GSM3651836,age,6,number_without_unit
GSM3651837,age,6,number_without_unit
GSM3651838,age,6,number_without_unit
GSM3651839,age,6,number_without_unit
GSM3651840,age,6,number_without_unit
GSM3651841,age,6,number_without_unit
GSM3651842,age,6,number_without_unit
GSM3651843,age,6,number_without_unit
GSM3651844,age,6,number_without_unit
GSM3651845,age,6,number_without_unit
GSM3651846,age,6,number_without_unit
GSM3651847,age,6,number_without_unit
GSM3651848,age,6,number_without_unit
GSM3651849,age,6,number_without_unit
GSM3651850,age,6,number_without_unit
GSM3651851,age,6,number_without_unit
GSM3651852,age,6,number_without_unit
GSM3651853,age,6,number_without_unit
GSM3651854,age,6,number_without_unit
GSM3651855,age,6,number_without_unit
GSM3651856,age,6,number_without_unit
GSM3651857,age,6,number_without_unit
GSM3651858,age,6,number_without_unit
GSM3651859,age,6,number_without_unit
GSM3651860,age,6,number_without_unit
GSM3651861,age,6,number_without_unit
GSM3651862,age,6,number_without_unit
GSM3651863,age,6,number_without_unit
GSM3651864,age,6,number_without_unit
GSM3651865,age,6,number_without_unit
GSM3651866,age,6,number_without_unit
GSM3651867,age,6,number_without_unit
GSM3651868,age,6,number_without_unit
GSM3651869,age,6,number_without_unit
GSM3651870,age,6,number_without_unit
GSM3651871,age,6,number_without_unit
GSM3651872,age,6,number_without_unit
GSM3651873,age,6,number_without_unit
GSM3651874,age,6,number_without_unit
GSM3651875,age,6,number_without_unit
GSM3651876,age,6,number_without_unit
GSM3651877,age,6,number_without_unit
GSM3651878,age,6,number_without_unit
GSM3651879,age,6,number_without_unit
GSM3651880,age,6,number_without_unit
GSM3651881,age,6,number_without_unit
GSM3651882,age,6,number_without_unit
GSM3651883,age,6,number_without_unit
GSM3651884,age,6,number_without_unit
GSM3651885,age,6,number_without_unit
GSM3651886,age,6,number_without_unit
GSM3651887,age,6,number_without_unit
GSM3651888,age,6,number_without_unit
GSM3651889,age,6,number_without_unit
GSM3651890,age,6,number_without_unit
GSM3651891,age,6,number_without_unit
GSM3651892,age,6,number_without_unit
GSM3651893,age,6,number_without_unit
GSM3651894,age,6,number_without_unit
GSM3651895,age,6,number_without_unit
GSM3651896,age,6,number_without_unit
GSM3651897,age,6,number_without_unit
GSM3651898,age,6,number_without_unit
GSM3651899,age,6,number_without_unit
GSM3651900,age,6,number_without_unit
GSM3651901,age,6,number_without_unit
GSM3651902,age,6,number_without_unit
GSM3651903,age,6,number_without_unit
GSM3651904,age,6,number_without_unit
GSM3651905,age,6,number_without_unit
GSM3651906,age,6,number_without_unit
GSM3651907,age,6,number_without_unit
GSM3651908,age,6,number_without_unit
GSM3651909,age,6,number_without_unit
GSM3651910,age,6,number_without_unit
GSM3651911,age,6,number_without_unit
GSM3651912,age,6,number_without_unit
GSM3651913,age,6,number_without_unit
GSM3651914,age,6,number_without_unit
GSM3651915,age,6,number_without_unit
GSM3651916,age,6,number_without_unit
GSM3651917,age,6,number_without_unit
GSM3651918,age,6,number_without_unit
GSM3651919,age,6,number_without_unit
GSM3651920,age,6,number_without_unit
GSM3651921,age,6,number_without_unit
GSM3651922,age,6,number_without_unit
GSM3651923,age,6,number_without_unit
GSM3651924,age,6,number_without_unit
GSM3651925,age,6,number_without_unit
GSM3651926,age,6,number_without_unit
GSM3651927,age,6,number_without_unit
GSM3651928,age,6,number_without_unit
GSM3651929,age,6,number_without_unit
GSM3651930,age,6,number_without_unit
GSM3651931,age,6,number_without_unit
GSM3651932,age,6,number_without_unit
GSM3651933,age,6,number_without_unit
GSM3651934,age,6,number_without_unit
GSM3651935,age,6,number_without_unit
GSM3651936,age,6,number_without_unit
GSM3651937,age,6,number_without_unit
GSM3651938,age,6,number_without_unit
GSM3651939,age,6,number_without_unit
GSM3651940,age,6,number_without_unit
GSM3651941,age,6,number_without_unit
GSM3651942,age,6,number_without_unit
GSM3651943,age,6,number_without_unit
GSM3651944,age,6,number_without_unit
GSM3651945,age,6,number_without_unit
GSM3651946,age,6,number_without_unit
GSM3651947,age,6,number_without_unit
GSM3651948,age,6,number_without_unit
GSM3651949,age,6,number_without_unit
GSM3651950,age,6,number_without_unit
GSM3651951,age,6,number_without_unit
GSM3651952,age,6,number_without_unit
GSM3651953,age,6,number_without_unit
GSM3651954,age,6,number_without_unit
GSM3651955,age,6,number_without_unit
GSM3651956,age,6,number_without_unit
GSM3651957,age,6,number_without_unit
GSM3651958,age,6,number_without_unit
GSM3651959,age,6,number_without_unit
GSM3651960,age,6,number_without_unit
GSM3651961,age,6,number_without_unit
GSM3651962,age,6,number_without_unit
GSM3651963,age,6,number_without_unit
GSM3651964,age,6,number_without_unit
GSM3651965,age,6,number_without_unit
GSM3651966,age,6,number_without_unit
GSM3651967,age,6,number_without_unit
GSM3651968,age,6,number_without_unit
GSM3651969,age,6,number_without_unit
GSM3651970,age,6,number_without_unit
GSM3651971,age,6,number_without_unit
GSM3651972,age,6,number_without_unit
GSM3651973,age,6,number_without_unit
GSM3651974,age,6,number_without_unit
GSM3651975,age,6,number_without_unit
GSM3651976,age,6,number_without_unit
GSM3651977,age,6,number_without_unit
GSM3651978,age,6,number_without_unit
GSM3651979,age,6,number_without_unit
GSM3651980,age,6,number_without_unit
GSM3651981,age,6,number_without_unit
GSM3651982,age,6,number_without_unit
GSM3651983,age,6,number_without_unit
GSM3651984,age,6,number_without_unit
GSM3651985,age,6,number_without_unit
GSM3651986,age,6,number_without_unit
GSM3651987,age,6,number_without_unit
GSM3651988,age,6,number_without_unit
GSM3651989,age,6,number_without_unit
GSM3651990,age,6,number_without_unit
GSM3651991,age,6,number_without_unit
GSM3651992,age,6,number_without_unit
GSM3651993,age,6,number_without_unit
GSM3651994,age,6,number_without_unit
GSM3651995,age,6,number_without_unit
GSM3651996,age,6,number_without_unit
GSM3651997,age,6,number_without_unit
GSM3651998,age,6,number_without_unit
GSM3651999,age,6,number_without_unit
GSM3652000,age,6,number_without_unit
GSM3652001,age,6,number_without_unit
GSM3652002,age,6,number_without_unit
GSM3652003,age,6,number_without_unit
GSM3652004,age,6,number_without_unit
GSM3652005,age,6,number_without_unit
GSM3652006,age,6,number_without_unit
GSM3652007,age,6,number_without_unit
GSM3652008,age,6,number_without_unit
GSM3652009,age,6,number_without_unit
GSM3652010,age,6,number_without_unit
GSM3652011,age,6,number_without_unit
GSM3652012,age,6,number_without_unit
GSM3652013,age,6,number_without_unit
GSM3652014,age,6,number_without_unit
GSM3652015,age,6,number_without_unit
GSM3652016,age,6,number_without_unit
GSM3652017,age,6,number_without_unit
GSM3652018,age,6,number_without_unit
GSM3652019,age,6,number_without_unit
GSM3652020,age,6,number_without_unit
GSM3652021,age,6,number_without_unit
GSM3652022,age,6,number_without_unit
GSM3652023,age,6,number_without_unit
GSM3652024,age,6,number_without_unit
GSM3652025,age,6,number_without_unit
GSM3652026,age,6,number_without_unit
GSM3652027,age,6,number_without_unit
GSM3652028,age,6,number_without_unit
GSM3652029,age,6,number_without_unit
GSM3652030,age,6,number_without_unit
GSM3652031,age,6,number_without_unit
GSM3652032,age,6,number_without_unit
GSM3652033,age,6,number_without_unit
GSM3652034,age,6,number_without_unit
GSM3652035,age,6,number_without_unit
GSM3652036,age,6,number_without_unit
GSM3652037,age,6,number_without_unit
GSM3652038,age,6,number_without_unit
GSM3652039,age,6,number_without_unit
GSM3652040,age,6,number_without_unit
GSM3652041,age,6,number_without_unit
GSM3652042,age,6,number_without_unit
GSM3652043,age,6,number_without_unit
GSM3652044,age,6,number_without_unit
GSM3652045,age,6,number_without_unit
GSM3652046,age,6,number_without_unit
GSM3652047,age,6,number_without_unit
GSM3652048,age,6,number_without_unit
GSM3652049,age,6,number_without_unit
GSM3652050,age,6,number_without_unit
GSM3652051,age,6,number_without_unit
GSM3652052,age,6,number_without_unit
GSM3652053,age,6,number_without_unit
GSM3652054,age,6,number_without_unit
GSM3652055,age,6,number_without_unit
GSM3652056,age,6,number_without_unit
GSM3652057,age,6,number_without_unit
GSM3652058,age,6,number_without_unit
GSM3652059,age,6,number_without_unit
GSM3652060,age,6,number_without_unit
GSM3652061,age,6,number_without_unit
GSM3652062,age,6,number_without_unit
GSM3652063,age,6,number_without_unit
GSM3652064,age,6,number_without_unit
GSM3652065,age,6,number_without_unit
GSM3652066,age,6,number_without_unit
GSM3652067,age,6,number_without_unit
GSM3652068,age,6,number_without_unit
GSM3652069,age,6,number_without_unit
GSM3652070,age,6,number_without_unit
GSM3652071,age,6,number_without_unit
GSM3652072,age,6,number_without_unit
GSM3652073,age,6,number_without_unit
GSM3652074,age,6,number_without_unit
GSM3652075,age,6,number_without_unit
GSM3652076,age,6,number_without_unit
GSM3652077,age,6,number_without_unit
GSM3652078,age,6,number_without_unit
GSM3652079,age,6,number_without_unit
GSM3652080,age,6,number_without_unit
GSM3652081,age,6,number_without_unit
GSM3652082,age,6,number_without_unit
GSM3652083,age,6,number_without_unit
GSM3652084,age,6,number_without_unit
GSM3652085,age,6,number_without_unit
GSM3652086,age,6,number_without_unit
GSM3652087,age,6,number_without_unit
GSM3652088,age,6,number_without_unit
GSM3652089,age,6,number_without_unit
GSM3652090,age,6,number_without_unit
GSM3652091,age,6,number_without_unit
GSM3652092,age,6,number_without_unit
GSM3652093,age,6,number_without_unit
GSM3652094,age,6,number_without_unit
GSM3652095,age,6,number_without_unit
GSM3652096,age,6,number_without_unit
GSM3652097,age,6,number_without_unit
GSM3652098,age,6,number_without_unit
GSM3652099,age,6,number_without_unit
GSM3652100,age,6,number_without_unit
GSM3652101,age,6,number_without_unit
GSM3652102,age,6,number_without_unit
GSM3652103,age,6,number_without_unit
GSM3652104,age,6,number_without_unit
GSM3652105,age,6,number_without_unit
GSM3652106,age,6,number_without_unit
GSM3652107,age,6,number_without_unit
GSM3652108,age,6,number_without_unit
GSM3652109,age,6,number_without_unit
GSM3652110,age,6,number_without_unit
GSM3652111,age,6,number_without_unit
GSM3652112,age,6,number_without_unit
GSM3652113,age,6,number_without_unit
GSM3652114,age,6,number_without_unit
GSM3652115,age,6,number_without_unit
GSM3652116,age,6,number_without_unit
GSM3652117,age,6,number_without_unit
GSM3652118,age,6,number_without_unit
GSM3652119,age,6,number_without_unit
GSM3652120,age,6,number_without_unit
GSM3652121,age,6,number_without_unit
GSM3652122,age,6,number_without_unit
GSM3652123,age,6,number_without_unit
GSM3652124,age,6,number_without_unit
GSM3652125,age,6,number_without_unit
GSM3652126,age,6,number_without_unit
GSM3652127,age,6,number_without_unit
GSM3652128,age,6,number_without_unit
GSM3652129,age,6,number_without_unit
GSM3652130,age,6,number_without_unit
GSM3652131,age,6,number_without_unit
GSM3652132,age,6,number_without_unit
GSM3652133,age,6,number_without_unit
GSM3652134,age,6,number_without_unit
GSM3652135,age,6,number_without_unit
GSM3652136,age,6,number_without_unit
GSM3652137,age,6,number_without_unit
GSM3652138,age,6,number_without_unit
GSM3652139,age,6,number_without_unit
GSM3652140,age,6,number_without_unit
GSM3652141,age,6,number_without_unit
GSM3652142,age,6,number_without_unit
GSM3652143,age,6,number_without_unit
GSM3652144,age,6,number_without_unit
GSM3652145,age,6,number_without_unit
GSM3652146,age,6,number_without_unit
GSM3652147,age,6,number_without_unit
GSM3652148,age,6,number_without_unit
GSM3652149,age,6,number_without_unit
GSM3652150,age,6,number_without_unit
GSM3652151,age,6,number_without_unit
GSM3652152,age,6,number_without_unit
GSM3652153,age,6,number_without_unit
GSM3652154,age,6,number_without_unit
GSM3652155,age,6,number_without_unit
GSM3652156,age,6,number_without_unit
GSM3652157,age,6,number_without_unit
GSM3652158,age,6,number_without_unit
GSM3652159,age,6,number_without_unit
GSM3652160,age,6,number_without_unit
GSM3652161,age,6,number_without_unit
GSM3652162,age,6,number_without_unit
GSM3652163,age,6,number_without_unit
GSM3652164,age,6,number_without_unit
GSM3652165,age,6,number_without_unit
GSM3652166,age,6,number_without_unit
GSM3652167,age,6,number_without_unit
GSM3652168,age,6,number_without_unit
GSM3652169,age,6,number_without_unit
GSM3652170,age,6,number_without_unit
GSM3652171,age,6,number_without_unit
GSM3652172,age,6,number_without_unit
GSM3652173,age,6,number_without_unit
GSM3652174,age,6,number_without_unit
GSM3652175,age,6,number_without_unit
GSM3652176,age,6,number_without_unit
GSM3652177,age,6,number_without_unit
GSM3652178,age,6,number_without_unit
GSM3652179,age,6,number_without_unit
GSM3652180,age,6,number_without_unit
GSM3652181,age,6,number_without_unit
GSM3652182,age,6,number_without_unit
GSM3652183,age,6,number_without_unit
GSM3652184,age,6,number_without_unit
GSM3652185,age,6,number_without_unit
GSM3652186,age,6,number_without_unit
GSM3652187,age,6,number_without_unit
GSM3652188,age,6,number_without_unit
GSM3652189,age,6,number_without_unit
GSM3652190,age,6,number_without_unit
GSM3652191,age,6,number_without_unit
GSM3652192,age,6,number_without_unit
GSM3652193,age,6,number_without_unit
GSM3652194,age,6,number_without_unit
GSM3652195,age,6,number_without_unit
GSM3652196,age,6,number_without_unit
GSM3652197,age,6,number_without_unit
GSM3652198,age,6,number_without_unit
GSM3652199,age,6,number_without_unit
GSM3652200,age,6,number_without_unit
GSM3652201,age,6,number_without_unit
GSM3652202,age,6,number_without_unit
GSM3652203,age,6,number_without_unit
GSM3652204,age,6,number_without_unit
GSM3652205,age,6,number_without_unit
GSM3652206,age,6,number_without_unit
GSM3652207,age,6,number_without_unit
GSM3652208,age,6,number_without_unit
GSM3652209,age,6,number_without_unit
GSM3652210,age,6,number_without_unit
GSM3652211,age,6,number_without_unit
GSM3652212,age,6,number_without_unit
GSM3652213,age,6,number_without_unit
GSM3652214,age,6,number_without_unit
GSM3652215,age,6,number_without_unit
GSM3652216,age,6,number_without_unit
GSM3652217,age,6,number_without_unit
GSM3652218,age,6,number_without_unit
GSM3652219,age,6,number_without_unit
GSM3652220,age,6,number_without_unit
GSM3652221,age,6,number_without_unit
GSM3652222,age,6,number_without_unit
GSM3652223,age,6,number_without_unit
GSM3652224,age,6,number_without_unit
GSM3652225,age,6,number_without_unit
GSM3652226,age,6,number_without_unit
GSM3652227,age,6,number_without_unit
GSM3652228,age,6,number_without_unit
GSM3652229,age,6,number_without_unit
GSM3652230,age,6,number_without_unit
GSM3652231,age,6,number_without_unit
GSM3652232,age,6,number_without_unit
GSM3652233,age,6,number_without_unit
GSM3652234,age,6,number_without_unit
GSM3652235,age,6,number_without_unit
GSM3652236,age,6,number_without_unit
GSM3652237,age,6,number_without_unit
GSM3652238,age,6,number_without_unit
GSM3652239,age,6,number_without_unit
GSM3652240,age,6,number_without_unit
GSM3652241,age,6,number_without_unit
GSM3652242,age,6,number_without_unit
GSM3652243,age,6,number_without_unit
GSM3652244,age,6,number_without_unit
GSM3652245,age,6,number_without_unit
GSM3652246,age,6,number_without_unit
GSM3652247,age,6,number_without_unit
GSM3652248,age,6,number_without_unit
GSM3652249,age,6,number_without_unit
GSM3652250,age,6,number_without_unit
GSM3652251,age,6,number_without_unit
GSM3652252,age,6,number_without_unit
GSM3652253,age,6,number_without_unit
GSM3652254,age,6,number_without_unit
GSM3652255,age,6,number_without_unit
GSM3652256,age,6,number_without_unit
GSM3652257,age,6,number_without_unit
GSM3652258,age,6,number_without_unit
GSM3652259,age,6,number_without_unit
GSM3652260,age,6,number_without_unit
GSM3652261,age,6,number_without_unit
GSM3652262,age,6,number_without_unit
GSM3652263,age,6,number_without_unit
GSM3652264,age,6,number_without_unit
GSM3652265,age,6,number_without_unit
GSM3652266,age,6,number_without_unit
GSM3652267,age,6,number_without_unit
GSM3652268,age,6,number_without_unit
GSM3652269,age,6,number_without_unit
GSM3652270,age,6,number_without_unit
GSM3652271,age,6,number_without_unit
GSM3652272,age,6,number_without_unit
GSM3652273,age,6,number_without_unit
GSM3652274,age,6,number_without_unit
GSM3652275,age,6,number_without_unit
GSM3652276,age,6,number_without_unit
GSM3652277,age,6,number_without_unit
GSM3652278,age,6,number_without_unit
GSM3652279,age,6,number_without_unit
GSM3652280,age,6,number_without_unit
GSM3652281,age,6,number_without_unit
GSM3652282,age,6,number_without_unit
GSM3652283,age,6,number_without_unit
GSM3652284,age,6,number_without_unit
GSM3652285,age,6,number_without_unit
GSM3652286,age,6,number_without_unit
GSM3652287,age,6,number_without_unit
GSM3652288,age,6,number_without_unit
GSM3652289,age,6,number_without_unit
GSM3652290,age,6,number_without_unit
GSM3652291,age,6,number_without_unit
GSM3652292,age,6,number_without_unit
GSM3652293,age,6,number_without_unit
GSM3652294,age,6,number_without_unit
GSM3652295,age,6,number_without_unit
GSM3652296,age,6,number_without_unit
GSM3652297,age,6,number_without_unit
GSM3652298,age,6,number_without_unit
GSM3652299,age,6,number_without_unit
GSM3652300,age,6,number_without_unit
GSM3652301,age,6,number_without_unit
GSM3652302,age,6,number_without_unit
GSM3652303,age,6,number_without_unit
GSM3652304,age,6,number_without_unit
GSM3652305,age,6,number_without_unit
GSM3652306,age,6,number_without_unit
GSM3652307,age,6,number_without_unit
GSM3652308,age,6,number_without_unit
GSM3652309,age,6,number_without_unit
GSM3652310,age,6,number_without_unit
GSM3652311,age,6,number_without_unit
GSM3652312,age,6,number_without_unit
GSM3652313,age,6,number_without_unit
GSM3652314,age,6,number_without_unit
GSM3652315,age,6,number_without_unit
GSM3652316,age,6,number_without_unit
GSM3652317,age,6,number_without_unit
GSM3652318,age,6,number_without_unit
GSM3652319,age,6,number_without_unit
GSM3652320,age,6,number_without_unit
GSM3652321,age,6,number_without_unit
GSM3652322,age,6,number_without_unit
GSM3652323,age,6,number_without_unit
GSM3652324,age,6,number_without_unit
GSM3652325,age,6,number_without_unit
GSM3652326,age,6,number_without_unit
GSM3652327,age,6,number_without_unit
GSM3652328,age,6,number_without_unit
GSM3652329,age,6,number_without_unit
GSM3652330,age,6,number_without_unit
GSM3652331,age,6,number_without_unit
GSM3652332,age,6,number_without_unit
GSM3652333,age,6,number_without_unit
GSM3652334,age,6,number_without_unit
GSM3652335,age,6,number_without_unit
GSM3652336,age,6,number_without_unit
GSM3652337,age,6,number_without_unit
GSM3652338,age,6,number_without_unit
GSM3652339,age,6,number_without_unit
GSM3652340,age,6,number_without_unit
GSM3652341,age,6,number_without_unit
GSM3652342,age,6,number_without_unit
GSM3652343,age,6,number_without_unit
GSM3652344,age,6,number_without_unit
GSM3652345,age,6,number_without_unit
GSM3652346,age,6,number_without_unit
GSM3652347,age,6,number_without_unit
GSM3652348,age,6,number_without_unit
GSM3652349,age,6,number_without_unit
GSM3652350,age,6,number_without_unit
GSM3652351,age,6,number_without_unit
GSM3652352,age,6,number_without_unit
GSM3652353,age,6,number_without_unit
GSM3652354,age,6,number_without_unit
GSM3652355,age,6,number_without_unit
GSM3652356,age,6,number_without_unit
GSM3652357,age,6,number_without_unit
GSM3652358,age,6,number_without_unit
GSM3652359,age,6,number_without_unit
GSM3652360,age,6,number_without_unit
GSM3652361,age,6,number_without_unit
GSM3652362,age,6,number_without_unit
GSM3652363,age,6,number_without_unit
GSM3652364,age,6,number_without_unit
GSM3652365,age,6,number_without_unit
GSM3652366,age,6,number_without_unit
GSM3652367,age,6,number_without_unit
GSM3652368,age,6,number_without_unit
GSM3652369,age,6,number_without_unit
GSM3652370,age,6,number_without_unit
GSM3652371,age,6,number_without_unit
GSM3652372,age,6,number_without_unit
GSM3652373,age,6,number_without_unit
GSM3652374,age,6,number_without_unit
GSM3652375,age,6,number_without_unit
GSM3652376,age,6,number_without_unit
GSM3652377,age,6,number_without_unit
GSM3652378,age,6,number_without_unit
GSM3652379,age,6,number_without_unit
GSM3652380,age,6,number_without_unit
GSM3652381,age,6,number_without_unit
GSM3652382,age,6,number_without_unit
GSM3652383,age,6,number_without_unit
GSM3652384,age,6,number_without_unit
GSM3652385,age,6,number_without_unit
GSM3652386,age,6,number_without_unit
GSM3652387,age,6,number_without_unit
GSM3652388,age,6,number_without_unit
GSM3652389,age,6,number_without_unit
GSM3652390,age,6,number_without_unit
GSM3652391,age,6,number_without_unit
GSM3652392,age,6,number_without_unit
GSM3652393,age,6,number_without_unit
GSM3652394,age,6,number_without_unit
GSM3652395,age,6,number_without_unit
GSM3652396,age,6,number_without_unit
GSM3652397,age,6,number_without_unit
GSM3652398,age,6,number_without_unit
GSM3652399,age,6,number_without_unit
GSM3652400,age,6,number_without_unit
GSM3652401,age,6,number_without_unit
GSM3652402,age,6,number_without_unit
GSM3652403,age,6,number_without_unit
GSM3652404,age,6,number_without_unit
GSM3652405,age,6,number_without_unit
GSM3652406,age,6,number_without_unit
GSM3652407,age,6,number_without_unit
GSM3652408,age,6,number_without_unit
GSM3652409,age,6,number_without_unit
GSM3652410,age,6,number_without_unit
GSM3652411,age,6,number_without_unit
GSM3652412,age,6,number_without_unit
GSM3652413,age,6,number_without_unit
GSM3652414,age,6,number_without_unit
GSM3652415,age,6,number_without_unit
GSM3652416,age,6,number_without_unit
GSM3652417,age,6,number_without_unit
GSM3652418,age,6,number_without_unit
GSM3652419,age,6,number_without_unit
GSM3652420,age,6,number_without_unit
GSM3652421,age,6,number_without_unit
GSM3652422,age,6,number_without_unit
GSM3652423,age,6,number_without_unit
GSM3652424,age,6,number_without_unit
GSM3652425,age,6,number_without_unit
GSM3652426,age,6,number_without_unit
GSM3652427,age,6,number_without_unit
GSM3652428,age,6,number_without_unit
GSM3652429,age,6,number_without_unit
GSM3652430,age,6,number_without_unit
GSM3652431,age,6,number_without_unit
GSM3652432,age,6,number_without_unit
GSM3652433,age,6,number_without_unit
GSM3652434,age,6,number_without_unit
GSM3652435,age,6,number_without_unit
GSM3652436,age,6,number_without_unit
GSM3652437,age,6,number_without_unit
GSM3652438,age,6,number_without_unit
GSM3652439,age,6,number_without_unit
GSM3652440,age,6,number_without_unit
GSM3652441,age,6,number_without_unit
GSM3652442,age,6,number_without_unit
GSM3652443,age,6,number_without_unit
GSM3652444,age,6,number_without_unit
GSM3652445,age,6,number_without_unit
GSM3652446,age,6,number_without_unit
GSM3652447,age,6,number_without_unit
GSM3652448,age,6,number_without_unit
GSM3652449,age,6,number_without_unit
GSM3652450,age,6,number_without_unit
GSM3652451,age,6,number_without_unit
GSM3652452,age,6,number_without_unit
GSM3652453,age,6,number_without_unit
GSM3652454,age,6,number_without_unit
GSM3652455,age,6,number_without_unit
GSM3652456,age,6,number_without_unit
GSM3652457,age,6,number_without_unit
GSM3652458,age,6,number_without_unit
GSM3652459,age,6,number_without_unit
GSM3652460,age,6,number_without_unit
GSM3652461,age,6,number_without_unit
GSM3652462,age,6,number_without_unit
GSM3652463,age,6,number_without_unit
GSM3652464,age,6,number_without_unit
GSM3652465,age,6,number_without_unit
GSM3652466,age,6,number_without_unit
GSM3652467,age,6,number_without_unit
GSM3652468,age,6,number_without_unit
GSM3652469,age,6,number_without_unit
GSM3652470,age,6,number_without_unit
GSM3652471,age,6,number_without_unit
GSM3652472,age,6,number_without_unit
GSM3652473,age,6,number_without_unit
GSM3652474,age,6,number_without_unit
GSM3652475,age,6,number_without_unit
GSM3652476,age,6,number_without_unit
GSM3652477,age,6,number_without_unit
GSM3652478,age,6,number_without_unit
GSM3652479,age,6,number_without_unit
GSM3652480,age,6,number_without_unit
GSM3652481,age,6,number_without_unit
GSM3652482,age,6,number_without_unit
GSM3652483,age,6,number_without_unit
GSM3652484,age,6,number_without_unit
GSM3652485,age,6,number_without_unit
GSM3652486,age,6,number_without_unit
GSM3652487,age,6,number_without_unit
GSM3652488,age,6,number_without_unit
GSM3652489,age,6,number_without_unit
GSM3652490,age,6,number_without_unit
GSM3652491,age,6,number_without_unit
GSM3652492,age,6,number_without_unit
GSM3652493,age,6,number_without_unit
GSM3652494,age,6,number_without_unit
GSM3652495,age,6,number_without_unit
GSM3652496,age,6,number_without_unit
GSM3652497,age,6,number_without_unit
GSM3652498,age,6,number_without_unit
GSM3652499,age,6,number_without_unit
GSM3652500,age,6,number_without_unit
GSM3652501,age,6,number_without_unit
GSM3652502,age,6,number_without_unit
GSM3652503,age,6,number_without_unit
GSM3652504,age,6,number_without_unit
GSM3652505,age,6,number_without_unit
GSM3652506,age,6,number_without_unit
GSM3652507,age,6,number_without_unit
GSM3652508,age,6,number_without_unit
GSM3652509,age,6,number_without_unit
GSM3652510,age,6,number_without_unit
GSM3652511,age,6,number_without_unit
GSM3652512,age,6,number_without_unit
GSM3652513,age,6,number_without_unit
GSM3652514,age,6,number_without_unit
GSM3652515,age,6,number_without_unit
GSM3652516,age,6,number_without_unit
GSM3652517,age,6,number_without_unit
GSM3652518,age,6,number_without_unit
GSM3652519,age,6,number_without_unit
GSM3652520,age,6,number_without_unit
GSM3652521,age,6,number_without_unit
GSM3652522,age,6,number_without_unit
GSM3652523,age,6,number_without_unit
GSM3652524,age,6,number_without_unit
GSM3652525,age,6,number_without_unit
GSM3652526,age,6,number_without_unit
GSM3652527,age,6,number_without_unit
GSM3652528,age,6,number_without_unit
GSM3652529,age,6,number_without_unit
GSM3652530,age,6,number_without_unit
GSM3652531,age,6,number_without_unit
GSM3652532,age,6,number_without_unit
GSM3652533,age,6,number_without_unit
GSM3652534,age,6,number_without_unit
GSM3652535,age,6,number_without_unit
GSM3652536,age,6,number_without_unit
GSM3652537,age,6,number_without_unit
GSM3652538,age,6,number_without_unit
GSM3652539,age,6,number_without_unit
GSM3652540,age,6,number_without_unit
GSM3652541,age,6,number_without_unit
GSM3652542,age,6,number_without_unit
GSM3652543,age,6,number_without_unit
GSM3652544,age,6,number_without_unit
GSM3652545,age,6,number_without_unit
GSM3652546,age,6,number_without_unit
GSM3652547,age,6,number_without_unit
GSM3652548,age,6,number_without_unit
GSM3652549,age,6,number_without_unit
GSM3652550,age,6,number_without_unit
GSM3652551,age,6,number_without_unit
GSM3652552,age,6,number_without_unit
GSM3652553,age,6,number_without_unit
GSM3652554,age,6,number_without_unit
GSM3652555,age,6,number_without_unit
GSM3652556,age,6,number_without_unit
GSM3652557,age,6,number_without_unit
GSM3652558,age,6,number_without_unit
GSM3652559,age,6,number_without_unit
GSM3652560,age,6,number_without_unit
GSM3652561,age,6,number_without_unit
GSM3652562,age,6,number_without_unit
GSM3652563,age,6,number_without_unit
GSM3652564,age,6,number_without_unit
GSM3652565,age,6,number_without_unit
GSM3652566,age,6,number_without_unit
GSM3652567,age,6,number_without_unit
GSM3652568,age,6,number_without_unit
GSM3652569,age,6,number_without_unit
GSM3652570,age,6,number_without_unit
GSM3652571,age,6,number_without_unit
GSM3652572,age,6,number_without_unit
GSM3652573,age,6,number_without_unit
GSM3652574,age,6,number_without_unit
GSM3652575,age,6,number_without_unit
GSM3652576,age,6,number_without_unit
GSM3652577,age,6,number_without_unit
GSM3652578,age,6,number_without_unit
GSM3652579,age,6,number_without_unit
GSM3652580,age,6,number_without_unit
GSM3652581,age,6,number_without_unit
GSM3652582,age,6,number_without_unit
GSM3652583,age,6,number_without_unit
GSM3652584,age,6,number_without_unit
GSM3652585,age,6,number_without_unit
GSM3652586,age,6,number_without_unit
GSM3652587,age,6,number_without_unit
GSM3652588,age,6,number_without_unit
GSM3652589,age,6,number_without_unit
GSM3652590,age,6,number_without_unit
GSM3652591,age,6,number_without_unit
GSM3652592,age,6,number_without_unit
GSM3652593,age,6,number_without_unit
GSM3652594,age,6,number_without_unit
GSM3652595,age,6,number_without_unit
GSM3652596,age,6,number_without_unit
GSM3652597,age,6,number_without_unit
GSM3652598,age,6,number_without_unit
GSM3652599,age,6,number_without_unit
GSM3652600,age,6,number_without_unit
GSM3652601,age,6,number_without_unit
GSM3652602,age,6,number_without_unit
GSM3652603,age,6,number_without_unit
GSM3652604,age,6,number_without_unit
GSM3652605,age,6,number_without_unit
GSM3652606,age,6,number_without_unit
GSM3652607,age,6,number_without_unit
GSM3652608,age,6,number_without_unit
GSM3652609,age,6,number_without_unit
GSM3652610,age,6,number_without_unit
GSM3652611,age,6,number_without_unit
GSM3652612,age,6,number_without_unit
GSM3652613,age,6,number_without_unit
GSM3652614,age,6,number_without_unit
GSM3652615,age,6,number_without_unit
GSM3652616,age,6,number_without_unit
GSM3652617,age,6,number_without_unit
GSM3652618,age,6,number_without_unit
GSM3652619,age,6,number_without_unit
GSM3652620,age,6,number_without_unit
GSM3652621,age,6,number_without_unit
GSM3652622,age,6,number_without_unit
GSM3652623,age,6,number_without_unit
GSM3652624,age,6,number_without_unit
GSM3652625,age,6,number_without_unit
GSM3652626,age,6,number_without_unit
GSM3652627,age,6,number_without_unit
GSM3652628,age,6,number_without_unit
GSM3652629,age,6,number_without_unit
GSM3652630,age,6,number_without_unit
GSM3652631,age,6,number_without_unit
GSM3652632,age,6,number_without_unit
GSM3652633,age,6,number_without_unit
GSM3652634,age,6,number_without_unit
GSM3652635,age,6,number_without_unit
GSM3652636,age,6,number_without_unit
GSM3652637,age,6,number_without_unit
GSM3652638,age,6,number_without_unit
GSM3652639,age,6,number_without_unit
GSM3652640,age,6,number_without_unit
GSM3652641,age,6,number_without_unit
GSM3652642,age,6,number_without_unit
GSM3652643,age,6,number_without_unit
GSM3652644,age,6,number_without_unit
GSM3652645,age,6,number_without_unit
GSM3652646,age,6,number_without_unit
GSM3652647,age,6,number_without_unit
GSM3652648,age,6,number_without_unit
GSM3652649,age,6,number_without_unit
GSM3652650,age,6,number_without_unit
GSM3652651,age,6,number_without_unit
GSM3652652,age,6,number_without_unit
GSM3652653,age,6,number_without_unit
GSM3652654,age,6,number_without_unit
GSM3652655,age,6,number_without_unit
GSM3652656,age,6,number_without_unit
GSM3652657,age,6,number_without_unit
GSM3652658,age,6,number_without_unit
GSM3652659,age,6,number_without_unit
GSM3652660,age,6,number_without_unit
GSM3652661,age,6,number_without_unit
GSM3652662,age,6,number_without_unit
GSM3652663,age,6,number_without_unit
GSM3652664,age,6,number_without_unit
GSM3652665,age,6,number_without_unit
GSM3652666,age,6,number_without_unit
GSM3652667,age,6,number_without_unit
GSM3652668,age,6,number_without_unit
GSM3652669,age,6,number_without_unit
GSM3652670,age,6,number_without_unit
GSM3652671,age,6,number_without_unit
GSM3652672,age,6,number_without_unit
GSM3652673,age,6,number_without_unit
GSM3652674,age,6,number_without_unit
GSM3652675,age,6,number_without_unit
GSM3652676,age,6,number_without_unit
GSM3652677,age,6,number_without_unit
GSM3652678,age,6,number_without_unit
GSM3652679,age,6,number_without_unit
GSM3652680,age,6,number_without_unit
GSM3652681,age,6,number_without_unit
GSM3652682,age,6,number_without_unit
GSM3652683,age,6,number_without_unit
GSM3652684,age,6,number_without_unit
GSM3652685,age,6,number_without_unit
GSM3652686,age,6,number_without_unit
GSM3652687,age,6,number_without_unit
GSM3652688,age,6,number_without_unit
GSM3652689,age,6,number_without_unit
GSM3652690,age,6,number_without_unit
GSM3652691,age,6,number_without_unit
GSM3652692,age,6,number_without_unit
GSM3652693,age,6,number_without_unit
GSM3652694,age,6,number_without_unit
GSM3652695,age,6,number_without_unit
GSM3652696,age,6,number_without_unit
GSM3652697,age,6,number_without_unit
GSM3652698,age,6,number_without_unit
GSM3652699,age,6,number_without_unit
GSM3652700,age,6,number_without_unit
GSM3652701,age,6,number_without_unit
GSM3652702,age,6,number_without_unit
GSM3652703,age,6,number_without_unit
GSM3652704,age,6,number_without_unit
GSM3652705,age,6,number_without_unit
GSM3652706,age,6,number_without_unit
GSM3652707,age,6,number_without_unit
GSM3652708,age,6,number_without_unit
GSM3652709,age,6,number_without_unit
GSM3652710,age,6,number_without_unit
GSM3652711,age,6,number_without_unit
GSM3652712,age,6,number_without_unit
GSM3652713,age,6,number_without_unit
GSM3652714,age,6,number_without_unit
GSM3652715,age,6,number_without_unit
GSM3652716,age,6,number_without_unit
GSM3652717,age,6,number_without_unit
GSM3652718,age,6,number_without_unit
GSM3652719,age,6,number_without_unit
GSM3652720,age,6,number_without_unit
GSM3652721,age,6,number_without_unit
GSM3652722,age,6,number_without_unit
GSM3652723,age,6,number_without_unit
GSM3652724,age,6,number_without_unit
GSM3652725,age,6,number_without_unit
GSM3652726,age,6,number_without_unit
GSM3652727,age,6,number_without_unit
GSM3652728,age,6,number_without_unit
GSM3652729,age,6,number_without_unit
GSM3652730,age,6,number_without_unit
GSM3652731,age,6,number_without_unit
GSM3652732,age,6,number_without_unit
GSM3652733,age,6,number_without_unit
GSM3652734,age,6,number_without_unit
GSM3652735,age,6,number_without_unit
GSM3652736,age,6,number_without_unit
GSM3652737,age,6,number_without_unit
GSM3652738,age,6,number_without_unit
GSM3652739,age,6,number_without_unit
GSM3652740,age,6,number_without_unit
GSM3652741,age,6,number_without_unit
GSM3652742,age,6,number_without_unit
GSM3652743,age,6,number_without_unit
GSM3652744,age,6,number_without_unit
GSM3652745,age,6,number_without_unit
GSM3652746,age,6,number_without_unit
GSM3652747,age,6,number_without_unit
GSM3652748,age,6,number_without_unit
GSM3652749,age,6,number_without_unit
GSM3652750,age,6,number_without_unit
GSM3652751,age,6,number_without_unit
GSM3652752,age,6,number_without_unit
GSM3652753,age,6,number_without_unit
GSM3652754,age,6,number_without_unit
GSM3652755,age,6,number_without_unit
GSM3652756,age,6,number_without_unit
GSM3652757,age,6,number_without_unit
GSM3652758,age,6,number_without_unit
GSM3652759,age,6,number_without_unit
GSM3652760,age,6,number_without_unit
GSM3652761,age,6,number_without_unit
GSM3652762,age,6,number_without_unit
GSM3652763,age,6,number_without_unit
GSM3652764,age,6,number_without_unit
GSM3652765,age,6,number_without_unit
GSM3652766,age,6,number_without_unit
GSM3652767,age,6,number_without_unit
GSM3652768,age,6,number_without_unit
GSM3652769,age,6,number_without_unit
GSM3652770,age,6,number_without_unit
GSM3652771,age,6,number_without_unit
GSM3652772,age,6,number_without_unit
GSM3652773,age,6,number_without_unit
GSM3652774,age,6,number_without_unit
GSM3652775,age,6,number_without_unit
GSM3652776,age,6,number_without_unit
GSM3652777,age,6,number_without_unit
GSM3652778,age,6,number_without_unit
GSM3652779,age,6,number_without_unit
GSM3652780,age,6,number_without_unit
GSM3652781,age,6,number_without_unit
GSM3652782,age,6,number_without_unit
GSM3652783,age,6,number_without_unit
GSM3652784,age,6,number_without_unit
GSM3652785,age,6,number_without_unit
GSM3652786,age,6,number_without_unit
GSM3652787,age,6,number_without_unit
GSM3652788,age,6,number_without_unit
GSM3652789,age,6,number_without_unit
GSM3652790,age,6,number_without_unit
GSM3652791,age,6,number_without_unit
GSM3652792,age,6,number_without_unit
GSM3652793,age,6,number_without_unit
GSM3652794,age,6,number_without_unit
GSM3652795,age,6,number_without_unit
GSM3652796,age,6,number_without_unit
GSM3652797,age,6,number_without_unit
GSM3652798,age,6,number_without_unit
GSM3652799,age,6,number_without_unit
GSM3652800,age,6,number_without_unit
GSM3652801,age,6,number_without_unit
GSM3652802,age,6,number_without_unit
GSM3652803,age,6,number_without_unit
GSM3652804,age,6,number_without_unit
GSM3652805,age,6,number_without_unit
GSM3652806,age,6,number_without_unit
GSM3652807,age,6,number_without_unit
GSM3652808,age,6,number_without_unit
GSM3652809,age,6,number_without_unit
GSM3652810,age,6,number_without_unit
GSM3652811,age,6,number_without_unit
GSM3652812,age,6,number_without_unit
GSM3652813,age,6,number_without_unit
GSM3652814,age,6,number_without_unit
GSM3652815,age,6,number_without_unit
GSM3652816,age,6,number_without_unit
GSM3652817,age,6,number_without_unit
GSM3652818,age,6,number_without_unit
GSM3652819,age,6,number_without_unit
GSM3652820,age,6,number_without_unit
GSM3652821,age,6,number_without_unit
GSM3652822,age,6,number_without_unit
GSM3652823,age,6,number_without_unit
GSM3652824,age,6,number_without_unit
GSM3652825,age,6,number_without_unit
GSM3652826,age,6,number_without_unit
GSM3652827,age,6,number_without_unit
GSM3652828,age,6,number_without_unit
GSM3652829,age,6,number_without_unit
GSM3652830,age,6,number_without_unit
GSM3652831,age,6,number_without_unit
GSM3652832,age,6,number_without_unit
GSM3652833,age,6,number_without_unit
GSM3652834,age,6,number_without_unit
GSM3652835,age,6,number_without_unit
GSM3652836,age,6,number_without_unit
GSM3652837,age,6,number_without_unit
GSM3652838,age,6,number_without_unit
GSM3652839,age,6,number_without_unit
GSM3652840,age,6,number_without_unit
GSM3652841,age,6,number_without_unit
GSM3652842,age,6,number_without_unit
GSM3652843,age,6,number_without_unit
GSM3652844,age,6,number_without_unit
GSM3652845,age,6,number_without_unit
GSM3652846,age,6,number_without_unit
GSM3652847,age,6,number_without_unit
GSM3652848,age,6,number_without_unit
GSM3652849,age,6,number_without_unit
GSM3652850,age,6,number_without_unit
GSM3652851,age,6,number_without_unit
GSM3652852,age,6,number_without_unit
GSM3652853,age,6,number_without_unit
GSM3652854,age,6,number_without_unit
GSM3652855,age,6,number_without_unit
GSM3652856,age,6,number_without_unit
GSM3652857,age,6,number_without_unit
GSM3652858,age,6,number_without_unit
GSM3652859,age,6,number_without_unit
GSM3652860,age,6,number_without_unit
GSM3652861,age,6,number_without_unit
GSM3652862,age,6,number_without_unit
GSM3652863,age,6,number_without_unit
GSM3652864,age,6,number_without_unit
GSM3652865,age,6,number_without_unit
GSM3652866,age,6,number_without_unit
GSM3652867,age,6,number_without_unit
GSM3652868,age,6,number_without_unit
GSM3652869,age,6,number_without_unit
GSM3652870,age,6,number_without_unit
GSM3652871,age,6,number_without_unit
GSM3652872,age,6,number_without_unit
GSM3652873,age,6,number_without_unit
GSM3652874,age,6,number_without_unit
GSM3652875,age,6,number_without_unit
GSM3652876,age,6,number_without_unit
GSM3652877,age,6,number_without_unit
GSM3652878,age,6,number_without_unit
GSM3652879,age,6,number_without_unit
GSM3652880,age,6,number_without_unit
GSM3652881,age,6,number_without_unit
GSM3652882,age,6,number_without_unit
GSM3652883,age,6,number_without_unit
GSM3652884,age,6,number_without_unit
GSM3652885,age,6,number_without_unit
GSM3652886,age,6,number_without_unit
GSM3652887,age,6,number_without_unit
GSM3652888,age,6,number_without_unit
GSM3652889,age,6,number_without_unit
GSM3652890,age,6,number_without_unit
GSM3652891,age,6,number_without_unit
GSM3652892,age,6,number_without_unit
GSM3652893,age,6,number_without_unit
GSM3652894,age,6,number_without_unit
GSM3652895,age,6,number_without_unit
GSM3652896,age,6,number_without_unit
GSM3652897,age,6,number_without_unit
GSM3652898,age,6,number_without_unit
GSM3652899,age,6,number_without_unit
GSM3652900,age,6,number_without_unit
GSM3652901,age,6,number_without_unit
GSM3652902,age,6,number_without_unit
GSM3652903,age,6,number_without_unit
GSM3652904,age,6,number_without_unit
GSM3652905,age,6,number_without_unit
GSM3652906,age,6,number_without_unit
GSM3652907,age,6,number_without_unit
GSM3652908,age,6,number_without_unit
GSM3652909,age,6,number_without_unit
GSM3652910,age,6,number_without_unit
GSM3652911,age,6,number_without_unit
GSM3652912,age,6,number_without_unit
GSM3652913,age,6,number_without_unit
GSM3652914,age,6,number_without_unit
GSM3652915,age,6,number_without_unit
GSM3652916,age,6,number_without_unit
GSM3652917,age,6,number_without_unit
GSM3652918,age,6,number_without_unit
GSM3652919,age,6,number_without_unit
GSM3652920,age,6,number_without_unit
GSM3652921,age,6,number_without_unit
GSM3652922,age,6,number_without_unit
GSM3652923,age,6,number_without_unit
GSM3652924,age,6,number_without_unit
GSM3652925,age,6,number_without_unit
GSM3652926,age,6,number_without_unit
GSM3652927,age,6,number_without_unit
GSM3652928,age,6,number_without_unit
GSM3652929,age,6,number_without_unit
GSM3652930,age,6,number_without_unit
GSM3652931,age,6,number_without_unit
GSM3652932,age,6,number_without_unit
GSM3652933,age,6,number_without_unit
GSM3652934,age,6,number_without_unit
GSM3652935,age,6,number_without_unit
GSM3652936,age,6,number_without_unit
GSM3652937,age,6,number_without_unit
GSM3652938,age,6,number_without_unit
GSM3652939,age,6,number_without_unit
GSM3652940,age,6,number_without_unit
GSM3652941,age,6,number_without_unit
GSM3652942,age,6,number_without_unit
GSM3652943,age,6,number_without_unit
GSM3652944,age,6,number_without_unit
GSM3652945,age,6,number_without_unit
GSM3652946,age,6,number_without_unit
GSM3652947,age,6,number_without_unit
GSM3652948,age,6,number_without_unit
GSM3652949,age,6,number_without_unit
GSM3652950,age,6,number_without_unit
GSM3652951,age,6,number_without_unit
GSM3652952,age,6,number_without_unit
GSM3652953,age,6,number_without_unit
GSM3652954,age,6,number_without_unit
GSM3652955,age,6,number_without_unit
GSM3652956,age,6,number_without_unit
GSM3652957,age,6,number_without_unit
GSM3652958,age,6,number_without_unit
GSM3652959,age,6,number_without_unit
GSM3652960,age,6,number_without_unit
GSM3652961,age,6,number_without_unit
GSM3652962,age,6,number_without_unit
GSM3652963,age,6,number_without_unit
GSM3652964,age,6,number_without_unit
GSM3652965,age,6,number_without_unit
GSM3652966,age,6,number_without_unit
GSM3652967,age,6,number_without_unit
GSM3652968,age,6,number_without_unit
GSM3652969,age,6,number_without_unit
GSM3652970,age,6,number_without_unit
GSM3652971,age,6,number_without_unit
GSM3652972,age,6,number_without_unit
GSM3652973,age,6,number_without_unit
GSM3652974,age,6,number_without_unit
GSM3652975,age,6,number_without_unit
GSM3652976,age,6,number_without_unit
GSM3652977,age,6,number_without_unit
GSM3652978,age,6,number_without_unit
GSM3652979,age,6,number_without_unit
GSM3652980,age,6,number_without_unit
GSM3652981,age,6,number_without_unit
GSM3652982,age,6,number_without_unit
GSM3652983,age,6,number_without_unit
GSM3652984,age,6,number_without_unit
GSM3652985,age,6,number_without_unit
GSM3652986,age,6,number_without_unit
GSM3652987,age,6,number_without_unit
GSM3652988,age,6,number_without_unit
GSM3652989,age,6,number_without_unit
GSM3652990,age,6,number_without_unit
GSM3652991,age,6,number_without_unit
GSM3652992,age,6,number_without_unit
GSM3652993,age,6,number_without_unit
GSM3652994,age,6,number_without_unit
GSM3652995,age,6,number_without_unit
GSM3652996,age,6,number_without_unit
GSM3652997,age,6,number_without_unit
GSM3652998,age,6,number_without_unit
GSM8636589,age,postnatal d1-3,unparsed
GSM8636590,age,postnatal d1-3,unparsed
GSM8636591,age,postnatal d1-3,unparsed
GSM8636592,age,postnatal d1-3,unparsed
GSM8636593,age,postnatal d1-3,unparsed
GSM8636594,age,postnatal d1-3,unparsed
GSM8636595,age,postnatal d1-3,unparsed
GSM8636596,age,postnatal d1-3,unparsed
GSM8636597,age,postnatal d1-3,unparsed
GSM8636598,age,postnatal d1-3,unparsed
GSM8636599,age,postnatal d1-3,unparsed
GSM8636600,age,postnatal d1-3,unparsed
GSM8636601,age,postnatal d1-3,unparsed
GSM8636602,age,postnatal d1-3,unparsed
GSM8636603,age,postnatal d1-3,unparsed
GSM8636604,age,postnatal d1-3,unparsed
GSM8636605,age,postnatal d1-3,unparsed
GSM8636606,age,postnatal d1-3,unparsed
GSM8636607,age,postnatal d1-3,unparsed
GSM8636608,age,postnatal d1-3,unparsed
GSM8636609,age,postnatal d1-3,unparsed
GSM8636610,age,postnatal d1-3,unparsed
GSM8636611,age,postnatal d1-3,unparsed
GSM8636612,age,postnatal d1-3,unparsed
GSM3185148,cell type,7MO_NSCs_population,not in vocabulary
GSM3185149,cell type,7MO_NSCs_population,not in vocabulary
GSM9117303,cell type,All brain cells,not in vocabulary
GSM9117304,cell type,All brain cells,not in vocabulary
GSM9117305,cell type,All brain cells,not in vocabulary
GSM9117306,cell type,All brain cells,not in vocabulary
GSM9117307,cell type,All brain cells,not in vocabulary
GSM5290405,cell type,Baseline,not in vocabulary
GSM5290406,cell type,Baseline,not in vocabulary
GSM5290409,cell type,Baseline,not in vocabulary
GSM5290410,cell type,Baseline,not in vocabulary
GSM3729070,cell type,Brain ILC2,not in vocabulary
GSM3729073,cell type,Brain ILC2,not in vocabulary
GSM3729076,cell type,Brain ILC2,not in vocabulary
GSM5075499,cell type,Brain cells,not in vocabulary
GSM5075500,cell type,Brain cells,not in vocabulary
GSM5075501,cell type,Brain cells,not in vocabulary
GSM5075502,cell type,Brain cells,not in vocabulary
GSM5075503,cell type,Brain cells,not in vocabulary
GSM5075504,cell type,Brain cells,not in vocabulary
GSM5075505,cell type,Brain cells,not in vocabulary
GSM5075506,cell type,Brain cells,not in vocabulary
GSM5075507,cell type,Brain cells,not in vocabulary
GSM6124717,cell type,Brain cells,not in vocabulary
GSM6124718,cell type,Brain cells,not in vocabulary
GSM6124719,cell type,Brain cells,not in vocabulary
GSM6124720,cell type,Brain cells,not in vocabulary
GSM6124721,cell type,Brain cells,not in vocabulary
GSM6124722,cell type,Brain cells,not in vocabulary
GSM6124723,cell type,Brain cells,not in vocabulary
GSM6124724,cell type,Brain cells,not in vocabulary
GSM6523930,cell type,Brain cells,not in vocabulary
GSM6523931,cell type,Brain cells,not in vocabulary
GSM6523932,cell type,Brain cells,not in vocabulary
GSM6523933,cell type,Brain cells,not in vocabulary
GSM6523934,cell type,Brain cells,not in vocabulary
GSM6523935,cell type,Brain cells,not in vocabulary
GSM6528210,cell type,Brain cells,not in vocabulary
GSM6528211,cell type,Brain cells,not in vocabulary
GSM6528212,cell type,Brain cells,not in vocabulary
GSM6528213,cell type,Brain cells,not in vocabulary
GSM6528214,cell type,Brain cells,not in vocabulary
GSM6528215,cell type,Brain cells,not in vocabulary
GSM6528216,cell type,Brain cells,not in vocabulary
GSM6528217,cell type,Brain cells,not in vocabulary
GSM6528218,cell type,Brain cells,not in vocabulary
GSM6528219,cell type,Brain cells,not in vocabulary
GSM6528220,cell type,Brain cells,not in vocabulary
GSM6528221,cell type,Brain cells,not in vocabulary
GSM6528222,cell type,Brain cells,not in vocabulary
GSM6528223,cell type,Brain cells,not in vocabulary
GSM6528224,cell type,Brain cells,not in vocabulary
GSM6528225,cell type,Brain cells,not in vocabulary
GSM6528226,cell type,Brain cells,not in vocabulary
GSM6528227,cell type,Brain cells,not in vocabulary
GSM6528228,cell type,Brain cells,not in vocabulary
GSM6528229,cell type,Brain cells,not in vocabulary
GSM8326331,cell type,Brain tissue,not in vocabulary
GSM8326332,cell type,Brain tissue,not in vocabulary
GSM8326333,cell type,Brain tissue,not in vocabulary
GSM8326334,cell type,Brain tissue,not in vocabulary
GSM8326335,cell type,Brain tissue,not in vocabulary
GSM8326336,cell type,Brain tissue,not in vocabulary
GSM8326337,cell type,Brain tissue,not in vocabulary
GSM8326338,cell type,Brain tissue,not in vocabulary
GSM8326339,cell type,Brain tissue,not in vocabulary
GSM8326340,cell type,Brain tissue,not in vocabulary
GSM8326341,cell type,Brain tissue,not in vocabulary
GSM8326342,cell type,Brain tissue,not in vocabulary
GSM8326343,cell type,Brain tissue,not in vocabulary
GSM8326344,cell type,Brain tissue,not in vocabulary
GSM8326345,cell type,Brain tissue,not in vocabulary
GSM8326346,cell type,Brain tissue,not in vocabulary
GSM8326347,cell type,Brain tissue,not in vocabulary
GSM8326348,cell type,Brain tissue,not in vocabulary
GSM8326349,cell type,Brain tissue,not in vocabulary
GSM8326350,cell type,Brain tissue,not in vocabulary
GSM8326351,cell type,Brain tissue,not in vocabulary
GSM8326352,cell type,Brain tissue,not in vocabulary
GSM8326353,cell type,Brain tissue,not in vocabulary
GSM8326354,cell type,Brain tissue,not in vocabulary
GSM8326355,cell type,Brain tissue,not in vocabulary
GSM8326356,cell type,Brain tissue,not in vocabulary
GSM8326357,cell type,Brain tissue,not in vocabulary
GSM8326358,cell type,Brain tissue,not in vocabulary
GSM8326359,cell type,Brain tissue,not in vocabulary
GSM8326360,cell type,Brain tissue,not in vocabulary
GSM8326361,cell type,Brain tissue,not in vocabulary
GSM8326362,cell type,Brain tissue,not in vocabulary
GSM8326363,cell type,Brain tissue,not in vocabulary
GSM8326364,cell type,Brain tissue,not in vocabulary
GSM8326365,cell type,Brain tissue,not in vocabulary
GSM8326366,cell type,Brain tissue,not in vocabulary
GSM8149004,cell type,Bulk,not in vocabulary
GSM8149005,cell type,Bulk,not in vocabulary
GSM8149006,cell type,Bulk,not in vocabulary
GSM8149007,cell type,Bulk,not in vocabulary
GSM8149008,cell type,Bulk,not in vocabulary
GSM8149009,cell type,Bulk,not in vocabulary
GSM8149010,cell type,Bulk,not in vocabulary
GSM8149011,cell type,Bulk,not in vocabulary
GSM8149012,cell type,Bulk,not in vocabulary
GSM8149013,cell type,Bulk,not in vocabulary
GSM8149014,cell type,Bulk,not in vocabulary
GSM8149015,cell type,Bulk,not in vocabulary
GSM8149016,cell type,Bulk,not in vocabulary
GSM8149017,cell type,Bulk,not in vocabulary
GSM8149018,cell type,Bulk,not in vocabulary
GSM8149019,cell type,Bulk,not in vocabulary
GSM8149020,cell type,Bulk,not in vocabulary
GSM8149021,cell type,Bulk,not in vocabulary
GSM8149022,cell type,Bulk,not in vocabulary
GSM8149023,cell type,Bulk,not in vocabulary
GSM8149024,cell type,Bulk,not in vocabulary
GSM8149025,cell type,Bulk,not in vocabulary
GSM8149026,cell type,Bulk,not in vocabulary
GSM8149027,cell type,Bulk,not in vocabulary
GSM8149028,cell type,Bulk,not in vocabulary
GSM8149029,cell type,Bulk,not in vocabulary
GSM8149030,cell type,Bulk,not in vocabulary
GSM8149031,cell type,Bulk,not in vocabulary
GSM8149032,cell type,Bulk,not in vocabulary
GSM8149033,cell type,Bulk,not in vocabulary
GSM8149034,cell type,Bulk,not in vocabulary
GSM8149035,cell type,Bulk,not in vocabulary
GSM8149036,cell type,Bulk,not in vocabulary
GSM8149037,cell type,Bulk,not in vocabulary
GSM8149038,cell type,Bulk,not in vocabulary
GSM8149039,cell type,Bulk,not in vocabulary
GSM8149040,cell type,Bulk,not in vocabulary
GSM8149041,cell type,Bulk,not in vocabulary
GSM8149042,cell type,Bulk,not in vocabulary
GSM8149043,cell type,Bulk,not in vocabulary
GSM8149044,cell type,Bulk,not in vocabulary
GSM8149045,cell type,Bulk,not in vocabulary
GSM8149046,cell type,Bulk,not in vocabulary
GSM8149047,cell type,Bulk,not in vocabulary
GSM8149048,cell type,Bulk,not in vocabulary
GSM8149049,cell type,Bulk,not in vocabulary
GSM8149050,cell type,Bulk,not in vocabulary
GSM5429596,cell type,Bulk hippocampus,not in vocabulary
GSM5429597,cell type,Bulk hippocampus,not in vocabulary
GSM5429598,cell type,Bulk hippocampus,not in vocabulary
GSM5429599,cell type,Bulk hippocampus,not in vocabulary
GSM5429600,cell type,Bulk hippocampus,not in vocabulary
GSM5429601,cell type,Bulk hippocampus,not in vocabulary
GSM8023836,cell type,CD11b positive cells,not in vocabulary
GSM8023837,cell type,CD11b positive cells,not in vocabulary
GSM8023838,cell type,CD11b positive cells,not in vocabulary
GSM8023839,cell type,CD11b positive cells,not in vocabulary
GSM8023840,cell type,CD11b positive cells,not in vocabulary
GSM8023841,cell type,CD11b positive cells,not in vocabulary
GSM8023842,cell type,CD11b positive cells,not in vocabulary
GSM8023843,cell type,CD11b positive cells,not in vocabulary
GSM8023844,cell type,CD11b positive cells,not in vocabulary
GSM8023845,cell type,CD11b positive cells,not in vocabulary
GSM8023846,cell type,CD11b positive cells,not in vocabulary
GSM8023847,cell type,CD11b positive cells,not in vocabulary
GSM8023848,cell type,CD11b positive cells,not in vocabulary
GSM8023849,cell type,CD11b positive cells,not in vocabulary
GSM8023850,cell type,CD11b positive cells,not in vocabulary
GSM8023851,cell type,CD11b positive cells,not in vocabulary
GSM8023852,cell type,CD11b positive cells,not in vocabulary
GSM8023853,cell type,CD11b positive cells,not in vocabulary
GSM8329533,cell type,CD11b+ cells,not in vocabulary
GSM8329534,cell type,CD11b+ cells,not in vocabulary
GSM8329535,cell type,CD11b+ cells,not in vocabulary
GSM8329536,cell type,CD11b+ cells,not in vocabulary
GSM8329537,cell type,CD11b+ cells,not in vocabulary
GSM8329538,cell type,CD11b+ cells,not in vocabulary
GSM8329539,cell type,CD11b+ cells,not in vocabulary
GSM8329540,cell type,CD11b+ cells,not in vocabulary
GSM8329541,cell type,CD11b+ cells,not in vocabulary
GSM8329542,cell type,CD11b+ cells,not in vocabulary
GSM8329543,cell type,CD11b+ cells,not in vocabulary
GSM8329544,cell type,CD11b+ cells,not in vocabulary
GSM8329545,cell type,CD11b+ cells,not in vocabulary
GSM8329546,cell type,CD11b+ cells,not in vocabulary
GSM8329547,cell type,CD11b+ cells,not in vocabulary
GSM8329548,cell type,CD11b+ cells,not in vocabulary
GSM8329549,cell type,CD11b+ cells,not in vocabulary
GSM8329550,cell type,CD11b+ cells,not in vocabulary
GSM8329551,cell type,CD11b+ cells,not in vocabulary
GSM8329552,cell type,CD11b+ cells,not in vocabulary
GSM8329553,cell type,CD11b+ cells,not in vocabulary
GSM8329554,cell type,CD11b+ cells,not in vocabulary
GSM8329555,cell type,CD11b+ cells,not in vocabulary
GSM8329556,cell type,CD11b+ cells,not in vocabulary
GSM8329557,cell type,CD11b+ cells,not in vocabulary
GSM8329558,cell type,CD11b+ cells,not in vocabulary
GSM8329559,cell type,CD11b+ cells,not in vocabulary
GSM8329560,cell type,CD11b+ cells,not in vocabulary
GSM8329561,cell type,CD11b+ cells,not in vocabulary
GSM8329562,cell type,CD11b+ cells,not in vocabulary
GSM8329563,cell type,CD11b+ cells,not in vocabulary
GSM8329564,cell type,CD11b+ cells,not in vocabulary
GSM8329565,cell type,CD11b+ cells,not in vocabulary
GSM8329566,cell type,CD11b+ cells,not in vocabulary
GSM8329567,cell type,CD11b+ cells,not in vocabulary
GSM8329568,cell type,CD11b+ cells,not in vocabulary
GSM8329569,cell type,CD11b+ cells,not in vocabulary
GSM8329570,cell type,CD11b+ cells,not in vocabulary
GSM8329571,cell type,CD11b+ cells,not in vocabulary
GSM8329572,cell type,CD11b+ cells,not in vocabulary
GSM8329573,cell type,CD11b+ cells,not in vocabulary
GSM8329574,cell type,CD11b+ cells,not in vocabulary
GSM8329575,cell type,CD11b+ cells,not in vocabulary
GSM8329576,cell type,CD11b+ cells,not in vocabulary
GSM8329577,cell type,CD11b+ cells,not in vocabulary
GSM8329578,cell type,CD11b+ cells,not in vocabulary
GSM8329579,cell type,CD11b+ cells,not in vocabulary
GSM8329580,cell type,CD11b+ cells,not in vocabulary
GSM8329581,cell type,CD11b+ cells,not in vocabulary
GSM8329582,cell type,CD11b+ cells,not in vocabulary
GSM8329583,cell type,CD11b+ cells,not in vocabulary
GSM8329584,cell type,CD11b+ cells,not in vocabulary
GSM8329585,cell type,CD11b+ cells,not in vocabulary
GSM8329586,cell type,CD11b+ cells,not in vocabulary
GSM8329587,cell type,CD11b+ cells,not in vocabulary
GSM8329588,cell type,CD11b+ cells,not in vocabulary
GSM8329589,cell type,CD11b+ cells,not in vocabulary
GSM8329590,cell type,CD11b+ cells,not in vocabulary
GSM8329591,cell type,CD11b+ cells,not in vocabulary
GSM8329592,cell type,CD11b+ cells,not in vocabulary
GSM8329593,cell type,CD11b+ cells,not in vocabulary
GSM8329594,cell type,CD11b+ cells,not in vocabulary
GSM8350174,cell type,CD11b+ cells from the brain,not in vocabulary
GSM8350175,cell type,CD11b+ cells from the brain,not in vocabulary
GSM8350176,cell type,CD11b+ cells from the brain,not in vocabulary
GSM8350177,cell type,CD11b+ cells from the brain,not in vocabulary
GSM8350178,cell type,CD11b+ cells from the brain,not in vocabulary
GSM8350179,cell type,CD11b+ cells from the brain,not in vocabulary
GSM8350180,cell type,CD11b+ cells from the brain,not in vocabulary
GSM8350181,cell type,CD11b+ cells from the brain,not in vocabulary
GSM8350182,cell type,CD11b+ cells from the brain,not in vocabulary
GSM8350183,cell type,CD11b+ cells from the brain,not in vocabulary
GSM8350184,cell type,CD11b+ cells from the brain,not in vocabulary
GSM8350185,cell type,CD11b+ cells from the brain,not in vocabulary
GSM4726197,cell type,CD45+,not in vocabulary
GSM4726198,cell type,CD45+,not in vocabulary
GSM4726199,cell type,CD45+,not in vocabulary
GSM4726200,cell type,CD45+,not in vocabulary
GSM4726201,cell type,CD45+,not in vocabulary
GSM4726202,cell type,CD45+,not in vocabulary
GSM4726203,cell type,CD45+,not in vocabulary
GSM4726204,cell type,CD45+,not in vocabulary
GSM4726205,cell type,CD45+,not in vocabulary
GSM4726206,cell type,CD45+,not in vocabulary
GSM4726207,cell type,CD45+,not in vocabulary
GSM4726208,cell type,CD45+,not in vocabulary
GSM4726209,cell type,CD45+,not in vocabulary
GSM4726210,cell type,CD45+,not in vocabulary
GSM4726211,cell type,CD45+,not in vocabulary
GSM4726212,cell type,CD45+,not in vocabulary
GSM4726213,cell type,CD45+,not in vocabulary
GSM4726214,cell type,CD45+,not in vocabulary
GSM4726215,cell type,CD45+,not in vocabulary
GSM4726216,cell type,CD45+,not in vocabulary
GSM4726217,cell type,CD45+,not in vocabulary
GSM4726218,cell type,CD45+,not in vocabulary
GSM4726219,cell type,CD45+,not in vocabulary
GSM4726220,cell type,CD45+,not in vocabulary
GSM6046152,cell type,CD45+,not in vocabulary
GSM6046153,cell type,CD45+,not in vocabulary
GSM6046154,cell type,CD45+,not in vocabulary
GSM6046155,cell type,CD45+,not in vocabulary
GSM6499485,cell type,CD45+ CD11b+,not in vocabulary
GSM6499486,cell type,CD45+ CD11b+,not in vocabulary
GSM6499487,cell type,CD45+ CD11b+,not in vocabulary
GSM6499488,cell type,CD45+ CD11b+,not in vocabulary
GSM6499489,cell type,CD45+ CD11b+,not in vocabulary
GSM6499490,cell type,CD45+ CD11b+,not in vocabulary
GSM6499491,cell type,CD45+ CD11b+,not in vocabulary
GSM6499492,cell type,CD45+ CD11b+,not in vocabulary
GSM6499493,cell type,CD45+ CD11b+,not in vocabulary
GSM8866165,cell type,"CD45+, CD11b+, CX3CR1-mid, CLEC12A-high",not in vocabulary
GSM8866166,cell type,"CD45+, CD11b+, CX3CR1-mid, CLEC12A-high",not in vocabulary
GSM8866167,cell type,"CD45+, CD11b+, CX3CR1-mid, CLEC12A-high",not in vocabulary
GSM8866168,cell type,"CD45+, CD11b+, CX3CR1-mid, CLEC12A-high",not in vocabulary
GSM7070798,cell type,CD45+/CD45- cells,not in vocabulary
GSM7070799,cell type,CD45+/CD45- cells,not in vocabulary
GSM7070800,cell type,CD45+/CD45- cells,not in vocabulary
GSM7070801,cell type,CD45+/CD45- cells,not in vocabulary
GSM2093683,cell type,Endothelial,not in vocabulary
GSM2093692,cell type,Endothelial,not in vocabulary
GSM2093693,cell type,Endothelial,not in vocabulary
GSM2093696,cell type,Endothelial,not in vocabulary
GSM2093699,cell type,Endothelial,not in vocabulary
GSM2093700,cell type,Endothelial,not in vocabulary
GSM2093704,cell type,Endothelial,not in vocabulary
GSM2093707,cell type,Endothelial,not in vocabulary
GSM2093708,cell type,Endothelial,not in vocabulary
GSM2093712,cell type,Endothelial,not in vocabulary
GSM2093713,cell type,Endothelial,not in vocabulary
GSM2093714,cell type,Endothelial,not in vocabulary
GSM2093718,cell type,Endothelial,not in vocabulary
GSM2093720,cell type,Endothelial,not in vocabulary
GSM2093727,cell type,Endothelial,not in vocabulary
GSM2093729,cell type,Endothelial,not in vocabulary
GSM2093732,cell type,Endothelial,not in vocabulary
GSM2093733,cell type,Endothelial,not in vocabulary
GSM2093734,cell type,Endothelial,not in vocabulary
GSM2093735,cell type,Endothelial,not in vocabulary
GSM2093736,cell type,Endothelial,not in vocabulary
GSM2093738,cell type,Endothelial,not in vocabulary
GSM2093740,cell type,Endothelial,not in vocabulary
GSM2093761,cell type,Endothelial,not in vocabulary
GSM2093792,cell type,Endothelial,not in vocabulary
GSM2093793,cell type,Endothelial,not in vocabulary
GSM2093810,cell type,Endothelial,not in vocabulary
GSM2093839,cell type,Endothelial,not in vocabulary
GSM2093840,cell type,Endothelial,not in vocabulary
GSM2093842,cell type,Endothelial,not in vocabulary
GSM2093853,cell type,Endothelial,not in vocabulary
GSM2093857,cell type,Endothelial,not in vocabulary
GSM2093870,cell type,Endothelial,not in vocabulary
GSM2093891,cell type,Endothelial,not in vocabulary
GSM6858918,cell type,Female,not in vocabulary
GSM6858919,cell type,Female,not in vocabulary
GSM6858920,cell type,Female,not in vocabulary
GSM6858921,cell type,Female,not in vocabulary
GSM6858922,cell type,Female,not in vocabulary
GSM6858923,cell type,Female,not in vocabulary
GSM6858930,cell type,Female,not in vocabulary
GSM6858931,cell type,Female,not in vocabulary
GSM6858932,cell type,Female,not in vocabulary
GSM8144432,cell type,GFP+,not in vocabulary
GSM8144433,cell type,GFP+,not in vocabulary
GSM8144434,cell type,GFP+,not in vocabulary
GSM8144435,cell type,GFP+,not in vocabulary
GSM8144436,cell type,GFP+,not in vocabulary
GSM8144437,cell type,GFP+,not in vocabulary
GSM8144438,cell type,GFP+,not in vocabulary
GSM8144439,cell type,GFP+,not in vocabulary
GSM8144440,cell type,GFP+,not in vocabulary
GSM8144441,cell type,GFP+,not in vocabulary
GSM8144442,cell type,GFP+,not in vocabulary
GSM8144443,cell type,GFP+,not in vocabulary
GSM8144444,cell type,GFP+,not in vocabulary
GSM8144445,cell type,GFP+,not in vocabulary
GSM8144446,cell type,GFP+,not in vocabulary
GSM8144447,cell type,GFP+,not in vocabulary
GSM8144448,cell type,GFP+,not in vocabulary
GSM8144449,cell type,GFP+,not in vocabulary
GSM8144450,cell type,GFP+,not in vocabulary
GSM8144451,cell type,GFP+,not in vocabulary
GSM8144452,cell type,GFP+,not in vocabulary
GSM8144453,cell type,GFP+,not in vocabulary
GSM8144454,cell type,GFP+,not in vocabulary
GSM8144455,cell type,GFP+,not in vocabulary
GSM8144456,cell type,GFP+,not in vocabulary
GSM8144457,cell type,GFP+,not in vocabulary
GSM8144458,cell type,GFP+,not in vocabulary
GSM8144459,cell type,GFP+,not in vocabulary
GSM8144460,cell type,GFP+,not in vocabulary
GSM8144461,cell type,GFP+,not in vocabulary
GSM8144462,cell type,GFP+,not in vocabulary
GSM8144463,cell type,GFP+,not in vocabulary
GSM8144464,cell type,GFP+,not in vocabulary
GSM8144465,cell type,GFP+,not in vocabulary
GSM8144466,cell type,GFP+,not in vocabulary
GSM8144467,cell type,GFP+,not in vocabulary
GSM8144468,cell type,GFP+,not in vocabulary
GSM8144469,cell type,GFP+,not in vocabulary
GSM8144470,cell type,GFP+,not in vocabulary
GSM8144471,cell type,GFP+,not in vocabulary
GSM8144472,cell type,GFP+,not in vocabulary
GSM8144473,cell type,GFP+,not in vocabulary
GSM8144474,cell type,GFP+,not in vocabulary
GSM8144475,cell type,GFP+,not in vocabulary
GSM8144476,cell type,GFP+,not in vocabulary
GSM8144477,cell type,GFP+,not in vocabulary
GSM8144478,cell type,GFP+,not in vocabulary
GSM8144479,cell type,GFP+,not in vocabulary
GSM8144480,cell type,GFP+,not in vocabulary
GSM5290407,cell type,Glia,not in vocabulary
GSM5290408,cell type,Glia,not in vocabulary
GSM5290411,cell type,Glia,not in vocabulary
GSM5290412,cell type,Glia,not in vocabulary
GSM6862104,cell type,Glioma cell line,not in vocabulary
GSM6862105,cell type,Glioma cell line,not in vocabulary
GSM6862106,cell type,Glioma cell line,not in vocabulary
GSM6862107,cell type,Glioma cell line,not in vocabulary
GSM6862108,cell type,Glioma cell line,not in vocabulary
GSM6862109,cell type,Glioma cell line,not in vocabulary
GSM6862110,cell type,Glioma cell line,not in vocabulary
GSM6862111,cell type,Glioma cell line,not in vocabulary
GSM6862112,cell type,Glioma cell line,not in vocabulary
GSM6862113,cell type,Glioma cell line,not in vocabulary
GSM6862114,cell type,Glioma cell line,not in vocabulary
GSM6862115,cell type,Glioma cell line,not in vocabulary
GSM6862116,cell type,Glioma cell line,not in vocabulary
GSM6862117,cell type,Glioma cell line,not in vocabulary
GSM6862118,cell type,Glioma cell line,not in vocabulary
GSM6862119,cell type,Glioma cell line,not in vocabulary
GSM6862120,cell type,Glioma cell line,not in vocabulary
GSM6862121,cell type,Glioma cell line,not in vocabulary
GSM6862122,cell type,Glioma cell line,not in vocabulary
GSM6862123,cell type,Glioma cell line,not in vocabulary
GSM6862124,cell type,Glioma cell line,not in vocabulary
GSM6862125,cell type,Glioma cell line,not in vocabulary
GSM6862126,cell type,Glioma cell line,not in vocabulary
GSM6862127,cell type,Glioma cell line,not in vocabulary
GSM6705221,cell type,Lin- CD11b+ brain cells,not in vocabulary
GSM6705222,cell type,Lin- CD11b+ brain cells,not in vocabulary
GSM6705223,cell type,Lin- CD11b+ brain cells,not in vocabulary
GSM6705224,cell type,Lin- CD11b+ brain cells,not in vocabulary
GSM6705225,cell type,Lin- CD11b+ brain cells,not in vocabulary
GSM6705226,cell type,Lin- CD11b+ brain cells,not in vocabulary
GSM6705227,cell type,Lin- CD11b+ brain cells,not in vocabulary
GSM6705228,cell type,Lin- CD11b+ brain cells,not in vocabulary
GSM6705229,cell type,Lin- CD11b+ brain cells,not in vocabulary
GSM6858924,cell type,Male,not in vocabulary
GSM6858925,cell type,Male,not in vocabulary
GSM6858926,cell type,Male,not in vocabulary
GSM6858927,cell type,Male,not in vocabulary
GSM6858928,cell type,Male,not in vocabulary
GSM6858929,cell type,Male,not in vocabulary
GSM6858933,cell type,Male,not in vocabulary
GSM6858934,cell type,Male,not in vocabulary
GSM6858935,cell type,Male,not in vocabulary
GSM6858936,cell type,Male,not in vocabulary
GSM6858937,cell type,Male,not in vocabulary
GSM6858938,cell type,Male,not in vocabulary
GSM2791427,cell type,Meningeal LECs,not in vocabulary
GSM2791428,cell type,Meningeal LECs,not in vocabulary
GSM2791429,cell type,Meningeal LECs,not in vocabulary
GSM2791430,cell type,Meningeal LECs,not in vocabulary
GSM2791431,cell type,Meningeal LECs,not in vocabulary
GSM2791432,cell type,Meningeal LECs,not in vocabulary
GSM8680274,cell type,Microglie,not in vocabulary
GSM8680275,cell type,Microglie,not in vocabulary
GSM8680276,cell type,Microglie,not in vocabulary
GSM8680277,cell type,Microglie,not in vocabulary
GSM8680278,cell type,Microglie,not in vocabulary
GSM8680279,cell type,Microglie,not in vocabulary
GSM8187370,cell type,Mixed,not in vocabulary
GSM8187371,cell type,Mixed,not in vocabulary
GSM8187372,cell type,Mixed,not in vocabulary
GSM8187373,cell type,Mixed,not in vocabulary
GSM8187374,cell type,Mixed,not in vocabulary
GSM8187375,cell type,Mixed,not in vocabulary
GSM8187376,cell type,Mixed,not in vocabulary
GSM8187377,cell type,Mixed,not in vocabulary
GSM7566724,cell type,Muller cells,not in vocabulary
GSM7566728,cell type,Muller cells,not in vocabulary
GSM7566732,cell type,Muller cells,not in vocabulary
GSM7566736,cell type,Muller cells,not in vocabulary
GSM7566740,cell type,Muller cells,not in vocabulary
GSM7566744,cell type,Muller cells,not in vocabulary
GSM8031895,cell type,Muller glia,not in vocabulary
GSM8031896,cell type,Muller glia,not in vocabulary
GSM8031897,cell type,Muller glia,not in vocabulary
GSM8031898,cell type,Muller glia,not in vocabulary
GSM8822326,cell type,NeuN+,not in vocabulary
GSM8822328,cell type,NeuN+,not in vocabulary
GSM8822329,cell type,NeuN+,not in vocabulary
GSM8822331,cell type,NeuN+,not in vocabulary
GSM8822332,cell type,NeuN+,not in vocabulary
GSM8822334,cell type,NeuN+,not in vocabulary
GSM8822335,cell type,NeuN+,not in vocabulary
GSM8822337,cell type,NeuN+,not in vocabulary
GSM8822327,cell type,NeuN-,not in vocabulary
GSM8822330,cell type,NeuN-,not in vocabulary
GSM8822333,cell type,NeuN-,not in vocabulary
GSM8822336,cell type,NeuN-,not in vocabulary
GSM3185150,cell type,Old_NSC,not in vocabulary
GSM3185151,cell type,Old_NSC,not in vocabulary
GSM3185152,cell type,Old_NSC,not in vocabulary
GSM3185153,cell type,Old_NSC,not in vocabulary
GSM3185154,cell type,Old_NSC,not in vocabulary
GSM3185155,cell type,Old_NSC,not in vocabulary
GSM3185156,cell type,Old_NSC,not in vocabulary
GSM3185157,cell type,Old_NSC,not in vocabulary
GSM3185158,cell type,Old_NSC,not in vocabulary
GSM3185159,cell type,Old_NSC,not in vocabulary
GSM3185160,cell type,Old_NSC,not in vocabulary
GSM3185161,cell type,Old_NSC,not in vocabulary
GSM3185162,cell type,Old_NSC,not in vocabulary
GSM3185163,cell type,Old_NSC,not in vocabulary
GSM3185164,cell type,Old_NSC,not in vocabulary
GSM3185165,cell type,Old_NSC,not in vocabulary
GSM3185166,cell type,Old_NSC,not in vocabulary
GSM3185167,cell type,Old_NSC,not in vocabulary
GSM3185168,cell type,Old_NSC,not in vocabulary
GSM3185169,cell type,Old_NSC,not in vocabulary
GSM3185170,cell type,Old_NSC,not in vocabulary
GSM3185171,cell type,Old_NSC,not in vocabulary
GSM3185172,cell type,Old_NSC,not in vocabulary
GSM3185173,cell type,Old_NSC,not in vocabulary
GSM3185174,cell type,Old_NSC,not in vocabulary
GSM3185175,cell type,Old_NSC,not in vocabulary
GSM3185176,cell type,Old_NSC,not in vocabulary
GSM3185177,cell type,Old_NSC,not in vocabulary
GSM3185178,cell type,Old_NSC,not in vocabulary
GSM3185179,cell type,Old_NSC,not in vocabulary
GSM3185180,cell type,Old_NSC,not in vocabulary
GSM3185181,cell type,Old_NSC,not in vocabulary
GSM3185182,cell type,Old_NSC,not in vocabulary
GSM3185183,cell type,Old_NSC,not in vocabulary
GSM3185184,cell type,Old_NSC,not in vocabulary
GSM3185185,cell type,Old_NSC,not in vocabulary
GSM3185186,cell type,Old_NSC,not in vocabulary
GSM3185187,cell type,Old_NSC,not in vocabulary
GSM3185188,cell type,Old_NSC,not in vocabulary
GSM3185189,cell type,Old_NSC,not in vocabulary
GSM3185190,cell type,Old_NSC,not in vocabulary
GSM3185191,cell type,Old_NSC,not in vocabulary
GSM3185192,cell type,Old_NSC,not in vocabulary
GSM3185193,cell type,Old_NSC,not in vocabulary
GSM3185194,cell type,Old_NSC,not in vocabulary
GSM3185195,cell type,Old_NSC,not in vocabulary
GSM3185196,cell type,Old_NSC,not in vocabulary
GSM3185197,cell type,Old_NSC,not in vocabulary
GSM3185198,cell type,Old_NSC,not in vocabulary
GSM3185199,cell type,Old_NSC,not in vocabulary
GSM3185200,cell type,Old_NSC,not in vocabulary
GSM3185201,cell type,Old_NSC,not in vocabulary
GSM3185202,cell type,Old_NSC,not in vocabulary
GSM3185203,cell type,Old_NSC,not in vocabulary
GSM3185204,cell type,Old_NSC,not in vocabulary
GSM3185205,cell type,Old_NSC,not in vocabulary
GSM3185206,cell type,Old_NSC,not in vocabulary
GSM3185207,cell type,Old_NSC,not in vocabulary
GSM3185208,cell type,Old_NSC,not in vocabulary
GSM3185209,cell type,Old_NSC,not in vocabulary
GSM3185210,cell type,Old_NSC,not in vocabulary
GSM3185211,cell type,Old_NSC,not in vocabulary
GSM3185212,cell type,Old_NSC,not in vocabulary
GSM3185213,cell type,Old_NSC,not in vocabulary
GSM3185214,cell type,Old_NSC,not in vocabulary
GSM3185215,cell type,Old_NSC,not in vocabulary
GSM3185216,cell type,Old_NSC,not in vocabulary
GSM3185217,cell type,Old_NSC,not in vocabulary
GSM3185218,cell type,Old_NSC,not in vocabulary
GSM3185219,cell type,Old_NSC,not in vocabulary
GSM3185220,cell type,Old_NSC,not in vocabulary
GSM3185221,cell type,Old_NSC,not in vocabulary
GSM3185222,cell type,Old_NSC,not in vocabulary
GSM3185223,cell type,Old_NSC,not in vocabulary
GSM3185224,cell type,Old_NSC,not in vocabulary
GSM3185225,cell type,Old_NSC,not in vocabulary
GSM3185226,cell type,Old_NSC,not in vocabulary
GSM3185227,cell type,Old_NSC,not in vocabulary
GSM3185228,cell type,Old_NSC,not in vocabulary
GSM3185229,cell type,Old_NSC,not in vocabulary
GSM3185230,cell type,Old_NSC,not in vocabulary
GSM3185231,cell type,Old_NSC,not in vocabulary
GSM3185232,cell type,Old_NSC,not in vocabulary
GSM3185233,cell type,Old_NSC,not in vocabulary
GSM3185234,cell type,Old_NSC,not in vocabulary
GSM3185235,cell type,Old_NSC,not in vocabulary
GSM3185236,cell type,Old_NSC,not in vocabulary
GSM3185237,cell type,Old_NSC,not in vocabulary
GSM3185238,cell type,Old_NSC,not in vocabulary
GSM3185239,cell type,Old_NSC,not in vocabulary
GSM3185240,cell type,Old_NSC,not in vocabulary
GSM3185241,cell type,Old_NSC,not in vocabulary
GSM3185242,cell type,Old_NSC,not in vocabulary
GSM3185243,cell type,Old_NSC,not in vocabulary
GSM3185244,cell type,Old_NSC,not in vocabulary
GSM3185245,cell type,Old_NSC,not in vocabulary
GSM3185246,cell type,Old_NSC,not in vocabulary
GSM3185247,cell type,Old_NSC,not in vocabulary
GSM3185248,cell type,Old_NSC,not in vocabulary
GSM3185249,cell type,Old_NSC,not in vocabulary
GSM3185250,cell type,Old_NSC,not in vocabulary
GSM3185251,cell type,Old_NSC,not in vocabulary
GSM3185252,cell type,Old_NSC,not in vocabulary
GSM3185253,cell type,Old_NSC,not in vocabulary
GSM3185254,cell type,Old_NSC,not in vocabulary
GSM3185255,cell type,Old_NSC,not in vocabulary
GSM3185256,cell type,Old_NSC,not in vocabulary
GSM3185257,cell type,Old_NSC,not in vocabulary
GSM3185258,cell type,Old_NSC,not in vocabulary
GSM3185259,cell type,Old_NSC,not in vocabulary
GSM3185260,cell type,Old_NSC,not in vocabulary
GSM3185261,cell type,Old_NSC,not in vocabulary
GSM3185262,cell type,Old_NSC,not in vocabulary
GSM3185263,cell type,Old_NSC,not in vocabulary
GSM3185264,cell type,Old_NSC,not in vocabulary
GSM3185265,cell type,Old_NSC,not in vocabulary
GSM3185266,cell type,Old_NSC,not in vocabulary
GSM3185267,cell type,Old_NSC,not in vocabulary
GSM3185268,cell type,Old_NSC,not in vocabulary
GSM3185269,cell type,Old_NSC,not in vocabulary
GSM3185270,cell type,Old_NSC,not in vocabulary
GSM3185271,cell type,Old_NSC,not in vocabulary
GSM3185272,cell type,Old_NSC,not in vocabulary
GSM3185273,cell type,Old_NSC,not in vocabulary
GSM3185274,cell type,Old_NSC,not in vocabulary
GSM3185275,cell type,Old_NSC,not in vocabulary
GSM3185276,cell type,Old_NSC,not in vocabulary
GSM3185277,cell type,Old_NSC,not in vocabulary
GSM3185278,cell type,Old_NSC,not in vocabulary
GSM3185279,cell type,Old_NSC,not in vocabulary
GSM3185280,cell type,Old_NSC,not in vocabulary
GSM3185281,cell type,Old_NSC,not in vocabulary
GSM3185282,cell type,Old_NSC,not in vocabulary
GSM3185132,cell type,Old_NSCs_population,not in vocabulary
GSM3185133,cell type,Old_NSCs_population,not in vocabulary
GSM3185134,cell type,Old_endothelial_population,not in vocabulary
GSM3185135,cell type,Old_endothelial_population,not in vocabulary
GSM3185138,cell type,Old_neuroblast_population,not in vocabulary
GSM3185139,cell type,Old_neuroblast_population,not in vocabulary
GSM7060833,cell type,Peripheral blood leukocytes,not in vocabulary
GSM7060834,cell type,Peripheral blood leukocytes,not in vocabulary
GSM7060835,cell type,Peripheral blood leukocytes,not in vocabulary
GSM7060836,cell type,Peripheral blood leukocytes,not in vocabulary
GSM7060837,cell type,Peripheral blood leukocytes,not in vocabulary
GSM7060838,cell type,Peripheral blood leukocytes,not in vocabulary
GSM7060839,cell type,Peripheral blood leukocytes,not in vocabulary
GSM7060840,cell type,Peripheral blood leukocytes,not in vocabulary
GSM7060841,cell type,Peripheral blood leukocytes,not in vocabulary
GSM7060842,cell type,Peripheral blood leukocytes,not in vocabulary
GSM7060843,cell type,Peripheral blood leukocytes,not in vocabulary
GSM3823807,cell type,Peritoneal cells,not in vocabulary
GSM3823808,cell type,Peritoneal cells,not in vocabulary
GSM3823809,cell type,Peritoneal cells,not in vocabulary
GSM3823810,cell type,Peritoneal cells,not in vocabulary
GSM3823811,cell type,Peritoneal cells,not in vocabulary
GSM3823812,cell type,Peritoneal cells,not in vocabulary
GSM3823813,cell type,Peritoneal cells,not in vocabulary
GSM3823814,cell type,Peritoneal cells,not in vocabulary
GSM3823815,cell type,Peritoneal cells,not in vocabulary
GSM3823816,cell type,Peritoneal cells,not in vocabulary
GSM3823817,cell type,Peritoneal cells,not in vocabulary
GSM3823818,cell type,Peritoneal cells,not in vocabulary
GSM3823819,cell type,Peritoneal cells,not in vocabulary
GSM3823820,cell type,Peritoneal cells,not in vocabulary
GSM3823821,cell type,Peritoneal cells,not in vocabulary
GSM3823822,cell type,Peritoneal cells,not in vocabulary
GSM3823823,cell type,Peritoneal cells,not in vocabulary
GSM3823824,cell type,Peritoneal cells,not in vocabulary
GSM3823825,cell type,Peritoneal cells,not in vocabulary
GSM3823826,cell type,Peritoneal cells,not in vocabulary
GSM3823827,cell type,Peritoneal cells,not in vocabulary
GSM3823828,cell type,Peritoneal cells,not in vocabulary
GSM3823829,cell type,Peritoneal cells,not in vocabulary
GSM3823830,cell type,Peritoneal cells,not in vocabulary
GSM3823831,cell type,Peritoneal cells,not in vocabulary
GSM3823832,cell type,Peritoneal cells,not in vocabulary
GSM3823833,cell type,Peritoneal cells,not in vocabulary
GSM3823834,cell type,Peritoneal cells,not in vocabulary
GSM3823835,cell type,Peritoneal cells,not in vocabulary
GSM3823836,cell type,Peritoneal cells,not in vocabulary
GSM3823837,cell type,Peritoneal cells,not in vocabulary
GSM4578952,cell type,RFPneg cells,not in vocabulary
GSM4578954,cell type,RFPneg cells,not in vocabulary
GSM4578956,cell type,RFPneg cells,not in vocabulary
GSM4578958,cell type,RFPneg cells,not in vocabulary
GSM4578960,cell type,RFPneg cells,not in vocabulary
GSM4578962,cell type,RFPpos cells,not in vocabulary
GSM4578964,cell type,RFPpos cells,not in vocabulary
GSM4578966,cell type,RFPpos cells,not in vocabulary
GSM4578968,cell type,RFPpos cells,not in vocabulary
GSM4578970,cell type,RFPpos cells,not in vocabulary
GSM4578974,cell type,RFPpos cells,not in vocabulary
GSM5290401,cell type,Stage 1,not in vocabulary
GSM5290402,cell type,Stage 1,not in vocabulary
GSM5290403,cell type,Stage 2,not in vocabulary
GSM5290404,cell type,Stage 2,not in vocabulary
GSM8009648,cell type,Substantia nigra,not in vocabulary
GSM8009649,cell type,Substantia nigra,not in vocabulary
GSM8009650,cell type,Substantia nigra,not in vocabulary
GSM8009651,cell type,Substantia nigra,not in vocabulary
GSM8009652,cell type,Substantia nigra,not in vocabulary
GSM8009653,cell type,Substantia nigra,not in vocabulary
GSM8009654,cell type,Substantia nigra,not in vocabulary
GSM8009655,cell type,Substantia nigra,not in vocabulary
GSM8009656,cell type,Substantia nigra,not in vocabulary
GSM8145349,cell type,Young,not in vocabulary
GSM8145350,cell type,Young,not in vocabulary
GSM3185140,cell type,Young_NSCs_population,not in vocabulary
GSM3185141,cell type,Young_NSCs_population,not in vocabulary
GSM3185142,cell type,Young_endothelial_population,not in vocabulary
GSM3185143,cell type,Young_endothelial_population,not in vocabulary
GSM3185146,cell type,Young_neuroblast_population,not in vocabulary
GSM3185147,cell type,Young_neuroblast_population,not in vocabulary
GSM8145351,cell type,aged,not in vocabulary
GSM8145352,cell type,aged,not in vocabulary
GSM8145355,cell type,aged,not in vocabulary
GSM8145356,cell type,aged,not in vocabulary
GSM8145359,cell type,aged,not in vocabulary
GSM8145360,cell type,aged,not in vocabulary
GSM9261341,cell type,"cerebellum, hippocampus and cerebral cortex",not in vocabulary
GSM9261342,cell type,"cerebellum, hippocampus and cerebral cortex",not in vocabulary
GSM9261343,cell type,"cerebellum, hippocampus and cerebral cortex",not in vocabulary
GSM9261344,cell type,"cerebellum, hippocampus and cerebral cortex",not in vocabulary
GSM9499621,cell type,embryonic kidney epithelial,not in vocabulary
GSM9499622,cell type,embryonic kidney epithelial,not in vocabulary
GSM9499623,cell type,embryonic kidney epithelial,not in vocabulary
GSM9499624,cell type,embryonic kidney epithelial,not in vocabulary
GSM9499625,cell type,embryonic kidney epithelial,not in vocabulary
GSM9499626,cell type,embryonic kidney epithelial,not in vocabulary
GSM9499627,cell type,embryonic kidney epithelial,not in vocabulary
GSM9499628,cell type,embryonic kidney epithelial,not in vocabulary
GSM9499629,cell type,embryonic kidney epithelial,not in vocabulary
GSM9499630,cell type,embryonic kidney epithelial,not in vocabulary
GSM9499631,cell type,embryonic kidney epithelial,not in vocabulary
GSM9499632,cell type,embryonic kidney epithelial,not in vocabulary
GSM9499633,cell type,embryonic kidney epithelial,not in vocabulary
GSM9499634,cell type,embryonic kidney epithelial,not in vocabulary
GSM5724548,cell type,glia,not in vocabulary
GSM5724549,cell type,glia,not in vocabulary
GSM5724550,cell type,glia,not in vocabulary
GSM5724551,cell type,glia,not in vocabulary
GSM5724552,cell type,glia,not in vocabulary
GSM5724553,cell type,glia,not in vocabulary
GSM5724554,cell type,glia,not in vocabulary
GSM5724555,cell type,glia,not in vocabulary
GSM5724556,cell type,glia,not in vocabulary
GSM5724557,cell type,glia,not in vocabulary
GSM5724558,cell type,glia,not in vocabulary
GSM5724559,cell type,glia,not in vocabulary
GSM9533400,cell type,immune cells,not in vocabulary
GSM9533401,cell type,immune cells,not in vocabulary
GSM9533402,cell type,immune cells,not in vocabulary
GSM9533403,cell type,immune cells,not in vocabulary
GSM9347488,cell type,multiple brain cell types,not in vocabulary
GSM9347489,cell type,multiple brain cell types,not in vocabulary
GSM9347490,cell type,multiple brain cell types,not in vocabulary
GSM9347491,cell type,multiple brain cell types,not in vocabulary
GSM9347492,cell type,multiple brain cell types,not in vocabulary
GSM9347493,cell type,multiple brain cell types,not in vocabulary
GSM9347494,cell type,multiple brain cell types,not in vocabulary
GSM9347495,cell type,multiple brain cell types,not in vocabulary
GSM9347496,cell type,multiple brain cell types,not in vocabulary
GSM9347497,cell type,multiple brain cell types,not in vocabulary
GSM9347498,cell type,multiple brain cell types,not in vocabulary
GSM9347499,cell type,multiple brain cell types,not in vocabulary
GSM9347500,cell type,multiple brain cell types,not in vocabulary
GSM9347501,cell type,multiple brain cell types,not in vocabulary
GSM9347502,cell type,multiple brain cell types,not in vocabulary
GSM9347503,cell type,multiple brain cell types,not in vocabulary
GSM9347504,cell type,multiple brain cell types,not in vocabulary
GSM9347505,cell type,multiple brain cell types,not in vocabulary
GSM9347506,cell type,multiple brain cell types,not in vocabulary
GSM9347507,cell type,multiple brain cell types,not in vocabulary
GSM9347508,cell type,multiple brain cell types,not in vocabulary
GSM8641186,cell type,neural cells and myeloid cells,not in vocabulary
GSM8641187,cell type,neural cells and myeloid cells,not in vocabulary
GSM8641188,cell type,neural cells and myeloid cells,not in vocabulary
GSM8641189,cell type,neural cells and myeloid cells,not in vocabulary
GSM8641190,cell type,neural cells and myeloid cells,not in vocabulary
GSM8641191,cell type,neural cells and myeloid cells,not in vocabulary
GSM2093687,cell type,purple,not in vocabulary
GSM2093689,cell type,purple,not in vocabulary
GSM2093690,cell type,purple,not in vocabulary
GSM2093697,cell type,purple,not in vocabulary
GSM2093703,cell type,purple,not in vocabulary
GSM2093725,cell type,purple,not in vocabulary
GSM2093844,cell type,purple,not in vocabulary
GSM5855988,cell type,retinal immune cells,not in vocabulary
GSM5855989,cell type,retinal immune cells,not in vocabulary
GSM5855990,cell type,retinal immune cells,not in vocabulary
GSM5855991,cell type,retinal immune cells,not in vocabulary
GSM4578972,cell type,total viable population cells,not in vocabulary
GSM2093573,cell type,unannotated,not in vocabulary
GSM2093598,cell type,unannotated,not in vocabulary
GSM2093616,cell type,unannotated,not in vocabulary
GSM2093617,cell type,unannotated,not in vocabulary
GSM2093630,cell type,unannotated,not in vocabulary
GSM2093633,cell type,unannotated,not in vocabulary
GSM2093635,cell type,unannotated,not in vocabulary
GSM2093636,cell type,unannotated,not in vocabulary
GSM2093639,cell type,unannotated,not in vocabulary
GSM2093640,cell type,unannotated,not in vocabulary
GSM2093641,cell type,unannotated,not in vocabulary
GSM2093642,cell type,unannotated,not in vocabulary
GSM2093644,cell type,unannotated,not in vocabulary
GSM2093645,cell type,unannotated,not in vocabulary
GSM2093647,cell type,unannotated,not in vocabulary
GSM2093651,cell type,unannotated,not in vocabulary
GSM2093652,cell type,unannotated,not in vocabulary
GSM2093654,cell type,unannotated,not in vocabulary
GSM2093655,cell type,unannotated,not in vocabulary
GSM2093659,cell type,unannotated,not in vocabulary
GSM2093662,cell type,unannotated,not in vocabulary
GSM2093663,cell type,unannotated,not in vocabulary
GSM2093665,cell type,unannotated,not in vocabulary
GSM2093667,cell type,unannotated,not in vocabulary
GSM2093669,cell type,unannotated,not in vocabulary
GSM2093670,cell type,unannotated,not in vocabulary
GSM2093671,cell type,unannotated,not in vocabulary
GSM2093678,cell type,unannotated,not in vocabulary
GSM2093680,cell type,unannotated,not in vocabulary
GSM2093737,cell type,unannotated,not in vocabulary
GSM2093739,cell type,unannotated,not in vocabulary
GSM2093765,cell type,unannotated,not in vocabulary
GSM2093770,cell type,unannotated,not in vocabulary
GSM2093776,cell type,unannotated,not in vocabulary
GSM2093778,cell type,unannotated,not in vocabulary
GSM2093780,cell type,unannotated,not in vocabulary
GSM2093781,cell type,unannotated,not in vocabulary
GSM2093787,cell type,unannotated,not in vocabulary
GSM2093789,cell type,unannotated,not in vocabulary
GSM2093794,cell type,unannotated,not in vocabulary
GSM2093797,cell type,unannotated,not in vocabulary
GSM2093798,cell type,unannotated,not in vocabulary
GSM2093800,cell type,unannotated,not in vocabulary
GSM2093802,cell type,unannotated,not in vocabulary
GSM2093803,cell type,unannotated,not in vocabulary
GSM2093806,cell type,unannotated,not in vocabulary
GSM2093807,cell type,unannotated,not in vocabulary
GSM2093818,cell type,unannotated,not in vocabulary
GSM2093847,cell type,unannotated,not in vocabulary
GSM2093848,cell type,unannotated,not in vocabulary
GSM2093872,cell type,unannotated,not in vocabulary
GSM2093876,cell type,unannotated,not in vocabulary
GSM2093881,cell type,unannotated,not in vocabulary
GSM7731138,cell type,whole tissue,not in vocabulary
GSM7731140,cell type,whole tissue,not in vocabulary
GSM7731142,cell type,whole tissue,not in vocabulary
GSM7731144,cell type,whole tissue,not in vocabulary
GSM7731146,cell type,whole tissue,not in vocabulary
GSM7731148,cell type,whole tissue,not in vocabulary
GSM7731150,cell type,whole tissue,not in vocabulary
GSM7731152,cell type,whole tissue,not in vocabulary
GSM7731153,cell type,whole tissue,not in vocabulary
GSM7731154,cell type,whole tissue,not in vocabulary
GSM7731155,cell type,whole tissue,not in vocabulary
GSM7731156,cell type,whole tissue,not in vocabulary
GSM7731157,cell type,whole tissue,not in vocabulary
GSM7731158,cell type,whole tissue,not in vocabulary
GSM7731159,cell type,whole tissue,not in vocabulary
GSM7731160,cell type,whole tissue,not in vocabulary
GSM7731161,cell type,whole tissue,not in vocabulary
GSM7731162,cell type,whole tissue,not in vocabulary
GSM7731163,cell type,whole tissue,not in vocabulary
GSM7731164,cell type,whole tissue,not in vocabulary
GSM7731165,cell type,whole tissue,not in vocabulary
GSM7731166,cell type,whole tissue,not in vocabulary
GSM7731167,cell type,whole tissue,not in vocabulary
GSM7731168,cell type,whole tissue,not in vocabulary
GSM7731169,cell type,whole tissue,not in vocabulary
GSM7731170,cell type,whole tissue,not in vocabulary
GSM7731171,cell type,whole tissue,not in vocabulary
GSM7731172,cell type,whole tissue,not in vocabulary
GSM7731173,cell type,whole tissue,not in vocabulary
GSM8145353,cell type,young,not in vocabulary
GSM8145354,cell type,young,not in vocabulary
GSM8145357,cell type,young,not in vocabulary
GSM8145358,cell type,young,not in vocabulary
GSM2967045,tissue,Bladder,not in vocabulary
GSM3040893,tissue,Bladder,not in vocabulary
GSM3040894,tissue,Bladder,not in vocabulary
GSM3040905,tissue,Bladder,not in vocabulary
GSM2879330,tissue,CNS,not in vocabulary
GSM2879331,tissue,CNS,not in vocabulary
GSM2879332,tissue,CNS,not in vocabulary
GSM2879333,tissue,CNS,not in vocabulary
GSM2879334,tissue,CNS,not in vocabulary
GSM2879335,tissue,CNS,not in vocabulary
GSM9140830,tissue,CNS,not in vocabulary
GSM9140831,tissue,CNS,not in vocabulary
GSM9140832,tissue,CNS,not in vocabulary
GSM9140833,tissue,CNS,not in vocabulary
GSM9140834,tissue,CNS,not in vocabulary
GSM9140835,tissue,CNS,not in vocabulary
GSM9140836,tissue,CNS,not in vocabulary
GSM9140837,tissue,CNS,not in vocabulary
GSM9140838,tissue,CNS,not in vocabulary
GSM9140839,tissue,CNS,not in vocabulary
GSM9140840,tissue,CNS,not in vocabulary
GSM9140841,tissue,CNS,not in vocabulary
GSM9140842,tissue,CNS,not in vocabulary
GSM9140843,tissue,CNS,not in vocabulary
GSM9140844,tissue,CNS,not in vocabulary
GSM9140845,tissue,CNS,not in vocabulary
GSM9140846,tissue,CNS,not in vocabulary
GSM9140848,tissue,CNS,not in vocabulary
GSM9140851,tissue,CNS,not in vocabulary
GSM9140852,tissue,CNS,not in vocabulary
GSM9140853,tissue,CNS,not in vocabulary
GSM9140854,tissue,CNS,not in vocabulary
GSM9140855,tissue,CNS,not in vocabulary
GSM9140856,tissue,CNS,not in vocabulary
GSM9140859,tissue,CNS,not in vocabulary
GSM9140860,tissue,CNS,not in vocabulary
GSM9140861,tissue,CNS,not in vocabulary
GSM9140862,tissue,CNS,not in vocabulary
GSM9140863,tissue,CNS,not in vocabulary
GSM9140866,tissue,CNS,not in vocabulary
GSM9140867,tissue,CNS,not in vocabulary
GSM9140868,tissue,CNS,not in vocabulary
GSM9140870,tissue,CNS,not in vocabulary
GSM9140878,tissue,CNS,not in vocabulary
GSM9140879,tissue,CNS,not in vocabulary
GSM9140899,tissue,CNS,not in vocabulary
GSM9140901,tissue,CNS,not in vocabulary
GSM9140903,tissue,CNS,not in vocabulary
GSM2967048,tissue,Colon,not in vocabulary
GSM2588520,tissue,Colon macrophages,not in vocabulary
GSM2588521,tissue,Colon macrophages,not in vocabulary
GSM8342704,tissue,Cortices,not in vocabulary
GSM8342705,tissue,Cortices,not in vocabulary
GSM2334836,tissue,GEMM,not in vocabulary
GSM2334838,tissue,GEMM,not in vocabulary
GSM2334840,tissue,GEMM,not in vocabulary
GSM2590419,tissue,GL261,not in vocabulary
GSM2590421,tissue,GL261,not in vocabulary
GSM2590423,tissue,GL261,not in vocabulary
GSM2967054,tissue,Mammary,not in vocabulary
GSM3040910,tissue,Mammary,not in vocabulary
GSM3040911,tissue,Mammary,not in vocabulary
GSM5029923,tissue,Microglia,not in vocabulary
GSM5029924,tissue,Microglia,not in vocabulary
GSM5029925,tissue,Microglia,not in vocabulary
GSM5029926,tissue,Microglia,not in vocabulary
GSM5029927,tissue,Microglia,not in vocabulary
GSM5029928,tissue,Microglia,not in vocabulary
GSM5029929,tissue,Microglia,not in vocabulary
GSM5029930,tissue,Microglia,not in vocabulary
GSM5029931,tissue,Microglia,not in vocabulary
GSM5029932,tissue,Microglia,not in vocabulary
GSM5029933,tissue,Microglia,not in vocabulary
GSM5029934,tissue,Microglia,not in vocabulary
GSM5029935,tissue,Microglia,not in vocabulary
GSM5029936,tissue,Microglia,not in vocabulary
GSM5029937,tissue,Microglia,not in vocabulary
GSM5029938,tissue,Microglia,not in vocabulary
GSM5029939,tissue,Microglia,not in vocabulary
GSM5029940,tissue,Microglia,not in vocabulary
GSM5029941,tissue,Microglia,not in vocabulary
GSM5029942,tissue,Microglia,not in vocabulary
GSM5029943,tissue,Microglia,not in vocabulary
GSM5029944,tissue,Microglia,not in vocabulary
GSM5029945,tissue,Microglia,not in vocabulary
GSM5029946,tissue,Microglia,not in vocabulary
GSM5029947,tissue,Microglia,not in vocabulary
GSM5029948,tissue,Microglia,not in vocabulary
GSM5029949,tissue,Microglia,not in vocabulary
GSM5029950,tissue,Microglia,not in vocabulary
GSM5029951,tissue,Microglia,not in vocabulary
GSM5029952,tissue,Microglia,not in vocabulary
GSM5029953,tissue,Microglia,not in vocabulary
GSM5029954,tissue,Microglia,not in vocabulary
GSM5029955,tissue,Microglia,not in vocabulary
GSM5029956,tissue,Microglia,not in vocabulary
GSM5029957,tissue,Microglia,not in vocabulary
GSM5029958,tissue,Microglia,not in vocabulary
GSM5029959,tissue,Microglia,not in vocabulary
GSM5029960,tissue,Microglia,not in vocabulary
GSM5029961,tissue,Microglia,not in vocabulary
GSM5029962,tissue,Microglia,not in vocabulary
GSM5029963,tissue,Microglia,not in vocabulary
GSM5029964,tissue,Microglia,not in vocabulary
GSM5029965,tissue,Microglia,not in vocabulary
GSM5029966,tissue,Microglia,not in vocabulary
GSM5029967,tissue,Microglia,not in vocabulary
GSM5029968,tissue,Microglia,not in vocabulary
GSM5029969,tissue,Microglia,not in vocabulary
GSM5029970,tissue,Microglia,not in vocabulary
GSM5029971,tissue,Microglia,not in vocabulary
GSM5029972,tissue,Microglia,not in vocabulary
GSM5029973,tissue,Microglia,not in vocabulary
GSM5029974,tissue,Microglia,not in vocabulary
GSM5029975,tissue,Microglia,not in vocabulary
GSM5029976,tissue,Microglia,not in vocabulary
GSM5029977,tissue,Microglia,not in vocabulary
GSM5029978,tissue,Microglia,not in vocabulary
GSM5029979,tissue,Microglia,not in vocabulary
GSM5029980,tissue,Microglia,not in vocabulary
GSM5029981,tissue,Microglia,not in vocabulary
GSM5029982,tissue,Microglia,not in vocabulary
GSM5029983,tissue,Microglia,not in vocabulary
GSM5029984,tissue,Microglia,not in vocabulary
GSM5029985,tissue,Microglia,not in vocabulary
GSM5029986,tissue,Microglia,not in vocabulary
GSM5029987,tissue,Microglia,not in vocabulary
GSM5029988,tissue,Microglia,not in vocabulary
GSM5029989,tissue,Microglia,not in vocabulary
GSM5029990,tissue,Microglia,not in vocabulary
GSM5029991,tissue,Microglia,not in vocabulary
GSM5029992,tissue,Microglia,not in vocabulary
GSM5029993,tissue,Microglia,not in vocabulary
GSM5029994,tissue,Microglia,not in vocabulary
GSM8476315,tissue,Microglia,not in vocabulary
GSM8476316,tissue,Microglia,not in vocabulary
GSM8476317,tissue,Microglia,not in vocabulary
GSM8476318,tissue,Microglia,not in vocabulary
GSM8476319,tissue,Microglia,not in vocabulary
GSM8476320,tissue,Microglia,not in vocabulary
GSM8476321,tissue,Microglia,not in vocabulary
GSM8476322,tissue,Microglia,not in vocabulary
GSM8476323,tissue,Microglia,not in vocabulary
GSM8476324,tissue,Microglia,not in vocabulary
GSM8476325,tissue,Microglia,not in vocabulary
GSM8476326,tissue,Microglia,not in vocabulary
GSM8476327,tissue,Microglia,not in vocabulary
GSM8476328,tissue,Microglia,not in vocabulary
GSM8476329,tissue,Microglia,not in vocabulary
GSM8476330,tissue,Microglia,not in vocabulary
GSM9869166,tissue,Microglia (FACS-purified),not in vocabulary
GSM9869167,tissue,Microglia (FACS-purified),not in vocabulary
GSM9869168,tissue,Microglia (FACS-purified),not in vocabulary
GSM9869169,tissue,Microglia (FACS-purified),not in vocabulary
GSM9869170,tissue,Microglia (FACS-purified),not in vocabulary
GSM9869171,tissue,Microglia (FACS-purified),not in vocabulary
GSM9869172,tissue,Microglia (FACS-purified),not in vocabulary
GSM9869173,tissue,Microglia (FACS-purified),not in vocabulary
GSM9869174,tissue,Microglia (FACS-purified),not in vocabulary
GSM9869175,tissue,Microglia (FACS-purified),not in vocabulary
GSM9869176,tissue,Microglia (FACS-purified),not in vocabulary
GSM9869177,tissue,Microglia (FACS-purified),not in vocabulary
GSM9869178,tissue,Microglia (FACS-purified),not in vocabulary
GSM9869179,tissue,Microglia (FACS-purified),not in vocabulary
GSM9869180,tissue,Microglia (FACS-purified),not in vocabulary
GSM9869181,tissue,Microglia (FACS-purified),not in vocabulary
GSM9869182,tissue,Microglia (FACS-purified),not in vocabulary
GSM9869183,tissue,Microglia (FACS-purified),not in vocabulary
GSM9869184,tissue,Microglia (FACS-purified),not in vocabulary
GSM9869185,tissue,Microglia (FACS-purified),not in vocabulary
GSM9869186,tissue,Microglia (FACS-purified),not in vocabulary
GSM9869187,tissue,Microglia (FACS-purified),not in vocabulary
GSM2967057,tissue,Pancreas,not in vocabulary
GSM9001956,tissue,Primary microglia,not in vocabulary
GSM9001957,tissue,Primary microglia,not in vocabulary
GSM9001958,tissue,Primary microglia,not in vocabulary
GSM9001959,tissue,Primary microglia,not in vocabulary
GSM9001960,tissue,Primary microglia,not in vocabulary
GSM9001961,tissue,Primary microglia,not in vocabulary
GSM9001962,tissue,Primary microglia,not in vocabulary
GSM9001963,tissue,Primary microglia,not in vocabulary
GSM9001964,tissue,Primary microglia,not in vocabulary
GSM9001965,tissue,Primary microglia,not in vocabulary
GSM9001966,tissue,Primary microglia,not in vocabulary
GSM9001967,tissue,Primary microglia,not in vocabulary
GSM9001968,tissue,Primary microglia,not in vocabulary
GSM9001969,tissue,Primary microglia,not in vocabulary
GSM9309264,tissue,RPE,not in vocabulary
GSM9309265,tissue,RPE,not in vocabulary
GSM9309266,tissue,RPE,not in vocabulary
GSM9309267,tissue,RPE,not in vocabulary
GSM9309268,tissue,RPE,not in vocabulary
GSM9309269,tissue,RPE,not in vocabulary
GSM9309338,tissue,RPE,not in vocabulary
GSM9309339,tissue,RPE,not in vocabulary
GSM9309340,tissue,RPE,not in vocabulary
GSM9309341,tissue,RPE,not in vocabulary
GSM9309342,tissue,RPE,not in vocabulary
GSM9309343,tissue,RPE,not in vocabulary
GSM9309344,tissue,RPE,not in vocabulary
GSM9309345,tissue,RPE,not in vocabulary
GSM9309346,tissue,RPE,not in vocabulary
GSM9309347,tissue,RPE,not in vocabulary
GSM9309348,tissue,RPE,not in vocabulary
GSM9309349,tissue,RPE,not in vocabulary
GSM9309350,tissue,RPE,not in vocabulary
GSM9309351,tissue,RPE,not in vocabulary
GSM9309352,tissue,RPE,not in vocabulary
GSM9309353,tissue,RPE,not in vocabulary
GSM9309354,tissue,RPE,not in vocabulary
GSM8385406,tissue,RPE/choroid/sclera complex,not in vocabulary
GSM8385407,tissue,RPE/choroid/sclera complex,not in vocabulary
GSM8385408,tissue,RPE/choroid/sclera complex,not in vocabulary
GSM8385409,tissue,RPE/choroid/sclera complex,not in vocabulary
GSM8385410,tissue,RPE/choroid/sclera complex,not in vocabulary
GSM8385411,tissue,RPE/choroid/sclera complex,not in vocabulary
GSM8385412,tissue,RPE/choroid/sclera complex,not in vocabulary
GSM8385413,tissue,RPE/choroid/sclera complex,not in vocabulary
GSM8385414,tissue,RPE/choroid/sclera complex,not in vocabulary
GSM8385415,tissue,RPE/choroid/sclera complex,not in vocabulary
GSM8385416,tissue,RPE/choroid/sclera complex,not in vocabulary
GSM8385417,tissue,RPE/choroid/sclera complex,not in vocabulary
GSM6858918,tissue,SAMP8,not in vocabulary
GSM6858919,tissue,SAMP8,not in vocabulary
GSM6858920,tissue,SAMP8,not in vocabulary
GSM6858921,tissue,SAMP8,not in vocabulary
GSM6858922,tissue,SAMP8,not in vocabulary
GSM6858923,tissue,SAMP8,not in vocabulary
GSM6858924,tissue,SAMP8,not in vocabulary
GSM6858925,tissue,SAMP8,not in vocabulary
GSM6858926,tissue,SAMP8,not in vocabulary
GSM6858927,tissue,SAMP8,not in vocabulary
GSM6858928,tissue,SAMP8,not in vocabulary
GSM6858929,tissue,SAMP8,not in vocabulary
GSM6858930,tissue,SAMP8,not in vocabulary
GSM6858931,tissue,SAMP8,not in vocabulary
GSM6858932,tissue,SAMP8,not in vocabulary
GSM6858933,tissue,SAMP8,not in vocabulary
GSM6858934,tissue,SAMP8,not in vocabulary
GSM6858935,tissue,SAMP8,not in vocabulary
GSM6858936,tissue,SAMP8,not in vocabulary
GSM6858937,tissue,SAMP8,not in vocabulary
GSM6858938,tissue,SAMP8,not in vocabulary
GSM8060152,tissue,SC_DC,not in vocabulary
GSM8060155,tissue,SC_DC,not in vocabulary
GSM8060158,tissue,SC_DC,not in vocabulary
GSM8060161,tissue,SC_DC,not in vocabulary
GSM8060164,tissue,SC_DC,not in vocabulary
GSM8060167,tissue,SC_DC,not in vocabulary
GSM8060170,tissue,SC_DC,not in vocabulary
GSM8060173,tissue,SC_DC,not in vocabulary
GSM8060176,tissue,SC_DC,not in vocabulary
GSM8060179,tissue,SC_DC,not in vocabulary
GSM8060182,tissue,SC_DC,not in vocabulary
GSM8060185,tissue,SC_DC,not in vocabulary
GSM8060151,tissue,SC_GM,not in vocabulary
GSM8060154,tissue,SC_GM,not in vocabulary
GSM8060157,tissue,SC_GM,not in vocabulary
GSM8060160,tissue,SC_GM,not in vocabulary
GSM8060163,tissue,SC_GM,not in vocabulary
GSM8060166,tissue,SC_GM,not in vocabulary
GSM8060169,tissue,SC_GM,not in vocabulary
GSM8060172,tissue,SC_GM,not in vocabulary
GSM8060175,tissue,SC_GM,not in vocabulary
GSM8060178,tissue,SC_GM,not in vocabulary
GSM8060181,tissue,SC_GM,not in vocabulary
GSM8060184,tissue,SC_GM,not in vocabulary
GSM8060153,tissue,SC_VC,not in vocabulary
GSM8060156,tissue,SC_VC,not in vocabulary
GSM8060159,tissue,SC_VC,not in vocabulary
GSM8060162,tissue,SC_VC,not in vocabulary
GSM8060165,tissue,SC_VC,not in vocabulary
GSM8060168,tissue,SC_VC,not in vocabulary
GSM8060171,tissue,SC_VC,not in vocabulary
GSM8060174,tissue,SC_VC,not in vocabulary
GSM8060177,tissue,SC_VC,not in vocabulary
GSM8060180,tissue,SC_VC,not in vocabulary
GSM8060183,tissue,SC_VC,not in vocabulary
GSM8060186,tissue,SC_VC,not in vocabulary
GSM9663157,tissue,Small Intestine,not in vocabulary
GSM9663158,tissue,Small Intestine,not in vocabulary
GSM9663159,tissue,Small Intestine,not in vocabulary
GSM9663160,tissue,Small Intestine,not in vocabulary
GSM9663161,tissue,Small Intestine,not in vocabulary
GSM9663162,tissue,Small Intestine,not in vocabulary
GSM3514236,tissue,Sorted microglia,not in vocabulary
GSM3514237,tissue,Sorted microglia,not in vocabulary
GSM3514238,tissue,Sorted microglia,not in vocabulary
GSM3514239,tissue,Sorted microglia,not in vocabulary
GSM3514240,tissue,Sorted microglia,not in vocabulary
GSM3514241,tissue,Sorted microglia,not in vocabulary
GSM3514242,tissue,Sorted microglia,not in vocabulary
GSM3514243,tissue,Sorted microglia,not in vocabulary
GSM3514244,tissue,Sorted microglia,not in vocabulary
GSM3514245,tissue,Sorted microglia,not in vocabulary
GSM3514246,tissue,Sorted microglia,not in vocabulary
GSM3514247,tissue,Sorted microglia,not in vocabulary
GSM3514248,tissue,Sorted microglia,not in vocabulary
GSM3514249,tissue,Sorted microglia,not in vocabulary
GSM3514250,tissue,Sorted microglia,not in vocabulary
GSM3514251,tissue,Sorted microglia,not in vocabulary
GSM3514252,tissue,Sorted microglia,not in vocabulary
GSM3514253,tissue,Sorted microglia,not in vocabulary
GSM3514254,tissue,Sorted microglia,not in vocabulary
GSM3514255,tissue,Sorted microglia,not in vocabulary
GSM3514256,tissue,Sorted microglia,not in vocabulary
GSM3514257,tissue,Sorted microglia,not in vocabulary
GSM3514258,tissue,Sorted microglia,not in vocabulary
GSM3514259,tissue,Sorted microglia,not in vocabulary
GSM8866167,tissue,Subdural leptomeninges,not in vocabulary
GSM8866168,tissue,Subdural leptomeninges,not in vocabulary
GSM2967060,tissue,Thymus,not in vocabulary
GSM3040909,tissue,Thymus,not in vocabulary
GSM2967061,tissue,Tongue,not in vocabulary
GSM3040890,tissue,Tongue,not in vocabulary
GSM3040891,tissue,Tongue,not in vocabulary
GSM3040908,tissue,Tongue,not in vocabulary
GSM2967062,tissue,Trachea,not in vocabulary
GSM3040916,tissue,Trachea,not in vocabulary
GSM3040917,tissue,Trachea,not in vocabulary
GSM2936667,tissue,cerebrum,not in vocabulary
GSM2936668,tissue,cerebrum,not in vocabulary
GSM2936669,tissue,cerebrum,not in vocabulary
GSM2936670,tissue,cerebrum,not in vocabulary
GSM2936671,tissue,cerebrum,not in vocabulary
GSM2936672,tissue,cerebrum,not in vocabulary
GSM2936673,tissue,cerebrum,not in vocabulary
GSM2936674,tissue,cerebrum,not in vocabulary
GSM2936675,tissue,cerebrum,not in vocabulary
GSM2936676,tissue,cerebrum,not in vocabulary
GSM2936677,tissue,cerebrum,not in vocabulary
GSM7070798,tissue,glioblastoma,not in vocabulary
GSM7070799,tissue,glioblastoma,not in vocabulary
GSM7070800,tissue,glioblastoma,not in vocabulary
GSM7070801,tissue,glioblastoma,not in vocabulary
GSM5163373,tissue,hindbrain,not in vocabulary
GSM5163374,tissue,hindbrain,not in vocabulary
GSM5163375,tissue,hindbrain,not in vocabulary
GSM5163376,tissue,hindbrain,not in vocabulary
GSM9421180,tissue,human iPSC derived oligodendrocyte,not in vocabulary
GSM9421181,tissue,human iPSC derived oligodendrocyte,not in vocabulary
GSM9421182,tissue,human iPSC derived oligodendrocyte,not in vocabulary
GSM9421183,tissue,human iPSC derived oligodendrocyte,not in vocabulary
GSM9421184,tissue,human iPSC derived oligodendrocyte,not in vocabulary
GSM9421185,tissue,human iPSC derived oligodendrocyte,not in vocabulary
GSM5029920,tissue,iMGL,not in vocabulary
GSM5029921,tissue,iMGL,not in vocabulary
GSM5029922,tissue,iMGL,not in vocabulary
GSM8268584,tissue,left_hemisphere,not in vocabulary
GSM8268585,tissue,left_hemisphere,not in vocabulary
GSM8268586,tissue,left_hemisphere,not in vocabulary
GSM8268587,tissue,left_hemisphere,not in vocabulary
GSM8268588,tissue,left_hemisphere,not in vocabulary
GSM8268589,tissue,left_hemisphere,not in vocabulary
GSM5676949,tissue,leptomeninges,not in vocabulary
GSM5676950,tissue,leptomeninges,not in vocabulary
GSM5676951,tissue,leptomeninges,not in vocabulary
GSM5676952,tissue,leptomeninges,not in vocabulary
GSM2463007,tissue,microglia,not in vocabulary
GSM2463008,tissue,microglia,not in vocabulary
GSM2463009,tissue,microglia,not in vocabulary
GSM2463010,tissue,microglia,not in vocabulary
GSM2463011,tissue,microglia,not in vocabulary
GSM2463012,tissue,microglia,not in vocabulary
GSM2463013,tissue,microglia,not in vocabulary
GSM2463014,tissue,microglia,not in vocabulary
GSM2463015,tissue,microglia,not in vocabulary
GSM2463016,tissue,microglia,not in vocabulary
GSM2463017,tissue,microglia,not in vocabulary
GSM2463018,tissue,microglia,not in vocabulary
GSM2463019,tissue,microglia,not in vocabulary
GSM2463020,tissue,microglia,not in vocabulary
GSM2463021,tissue,microglia,not in vocabulary
GSM2463022,tissue,microglia,not in vocabulary
GSM2463023,tissue,microglia,not in vocabulary
GSM2463024,tissue,microglia,not in vocabulary
GSM2463025,tissue,microglia,not in vocabulary
GSM2463026,tissue,microglia,not in vocabulary
GSM2463027,tissue,microglia,not in vocabulary
GSM2463028,tissue,microglia,not in vocabulary
GSM2463029,tissue,microglia,not in vocabulary
GSM2463030,tissue,microglia,not in vocabulary
GSM2463031,tissue,microglia,not in vocabulary
GSM2463032,tissue,microglia,not in vocabulary
GSM2463033,tissue,microglia,not in vocabulary
GSM2463034,tissue,microglia,not in vocabulary
GSM2463035,tissue,microglia,not in vocabulary
GSM2463036,tissue,microglia,not in vocabulary
GSM2463037,tissue,microglia,not in vocabulary
GSM2463038,tissue,microglia,not in vocabulary
GSM2717720,tissue,microglia,not in vocabulary
GSM2717721,tissue,microglia,not in vocabulary
GSM2717722,tissue,microglia,not in vocabulary
GSM2717723,tissue,microglia,not in vocabulary
GSM2717724,tissue,microglia,not in vocabulary
GSM2717725,tissue,microglia,not in vocabulary
GSM2717726,tissue,microglia,not in vocabulary
GSM2717727,tissue,microglia,not in vocabulary
GSM2717728,tissue,microglia,not in vocabulary
GSM2717729,tissue,microglia,not in vocabulary
GSM2717730,tissue,microglia,not in vocabulary
GSM2717731,tissue,microglia,not in vocabulary
GSM2717732,tissue,microglia,not in vocabulary
GSM2717733,tissue,microglia,not in vocabulary
GSM2717734,tissue,microglia,not in vocabulary
GSM3081106,tissue,microglia,not in vocabulary
GSM3081107,tissue,microglia,not in vocabulary
GSM3081108,tissue,microglia,not in vocabulary
GSM3081109,tissue,microglia,not in vocabulary
GSM3081110,tissue,microglia,not in vocabulary
GSM3081111,tissue,microglia,not in vocabulary
GSM3081112,tissue,microglia,not in vocabulary
GSM3081113,tissue,microglia,not in vocabulary
GSM3081114,tissue,microglia,not in vocabulary
GSM3081115,tissue,microglia,not in vocabulary
GSM3081116,tissue,microglia,not in vocabulary
GSM3081117,tissue,microglia,not in vocabulary
GSM3081118,tissue,microglia,not in vocabulary
GSM3081119,tissue,microglia,not in vocabulary
GSM3081120,tissue,microglia,not in vocabulary
GSM3081121,tissue,microglia,not in vocabulary
GSM3081122,tissue,microglia,not in vocabulary
GSM3081123,tissue,microglia,not in vocabulary
GSM3081124,tissue,microglia,not in vocabulary
GSM3081125,tissue,microglia,not in vocabulary
GSM3081126,tissue,microglia,not in vocabulary
GSM3081127,tissue,microglia,not in vocabulary
GSM3081128,tissue,microglia,not in vocabulary
GSM3081129,tissue,microglia,not in vocabulary
GSM3081130,tissue,microglia,not in vocabulary
GSM3081131,tissue,microglia,not in vocabulary
GSM3081132,tissue,microglia,not in vocabulary
GSM3081133,tissue,microglia,not in vocabulary
GSM3081134,tissue,microglia,not in vocabulary
GSM3081135,tissue,microglia,not in vocabulary
GSM3081136,tissue,microglia,not in vocabulary
GSM3081137,tissue,microglia,not in vocabulary
GSM3081138,tissue,microglia,not in vocabulary
GSM3081139,tissue,microglia,not in vocabulary
GSM3081140,tissue,microglia,not in vocabulary
GSM3081141,tissue,microglia,not in vocabulary
GSM3081142,tissue,microglia,not in vocabulary
GSM3081143,tissue,microglia,not in vocabulary
GSM3081144,tissue,microglia,not in vocabulary
GSM4226322,tissue,microglia,not in vocabulary
GSM4226323,tissue,microglia,not in vocabulary
GSM4226324,tissue,microglia,not in vocabulary
GSM4226325,tissue,microglia,not in vocabulary
GSM4226326,tissue,microglia,not in vocabulary
GSM4226327,tissue,microglia,not in vocabulary
GSM4226328,tissue,microglia,not in vocabulary
GSM4226329,tissue,microglia,not in vocabulary
GSM5975315,tissue,microglia,not in vocabulary
GSM5975316,tissue,microglia,not in vocabulary
GSM5975317,tissue,microglia,not in vocabulary
GSM5975318,tissue,microglia,not in vocabulary
GSM4640659,tissue,murine embryonic stem cells,not in vocabulary
GSM4640660,tissue,murine embryonic stem cells,not in vocabulary
GSM4640661,tissue,murine embryonic stem cells,not in vocabulary
GSM4640662,tissue,murine embryonic stem cells,not in vocabulary
GSM4640663,tissue,murine embryonic stem cells,not in vocabulary
GSM4640664,tissue,murine embryonic stem cells,not in vocabulary
GSM4640665,tissue,murine embryonic stem cells,not in vocabulary
GSM4640666,tissue,murine embryonic stem cells,not in vocabulary
GSM4640667,tissue,murine embryonic stem cells,not in vocabulary
GSM4640668,tissue,murine embryonic stem cells,not in vocabulary
GSM4640669,tissue,murine embryonic stem cells,not in vocabulary
GSM4640670,tissue,murine embryonic stem cells,not in vocabulary
GSM4640671,tissue,murine embryonic stem cells,not in vocabulary
GSM4640672,tissue,murine embryonic stem cells,not in vocabulary
GSM8636589,tissue,primary microglia,not in vocabulary
GSM8636590,tissue,primary microglia,not in vocabulary
GSM8636591,tissue,primary microglia,not in vocabulary
GSM8636592,tissue,primary microglia,not in vocabulary
GSM8636593,tissue,primary microglia,not in vocabulary
GSM8636594,tissue,primary microglia,not in vocabulary
GSM8636595,tissue,primary microglia,not in vocabulary
GSM8636596,tissue,primary microglia,not in vocabulary
GSM8636597,tissue,primary microglia,not in vocabulary
GSM8636598,tissue,primary microglia,not in vocabulary
GSM8636599,tissue,primary microglia,not in vocabulary
GSM8636600,tissue,primary microglia,not in vocabulary
GSM8636601,tissue,primary microglia,not in vocabulary
GSM8636602,tissue,primary microglia,not in vocabulary
GSM8636603,tissue,primary microglia,not in vocabulary
GSM8636604,tissue,primary microglia,not in vocabulary
GSM8636605,tissue,primary microglia,not in vocabulary
GSM8636606,tissue,primary microglia,not in vocabulary
GSM8636607,tissue,primary microglia,not in vocabulary
GSM8636608,tissue,primary microglia,not in vocabulary
GSM8636609,tissue,primary microglia,not in vocabulary
GSM8636610,tissue,primary microglia,not in vocabulary
GSM8636611,tissue,primary microglia,not in vocabulary
GSM8636612,tissue,primary microglia,not in vocabulary
GSM7976716,tissue,superior frontal gyrus,not in vocabulary
GSM7976717,tissue,superior frontal gyrus,not in vocabulary
GSM7976718,tissue,superior frontal gyrus,not in vocabulary
GSM7976719,tissue,superior frontal gyrus,not in vocabulary
GSM7976720,tissue,superior frontal gyrus,not in vocabulary
GSM7976721,tissue,superior frontal gyrus,not in vocabulary
GSM7976722,tissue,superior frontal gyrus,not in vocabulary
GSM7976723,tissue,superior frontal gyrus,not in vocabulary
GSM7976724,tissue,superior frontal gyrus,not in vocabulary
GSM7976725,tissue,superior frontal gyrus,not in vocabulary
GSM7976726,tissue,superior frontal gyrus,not in vocabulary
GSM7976727,tissue,superior frontal gyrus,not in vocabulary
GSM7976728,tissue,superior frontal gyrus,not in vocabulary
GSM7976729,tissue,superior frontal gyrus,not in vocabulary
GSM7976730,tissue,superior frontal gyrus,not in vocabulary
