gse,title,data_type,score,tier,n_samples,n_young,n_old,age_min_months,age_max_months,sexes,metadata_completeness,sample_types,tissues,cell_types,flags,pubmed_ids,geo_url
GSE208386,Bulk RNA-seq of microglia at different ages,bulk RNA-seq,100.0,ready,64,14,12,3.0,24.0,"female, male",1.0,isolated cells,brain,microglia,treatment_present,37697166,https://www.ncbi.nlm.nih.gov/geo/query/acc.cgi?acc=GSE208386
GSE233400,Microglial senescence contributes to female-biased neuroinflammation in the aging mouse hippocampus: implications for Alzheimer’s disease,bulk RNA-seq,100.0,ready,38,17,21,5.5,23.5,"female, male",1.0,isolated cells,hippocampus,microglia,,37587511;38058312,https://www.ncbi.nlm.nih.gov/geo/query/acc.cgi?acc=GSE233400
GSE287142,Retinoid X Receptor as a Mediator of Post Stroke Recovery by Reversing Age-Associated Phenotypes of Microglia/Hematogenous Macrophages,bulk RNA-seq,100.0,ready,18,3,6,3.0,19.0,male,1.0,isolated cells,brain,macrophage,single_sex;treatment_present,40803891,https://www.ncbi.nlm.nih.gov/geo/query/acc.cgi?acc=GSE287142
GSE156762,mTOR-dependent translation amplifies microglia priming in ageing,bulk RNA-seq,100.0,ready,9,3,3,6.0,23.0,female,1.0,isolated cells,brain,microglia,single_sex,33108356,https://www.ncbi.nlm.nih.gov/geo/query/acc.cgi?acc=GSE156762
GSE131869,Cx3cr1-deficient microglia exhibit a premature aging transcriptome,bulk RNA-seq,98.0,ready,155,19,10,2.0,24.0,"female, male",0.95,"isolated cells, not stated",,microglia,genotype_mixed;treatment_present,31792059,https://www.ncbi.nlm.nih.gov/geo/query/acc.cgi?acc=GSE131869
GSE166548,White matter aging drives microglial diversity,single-cell RNA-seq,97.0,ready,1047,27,287,0.46,28.0,"female, male, mixed",1.0,"isolated cells, tissue","grey matter, prefrontal cortex, white matter",microglia,pooled_samples;single_cell;genotype_mixed,33606969;34159323,https://www.ncbi.nlm.nih.gov/geo/query/acc.cgi?acc=GSE166548
GSE115622,Quiescence modulates stem cell maintenance and regenerative capacity in the aging brain – SMART-seq2,single-cell RNA-seq,97.0,ready,168,8,158,2.0,25.0,male,1.0,"isolated cells, tissue","cerebral cortex, striatum, subventricular zone","astrocyte, microglia",single_sex;single_cell,30827680,https://www.ncbi.nlm.nih.gov/geo/query/acc.cgi?acc=GSE115622
GSE267529,Microglia undergo sex-dimorphic transcriptional and metabolic rewiring during aging,single-cell RNA-seq,97.0,ready,20,10,10,4.0,25.0,"female, male",1.0,isolated cells,hippocampus,microglia,single_cell,38840206,https://www.ncbi.nlm.nih.gov/geo/query/acc.cgi?acc=GSE267529
GSE188646,Single cell analysis of the aging hypothalamus,single-cell RNA-seq,97.0,ready,8,4,4,3.0,21.5,female,1.0,tissue,hypothalamus,,single_sex;single_cell,36285248,https://www.ncbi.nlm.nih.gov/geo/query/acc.cgi?acc=GSE188646
GSE87102,"Genome-wide profiling of hypothalamus, cerebellum, striatum, and frontal cortex across young, middle-aged, and aged mice",microarray,94.0,ready,104,39,34,2.5,23.0,"female, male",1.0,tissue,"cerebellum, cerebral cortex, hypothalamus, striatum",,,27689748,https://www.ncbi.nlm.nih.gov/geo/query/acc.cgi?acc=GSE87102
GSE203202,Sex-related differences in Alzheimer’s disease,microarray,94.0,ready,36,6,12,,,"female, male",1.0,primary culture,,microglia,qualitative_age;genotype_mixed,35875349,https://www.ncbi.nlm.nih.gov/geo/query/acc.cgi?acc=GSE203202
GSE85084,Sexually dimorphic induction of microglial-associated neuroinflammation with hippocampal aging,microarray,94.0,ready,24,8,8,,,"female, male",1.0,tissue,hippocampus,,qualitative_age,28732515,https://www.ncbi.nlm.nih.gov/geo/query/acc.cgi?acc=GSE85084
GSE182973,Sex modulates microglia in the aging brain,bulk RNA-seq,92.5,ready,22,6,6,1.84,23.0,"female, male",1.0,isolated cells,brain,microglia,no_publication,,https://www.ncbi.nlm.nih.gov/geo/query/acc.cgi?acc=GSE182973
GSE309778,Lysosomal multi-omics reveals altered sphingolipid catabolism as driver of lysosomal dysfunction in the aging brain.,bulk RNA-seq,92.5,ready,12,4,4,3.0,18.0,male,1.0,tissue,cerebral cortex,,single_sex;no_publication,,https://www.ncbi.nlm.nih.gov/geo/query/acc.cgi?acc=GSE309778
GSE75083,Progranulin Deficiency Promotes Circuit-Specific Synaptic Pruning by Microglia via Complement Activation,microarray,91.6,ready,169,27,9,2.0,18.0,"female, male",0.9408,"isolated cells, tissue","cerebellum, cerebral cortex, hippocampus",microglia,genotype_mixed,27114033,https://www.ncbi.nlm.nih.gov/geo/query/acc.cgi?acc=GSE75083
GSE99074,Transcriptomic analysis of purified human cortical microglia reveals age-associated changes,bulk RNA-seq,90.8,ready,71,19,26,2.3,1224.0,"female, male",0.7711,"isolated cells, tissue",brain,microglia,mixed_organisms,28671693,https://www.ncbi.nlm.nih.gov/geo/query/acc.cgi?acc=GSE99074
GSE128770,Age Attenuates the Transcriptional Changes that Occur with Sleep in the Medial Prefrontal Cortex,bulk RNA-seq,90.0,ready,108,54,54,,,,0.75,tissue,prefrontal cortex,,qualitative_age;sex_not_reported,31549781;32928100,https://www.ncbi.nlm.nih.gov/geo/query/acc.cgi?acc=GSE128770
GSE283401,Gene expression profile of Fcrls+/CD11b+/Ly6C- microglia from young and old mice after abdominal surgery,bulk RNA-seq,90.0,ready,96,16,32,4.0,21.0,,0.75,isolated cells,brain,microglia,sex_not_reported;treatment_present,39696348,https://www.ncbi.nlm.nih.gov/geo/query/acc.cgi?acc=GSE283401
GSE98401,MEF2C restrains microglial responses to inflammatory stimuli and is reduced upon IFN-I in brain aging,bulk RNA-seq,90.0,ready,58,15,3,3.0,22.0,,0.75,isolated cells,brain,,age_inferred;sex_not_reported;treatment_present,28959042,https://www.ncbi.nlm.nih.gov/geo/query/acc.cgi?acc=GSE98401
GSE122085,"Characterisation of young, old and old repopulating microglia in spinal cord and brain of C57BL/6 wild type male mice",bulk RNA-seq,90.0,ready,48,16,16,3.0,23.0,,0.75,"isolated cells, tissue","brain, spinal cord",microglia,sex_not_reported;treatment_present,31693894,https://www.ncbi.nlm.nih.gov/geo/query/acc.cgi?acc=GSE122085
GSE123847,RNA sequencing after forced turnover of adult and aged microglia,bulk RNA-seq,90.0,ready,48,12,12,2.0,22.0,,0.75,"isolated cells, tissue",brain,microglia,sex_not_reported;treatment_present,30477578,https://www.ncbi.nlm.nih.gov/geo/query/acc.cgi?acc=GSE123847
GSE168430,"Identification and drug-induced reversion of molecular signatures of Alzheimer´s disease onset and progression in AppNL-G-F, AppNL-F and 3xTg-AD mouse models (RNA-seq: WT/NLF/NLGF)",bulk RNA-seq,90.0,ready,48,12,4,3.0,18.0,,0.75,tissue,hippocampus,,sex_not_reported;genotype_mixed,34702310,https://www.ncbi.nlm.nih.gov/geo/query/acc.cgi?acc=GSE168430
GSE182719,Gut microbiota drives age-related oxidative stress and mitochondrial damage in microglia via the metabolite N(6)-Carboxymethyllysine,bulk RNA-seq,90.0,ready,44,16,24,1.84,23.0,"female, male",0.75,isolated cells,brain,microglia,treatment_present,35241804,https://www.ncbi.nlm.nih.gov/geo/query/acc.cgi?acc=GSE182719
GSE254227,ALS/FTD-linked TBK1 deficiency in microglia induces an aged-like microglial signature and drives social recognition deficits. [FACS_Brain_Microglia],bulk RNA-seq,90.0,ready,35,6,7,4.0,22.0,,0.75,isolated cells,brain,microglia,sex_not_reported;genotype_mixed,40858618,https://www.ncbi.nlm.nih.gov/geo/query/acc.cgi?acc=GSE254227
GSE290810,ALS/FTD-linked TBK1 deficiency in microglia induces an aged-like microglial signature and drives social recognition deficits [FACS_SpinalCord_Microglia & LPS_Brain_SpinalCord],bulk RNA-seq,90.0,ready,35,5,5,4.0,22.0,,0.75,isolated cells,"brain, spinal cord",microglia,sex_not_reported;genotype_mixed;treatment_present,40858618,https://www.ncbi.nlm.nih.gov/geo/query/acc.cgi?acc=GSE290810
GSE154920,Transcriptomes of ATG7 Knockout Microglia,bulk RNA-seq,90.0,ready,30,10,7,,,,0.75,isolated cells,,microglia,qualitative_age;sex_not_reported;genotype_mixed,33067381,https://www.ncbi.nlm.nih.gov/geo/query/acc.cgi?acc=GSE154920
GSE80465,"Aging, microglia and cytoskeletal regulation are key factors in the pathological evolution of the APP23 mouse model for Alzheimer’s disease",bulk RNA-seq,90.0,ready,24,6,6,1.5,24.0,,0.75,tissue,brain,,sex_not_reported;genotype_mixed,27838490,https://www.ncbi.nlm.nih.gov/geo/query/acc.cgi?acc=GSE80465
GSE229620,Effect of genetic deletion of TREM1 on gene expression of brain primary microglia during aging and in 5XFAD Alzhiemer mice,bulk RNA-seq,90.0,ready,21,3,3,,,,0.75,isolated cells,brain,microglia,qualitative_age;sex_not_reported;genotype_mixed,38539014,https://www.ncbi.nlm.nih.gov/geo/query/acc.cgi?acc=GSE229620
GSE287220,Age-associated microglial transcriptome leads to diminished immunogenicity and dysregulation of MCT4 and P2RY12/P2RY13 related functions,bulk RNA-seq,90.0,ready,20,5,5,,,,0.75,cell line,brain,microglia,age_inferred;qualitative_age;sex_not_reported;cell_line;treatment_present,39828750,https://www.ncbi.nlm.nih.gov/geo/query/acc.cgi?acc=GSE287220
GSE282391,Neuroprotective role of sialic-acid-binding immunoglobulin-like lectin-11 in humanized transgenic mice,bulk RNA-seq,90.0,ready,17,4,4,6.0,24.0,,0.75,tissue,brain,,age_inferred;sex_not_reported;genotype_mixed,39764391,https://www.ncbi.nlm.nih.gov/geo/query/acc.cgi?acc=GSE282391
GSE127542,RNA-seq of microglia isolated from the hippocampi of young and aged mice,bulk RNA-seq,90.0,ready,16,8,8,3.0,20.0,,0.75,isolated cells,,microglia,sex_not_reported,30944478,https://www.ncbi.nlm.nih.gov/geo/query/acc.cgi?acc=GSE127542
GSE205803,Naturally-aged microglia exhibit phagocytic dysfunction accompanied by gene expression changes reflective of underlying neurologic disease,bulk RNA-seq,90.0,ready,16,4,4,,,,0.75,isolated cells,,microglia,qualitative_age;sex_not_reported;treatment_present,36376530,https://www.ncbi.nlm.nih.gov/geo/query/acc.cgi?acc=GSE205803
GSE270687,West Nile Virus-induced expression of senescent gene Lgals3bpregulates microglial phenotype within cerebral cortex,bulk RNA-seq,90.0,ready,12,6,6,3.68,19.55,,0.75,isolated cells,brain,,sex_not_reported,39062523,https://www.ncbi.nlm.nih.gov/geo/query/acc.cgi?acc=GSE270687
GSE142361,Transcriptomic and Functional Studies Reveal Undermined Chemotactic and Angiostimulatory Properties of Aged Microglia During Stroke Recovery,bulk RNA-seq,90.0,ready,8,4,4,2.3,18.0,,0.75,isolated cells,,microglia,sex_not_reported,32065074,https://www.ncbi.nlm.nih.gov/geo/query/acc.cgi?acc=GSE142361
GSE145265,Transcriptomic analysis of mouse brain microglia on aging-associated changes in response to cerebral ischemia,bulk RNA-seq,90.0,ready,8,4,4,2.3,18.0,,0.75,isolated cells,brain,microglia,sex_not_reported,32438860,https://www.ncbi.nlm.nih.gov/geo/query/acc.cgi?acc=GSE145265
GSE127963,Aged blood impairs hippocampal neural precursor activity and activates microglia via brain endothelial cell VCAM1,single-cell RNA-seq,89.5,ready,316,187,129,3.0,19.0,male,1.0,"cell line, isolated cells",brain,endothelial cell,single_sex;cell_line;single_cell;no_publication,,https://www.ncbi.nlm.nih.gov/geo/query/acc.cgi?acc=GSE127963
GSE234420,cGAS/STING drives ageing-related inflammation and neurodegeneration III,single-cell RNA-seq,87.0,ready,9,3,3,,,,0.75,tissue,hippocampus,,age_inferred;qualitative_age;sex_not_reported;single_cell;treatment_present,37532932,https://www.ncbi.nlm.nih.gov/geo/query/acc.cgi?acc=GSE234420
GSE204828,Comprehensive analysis of cellular senescence in the central nervous system revealed microglial senescence and its involvement in demyelinating diseases,single-cell RNA-seq,87.0,ready,8,4,4,2.0,22.0,,0.75,tissue,brain,,sex_not_reported;single_cell,37353538,https://www.ncbi.nlm.nih.gov/geo/query/acc.cgi?acc=GSE204828
GSE62420,The regional mouse microglial transcriptome during aging,microarray,84.0,ready,56,24,16,4.0,22.0,,0.75,"isolated cells, tissue",brain,microglia,sex_not_reported,26780511;28303091,https://www.ncbi.nlm.nih.gov/geo/query/acc.cgi?acc=GSE62420
GSE38739,Age-related changes in gene expression in retinal microglia,microarray,84.0,ready,16,4,8,3.0,24.0,,0.75,isolated cells,,microglia,sex_not_reported,23608111,https://www.ncbi.nlm.nih.gov/geo/query/acc.cgi?acc=GSE38739
GSE127758,Aged blood impairs hippocampal neural precursor activity and activates microglia via brain endothelial cell VCAM1,bulk RNA-seq,82.5,ready,12,6,6,,,,0.75,isolated cells,hippocampus,endothelial cell,qualitative_age;sex_not_reported;no_publication,,https://www.ncbi.nlm.nih.gov/geo/query/acc.cgi?acc=GSE127758
GSE225948,Brain and blood single-cell transcriptomic analysis in acute and subacute phases after experimental stroke,single-cell RNA-seq,82.0,ready,29,8,2,2.07,18.5,"female, male",1.0,"isolated cells, tissue","blood, brain",endothelial cell,single_cell;under_replicated;treatment_present,38177281,https://www.ncbi.nlm.nih.gov/geo/query/acc.cgi?acc=GSE225948
GSE207932,"Gene expression profile at single-cell level of microglia from 3-, 14- and 24-month-old female mouse brains",single-cell RNA-seq,82.0,ready,6,1,1,3.0,24.0,female,1.0,isolated cells,brain,microglia,single_sex;single_cell;under_replicated;treatment_present,37697166,https://www.ncbi.nlm.nih.gov/geo/query/acc.cgi?acc=GSE207932
GSE208292,scRNA-seq of brain cells from 3- and 24-month-old mouse brains,single-cell RNA-seq,82.0,ready,2,1,1,3.0,24.0,female,1.0,tissue,brain,,single_sex;single_cell;under_replicated;few_samples,37697166,https://www.ncbi.nlm.nih.gov/geo/query/acc.cgi?acc=GSE208292
GSE234667,Extracellular vesicles in young serum contribute to restoration of age-related brain transcriptomes and cognition in old mice,bulk RNA-seq,81.9,ready,89,4,4,,,,0.5478,tissue,"brain, choroid plexus, hippocampus",,age_inferred;qualitative_age;sex_not_reported;genotype_mixed,37628730,https://www.ncbi.nlm.nih.gov/geo/query/acc.cgi?acc=GSE234667
GSE206618,Brain injury accelerates the onset of a reversible age-related microglial phenotype associated with hyperphagocytosis and inflammatory neurodegeneration,bulk RNA-seq,80.0,ready,15,3,8,3.0,18.0,,0.5,isolated cells,brain,microglia,sex_not_reported;treatment_present,36888713,https://www.ncbi.nlm.nih.gov/geo/query/acc.cgi?acc=GSE206618
GSE166304,White matter aging drives microglial diversity,bulk RNA-seq,80.0,ready,8,4,4,4.0,21.0,,0.5,tissue,"grey matter, white matter",,sex_not_reported,33606969,https://www.ncbi.nlm.nih.gov/geo/query/acc.cgi?acc=GSE166304
GSE104181,Functional aspects of meningeal lymphatics in ageing and Alzheimer's disease [1 of 3],bulk RNA-seq,80.0,ready,6,3,3,2.5,22.0,,0.5,not stated,,,sex_not_reported,30046111,https://www.ncbi.nlm.nih.gov/geo/query/acc.cgi?acc=GSE104181
GSE179698,Microglia aging progresses through functional intermediate steps III,single-cell RNA-seq,79.5,ready,12,6,6,3.0,24.0,,0.75,"isolated cells, tissue",hippocampus,microglia,sex_not_reported;single_cell;no_publication,,https://www.ncbi.nlm.nih.gov/geo/query/acc.cgi?acc=GSE179698
GSE117646,"Microglial translational profiling reveals a convergent APOE pathway from aging, amyloid, and tau",bulk RNA-seq,77.7,ready,70,10,8,,,"female, male",0.4429,"isolated cells, tissue",brain,microglia,age_inferred;qualitative_age,30082275,https://www.ncbi.nlm.nih.gov/geo/query/acc.cgi?acc=GSE117646
GSE161340,Whole-Body Senescent Cell Clearance Alleviates Age-Related Brain Inflammation and Cognitive Impairment in Mice,single-cell RNA-seq,77.0,ready,8,4,4,4.0,24.0,,0.5,tissue,hippocampus,,sex_not_reported;single_cell,33470505,https://www.ncbi.nlm.nih.gov/geo/query/acc.cgi?acc=GSE161340
GSE129923,Genome-wide microarray analysis on choroid plexus of young and aged mice,microarray,76.5,ready,6,3,3,2.5,21.0,,0.75,tissue,choroid plexus,,sex_not_reported;no_publication,,https://www.ncbi.nlm.nih.gov/geo/query/acc.cgi?acc=GSE129923
GSE160991,Generalized reversal of glial and neurovascular cell transcriptomic aging signatures by glucagon-like peptide-1 receptor agonist,bulk RNA-seq,75.0,ready,3,1,2,2.5,19.0,,0.75,tissue,brain,,sex_not_reported;under_replicated;few_samples,34079050,https://www.ncbi.nlm.nih.gov/geo/query/acc.cgi?acc=GSE160991
GSE195891,Single cell RNA-seq of immune cells in multiple mouse models of outer retinal degeneration,single-cell RNA-seq,72.0,usable with curation,4,2,1,1.97,24.0,,0.75,tissue,retina,,sex_not_reported;single_cell;under_replicated;genotype_mixed,38289348,https://www.ncbi.nlm.nih.gov/geo/query/acc.cgi?acc=GSE195891
GSE109329,Transcriptome sequencing elucidates gene modules in microglia,bulk RNA-seq,70.3,usable with curation,816,11,13,2.0,22.0,,0.2574,"isolated cells, primary culture",,microglia,age_inferred;sex_not_reported;treatment_present,30819113,https://www.ncbi.nlm.nih.gov/geo/query/acc.cgi?acc=GSE109329
GSE118989,KCNH2-3.1 mediates aberrant complement activation to impair hippocampal-medial prefrontal pathway associated with schizophrenia,bulk RNA-seq,70.0,usable with curation,69,14,0,0.46,5.06,"female, male",1.0,tissue,prefrontal cortex,,genotype_mixed,31570775,https://www.ncbi.nlm.nih.gov/geo/query/acc.cgi?acc=GSE118989
GSE134031,TREM2 regulates microglial lipid metabolism during aging in mice [RNA-Seq],bulk RNA-seq,70.0,usable with curation,56,14,0,2.0,16.0,female,1.0,isolated cells,brain,"astrocyte, microglia",single_sex;genotype_mixed,31902528,https://www.ncbi.nlm.nih.gov/geo/query/acc.cgi?acc=GSE134031
GSE241574,Reproducible specificity and efficiency of tamoxifen-mediated cre induction across ages,bulk RNA-seq,70.0,usable with curation,36,0,0,,,"female, male",1.0,isolated cells,hippocampus,microglia,qualitative_age;genotype_mixed;treatment_present,38058312,https://www.ncbi.nlm.nih.gov/geo/query/acc.cgi?acc=GSE241574
GSE273083,"Transcriptomic profiling of mouse brain in PGRN KO, NesGrnOE-KOBG, EGFL7-PGRNdko and floxed control mice (Grnflfl)",bulk RNA-seq,70.0,usable with curation,28,0,0,14.19,16.03,female,1.0,tissue,cerebral cortex,,single_sex;genotype_mixed,41520115,https://www.ncbi.nlm.nih.gov/geo/query/acc.cgi?acc=GSE273083
GSE288261,A Novel Microglia-Specific Transcriptional Signatures Correlates with Behavioural Deficits in Neuropsychiatric Lupus (NP-SLE),bulk RNA-seq,70.0,usable with curation,28,0,0,5.5,11.5,female,1.0,isolated cells,brain,"macrophage, microglia",single_sex;genotype_mixed,32174913,https://www.ncbi.nlm.nih.gov/geo/query/acc.cgi?acc=GSE288261
GSE131283,RNA-seq of different brain tissue areas of Trrap conditional knockout Mus musculus,bulk RNA-seq,70.0,usable with curation,16,0,0,0.33,0.33,"female, male",1.0,tissue,"cerebral cortex, striatum",,genotype_mixed,33594975,https://www.ncbi.nlm.nih.gov/geo/query/acc.cgi?acc=GSE131283
GSE242751,Functional Interaction between APOE4 and mutant APP promotes cerebrovascular changes in young animals,bulk RNA-seq,70.0,usable with curation,15,12,0,3.0,3.0,female,1.0,tissue,hippocampus,,single_sex;genotype_mixed,41211332,https://www.ncbi.nlm.nih.gov/geo/query/acc.cgi?acc=GSE242751
GSE297917,Youth-associated protein TIMP2 regulates microglial state and function in healthy and aged mice [Bulk RNA-seq],bulk RNA-seq,70.0,usable with curation,14,0,0,0.2,0.2,mixed,1.0,isolated cells,,microglia,pooled_samples;genotype_mixed,42586968,https://www.ncbi.nlm.nih.gov/geo/query/acc.cgi?acc=GSE297917
GSE156542,Loss of TDP-43 in astrocytes leads to motor deficits by triggering A1-like reactive phenotype and tri-glial dysfunctions,bulk RNA-seq,70.0,usable with curation,12,0,0,3.0,3.0,"female, male",1.0,"isolated cells, tissue",spinal cord,astrocyte,genotype_mixed,33127758,https://www.ncbi.nlm.nih.gov/geo/query/acc.cgi?acc=GSE156542
GSE163725,"Aging-associated deficit in CCR7 is linked to worsened glymphatic function, cognition and amyloid beta pathology",bulk RNA-seq,70.0,usable with curation,8,0,0,5.0,5.0,male,1.0,tissue,brain,,single_sex;genotype_mixed,34020948,https://www.ncbi.nlm.nih.gov/geo/query/acc.cgi?acc=GSE163725
GSE139542,RNA-seq of lipid droplet-low and lipid droplet-rich microglia isolated from the hippocampi of aged mice,bulk RNA-seq,70.0,usable with curation,6,0,6,18.0,18.0,male,1.0,tissue,hippocampus,,single_sex,31959936,https://www.ncbi.nlm.nih.gov/geo/query/acc.cgi?acc=GSE139542
GSE139946,RNA-seq of lipid droplet-low and lipid droplet-rich microglia isolated from the hippocampi of LPS-treated young mice,bulk RNA-seq,70.0,usable with curation,6,6,0,3.0,3.0,male,1.0,tissue,hippocampus,,single_sex,31959936,https://www.ncbi.nlm.nih.gov/geo/query/acc.cgi?acc=GSE139946
GSE140009,RNA-seq of lipid droplet-low and lipid droplet-rich microglia isolated from the hippocampi of Progranulin KO mice,bulk RNA-seq,70.0,usable with curation,6,0,0,10.0,10.0,male,1.0,tissue,hippocampus,,single_sex,31959936,https://www.ncbi.nlm.nih.gov/geo/query/acc.cgi?acc=GSE140009
GSE165105,Loss of Tmem106b leads to cerebellum Purkinje cell death and motor deficits,bulk RNA-seq,70.0,usable with curation,6,0,0,15.0,15.0,"female, male",1.0,tissue,brain,,genotype_mixed,33709463,https://www.ncbi.nlm.nih.gov/geo/query/acc.cgi?acc=GSE165105
GSE168755,Age-associated suppression of exploratory activity during sickness is linked to meningeal lymphatic dysfunction and microglia activation [ablation],bulk RNA-seq,70.0,usable with curation,4,0,0,3.0,3.0,male,1.0,tissue,brain,,single_sex;treatment_present,37065770,https://www.ncbi.nlm.nih.gov/geo/query/acc.cgi?acc=GSE168755
GSE309108,"Transcriptomic and proteomic insights into progressive myoclonus epilepsy, EPM1",bulk RNA-seq,70.0,usable with curation,4,2,0,0.46,6.0,male,1.0,tissue,brain,,single_sex;pooled_samples,41782446,https://www.ncbi.nlm.nih.gov/geo/query/acc.cgi?acc=GSE309108
GSE168754,Age-associated suppression of exploratory activity during sickness is linked to meningeal lymphatic dysfunction and microglia activation [aged],bulk RNA-seq,70.0,usable with curation,2,0,1,24.0,24.0,male,1.0,tissue,brain,,single_sex;treatment_present;few_samples,37065770,https://www.ncbi.nlm.nih.gov/geo/query/acc.cgi?acc=GSE168754
GSE17423,Age-related para-inflammation in the neuroretina of the mouse,microarray,69.0,usable with curation,4,2,2,3.0,20.0,male,0.75,tissue,retina,,single_sex;pooled_samples;under_replicated,20538981,https://www.ncbi.nlm.nih.gov/geo/query/acc.cgi?acc=GSE17423
GSE207955,Gene expression profiles in the hippocampus of the Rp58 hetero-KO and the control wild-type mice in adulthood and old age.,microarray,69.0,usable with curation,4,1,1,4.0,18.0,,0.75,tissue,hippocampus,,sex_not_reported;under_replicated;genotype_mixed,39396010,https://www.ncbi.nlm.nih.gov/geo/query/acc.cgi?acc=GSE207955
GSE121654,"Complex cell-state changes revealed by single cell RNA sequencing of 76,149 microglia throughout the mouse lifespan and in the injured brain",single-cell RNA-seq,67.0,usable with curation,47,11,0,0.13,17.74,"female, male",1.0,"isolated cells, tissue","brain, white matter",,single_cell;treatment_present,30471926,https://www.ncbi.nlm.nih.gov/geo/query/acc.cgi?acc=GSE121654
GSE254104,Alzheimer’s disease-linked risk alleles elevate microglial cGAS-associated senescence and neurodegeneration in a tauopathy model [snRNAseq],single-cell RNA-seq,67.0,usable with curation,27,0,0,9.2,13.1,"female, male",1.0,tissue,hippocampus,,single_cell;genotype_mixed,39353433;39607927,https://www.ncbi.nlm.nih.gov/geo/query/acc.cgi?acc=GSE254104
GSE156183,Prior activation state shapes the microglia response to anti-human TREM2 in a mouse model of Alzheimer's disease,single-cell RNA-seq,67.0,usable with curation,24,0,0,8.0,8.0,"female, male",1.0,tissue,cerebral cortex,,single_cell;genotype_mixed;treatment_present,33446504,https://www.ncbi.nlm.nih.gov/geo/query/acc.cgi?acc=GSE156183
GSE261494,Ifi27l2a regulates the microglial inflammation in the context of aging and stroke,single-cell RNA-seq,67.0,usable with curation,12,0,0,,,"female, male",1.0,tissue,brain,,age_inferred;qualitative_age;single_cell;genotype_mixed;treatment_present,39953063,https://www.ncbi.nlm.nih.gov/geo/query/acc.cgi?acc=GSE261494
GSE198014,Microglial NF-κB drives tau spreading and toxicity in a mouse model of tauopathy [snRNA-Seq],single-cell RNA-seq,67.0,usable with curation,11,0,0,8.39,10.85,female,1.0,tissue,cerebral cortex,,single_sex;single_cell;genotype_mixed,35413950,https://www.ncbi.nlm.nih.gov/geo/query/acc.cgi?acc=GSE198014
GSE164674,C9orf72 deficiency promotes microglial mediated synaptic loss in aging and amyloid accumulation [scRNA-seq],single-cell RNA-seq,67.0,usable with curation,9,0,0,12.0,12.0,"female, male",1.0,isolated cells,,microglia,single_cell;genotype_mixed,34133945,https://www.ncbi.nlm.nih.gov/geo/query/acc.cgi?acc=GSE164674
GSE215440,Microglia regulate myelin growth and integrity in the central nervous system,single-cell RNA-seq,67.0,usable with curation,8,0,0,1.0,1.0,female,1.0,tissue,"cerebral cortex, hippocampus",,single_sex;single_cell;genotype_mixed,36517604,https://www.ncbi.nlm.nih.gov/geo/query/acc.cgi?acc=GSE215440
GSE263191,Chronic Cerebral Hypoperfusion Induces Pathological Venous Remodeling via EPAS1 Regulation,single-cell RNA-seq,67.0,usable with curation,8,4,0,2.63,2.63,"female, male",1.0,tissue,prefrontal cortex,,single_cell;treatment_present,40628749,https://www.ncbi.nlm.nih.gov/geo/query/acc.cgi?acc=GSE263191
GSE154181,Single-nucleus RNA-seq reveals dysregulation of striatal cell identity due to Huntington’s disease mutations,single-cell RNA-seq,67.0,usable with curation,7,0,0,14.0,15.0,male,1.0,tissue,striatum,,age_inferred;single_sex;single_cell;genotype_mixed,34011527,https://www.ncbi.nlm.nih.gov/geo/query/acc.cgi?acc=GSE154181
GSE200642,Integrative single cell and spatial transcriptomic analysis reveal reciprocal microglia-plasma cell crosstalk in the mouse brain during chronic Trypanosoma brucei infection,single-cell RNA-seq,67.0,usable with curation,6,2,0,1.61,1.61,female,1.0,tissue,"brain, hypothalamus",,single_sex;single_cell;treatment_present;non_expression_samples,36180478,https://www.ncbi.nlm.nih.gov/geo/query/acc.cgi?acc=GSE200642
GSE230480,Microglia response upon demyelinating injury [snRNA-seq],single-cell RNA-seq,67.0,usable with curation,6,3,0,3.0,15.0,male,1.0,tissue,brain,,single_sex;single_cell,39053462,https://www.ncbi.nlm.nih.gov/geo/query/acc.cgi?acc=GSE230480
GSE226286,scRNA-seq of brain cells from control and 3xDR mouse brains,single-cell RNA-seq,67.0,usable with curation,5,0,0,6.5,6.5,male,1.0,tissue,brain,,single_sex;single_cell;treatment_present,37697166,https://www.ncbi.nlm.nih.gov/geo/query/acc.cgi?acc=GSE226286
GSE188283,Parenchymal border macrophages regulate CSF flow dynamics [brain],single-cell RNA-seq,67.0,usable with curation,4,4,0,4.0,4.0,male,1.0,tissue,brain,,single_sex;single_cell,36352225,https://www.ncbi.nlm.nih.gov/geo/query/acc.cgi?acc=GSE188283
GSE206114,Parenchymal border macrophages regulate CSF flow dynamics [5xFAD],single-cell RNA-seq,67.0,usable with curation,4,2,0,6.0,6.0,male,1.0,tissue,cerebral cortex,,single_sex;single_cell;genotype_mixed,36352225,https://www.ncbi.nlm.nih.gov/geo/query/acc.cgi?acc=GSE206114
GSE297916,Youth-associated protein TIMP2 regulates microglial state and function in healthy and aged mice [snRNA-seq],single-cell RNA-seq,67.0,usable with curation,4,0,2,20.0,20.0,male,1.0,tissue,hippocampus,,single_sex;single_cell;treatment_present,42586968,https://www.ncbi.nlm.nih.gov/geo/query/acc.cgi?acc=GSE297916
GSE206115,Parenchymal border macrophages regulate CSF flow dynamics [CLO depletion],single-cell RNA-seq,67.0,usable with curation,2,1,0,2.3,2.3,male,1.0,tissue,brain,,single_sex;single_cell;treatment_present;few_samples,36352225,https://www.ncbi.nlm.nih.gov/geo/query/acc.cgi?acc=GSE206115
GSE145454,Ubiquitin ligase COP1 suppresses microglia-mediated inflammation ,bulk RNA-seq,66.7,usable with curation,24,2,3,1.61,1.61,,0.5417,"isolated cells, primary culture, tissue","bone marrow, brain","macrophage, microglia",age_inferred;qualitative_age;sex_not_reported;under_replicated;genotype_mixed;treatment_present;multi_assay;non_expression_samples,32795415,https://www.ncbi.nlm.nih.gov/geo/query/acc.cgi?acc=GSE145454
GSE282130,Tlr7 Drives Sex Differences in Age- and AD-related Demyelination [bulk RNAseq],bulk RNA-seq,66.4,usable with curation,69,0,0,5.5,12.12,"female, male",0.9094,"isolated cells, tissue",hippocampus,microglia,age_unit_missing;age_unreadable;genotype_mixed;treatment_present,39607927,https://www.ncbi.nlm.nih.gov/geo/query/acc.cgi?acc=GSE282130
GSE250280,Opposing role of phagocytic receptors MERTK and AXL in Progranulin deficient FTD,bulk RNA-seq,66.2,usable with curation,39,0,7,8.0,1176.0,"female, male",0.9038,"not stated, tissue",thalamus,,genotype_mixed;mixed_organisms,40596721;40913764;41648346;41684752,https://www.ncbi.nlm.nih.gov/geo/query/acc.cgi?acc=GSE250280
GSE270383,Spatial Mapping of Mouse Brain Aging through Indexed Sequencing,single-cell RNA-seq,65.5,usable with curation,26,0,0,,,female,0.9615,tissue,brain,,age_inferred;qualitative_age;single_sex;single_cell;treatment_present;multi_assay;non_expression_samples,39149282;42120609,https://www.ncbi.nlm.nih.gov/geo/query/acc.cgi?acc=GSE270383
GSE151459,P16 positive microglia population identified in the aged mouse brain ,single-cell RNA-seq,65.3,usable with curation,12,0,2,25.99,26.68,"female, male",0.9583,tissue,brain,,single_cell;genotype_mixed,34598318,https://www.ncbi.nlm.nih.gov/geo/query/acc.cgi?acc=GSE151459
GSE267545,Microglia protect against age-associated brain pathologies,single-cell RNA-seq,65.0,usable with curation,30,0,0,1.0,12.0,"female, male",0.95,"not stated, tissue","brain, cerebral cortex, hippocampus, thalamus",,single_cell;genotype_mixed,38897208,https://www.ncbi.nlm.nih.gov/geo/query/acc.cgi?acc=GSE267545
GSE179358,Microglia aging progresses through functional intermediate steps,single-cell RNA-seq,64.5,usable with curation,4,1,2,6.0,24.0,,0.75,isolated cells,hippocampus,microglia,sex_not_reported;single_cell;under_replicated;no_publication,,https://www.ncbi.nlm.nih.gov/geo/query/acc.cgi?acc=GSE179358
GSE310666,The Role of Supraoptic Hypothalamic Arginine Vasopressin Neurons in Aging-Associated Water Balance and Thermoregulatory Deficits,single-cell RNA-seq,64.5,usable with curation,2,1,1,3.0,22.0,male,0.75,tissue,hypothalamus,,single_sex;single_cell;under_replicated;no_publication;few_samples,,https://www.ncbi.nlm.nih.gov/geo/query/acc.cgi?acc=GSE310666
GSE108595,Expression data from sorted humanized TREM2 murine microglia,microarray,64.0,usable with curation,9,0,0,8.5,8.5,"female, male",1.0,isolated cells,,microglia,genotype_mixed,29321225,https://www.ncbi.nlm.nih.gov/geo/query/acc.cgi?acc=GSE108595
GSE108825,Abnormal microglia and enhanced inflammation-related gene transcription in mice with conditional deletion of Ctcf in Camk2a-Cre-expressing neurons [Whole_HC_CTCF],microarray,64.0,usable with curation,8,0,0,3.68,4.83,"female, male, mixed",1.0,tissue,hippocampus,,pooled_samples;genotype_mixed,29133437,https://www.ncbi.nlm.nih.gov/geo/query/acc.cgi?acc=GSE108825
GSE108826,Abnormal microglia and enhanced inflammation-related gene transcription in mice with conditional deletion of Ctcf in Camk2a-Cre-expressing neurons [RPL_HC_CTCF],microarray,64.0,usable with curation,8,4,0,3.0,3.0,"female, male",1.0,tissue,hippocampus,,genotype_mixed,29133437,https://www.ncbi.nlm.nih.gov/geo/query/acc.cgi?acc=GSE108826
GSE227606,"Transcriptional regulation of microglia priming by IRF7, IRF9 and SMAD3 in accelerated aging mice [RNA-seq]",bulk RNA-seq,62.5,usable with curation,16,4,0,1.38,2.76,"female, male",1.0,isolated cells,brain,microglia,genotype_mixed;no_publication,,https://www.ncbi.nlm.nih.gov/geo/query/acc.cgi?acc=GSE227606
GSE213020,A Cre-deleter specific for embryo-derived brain macrophages reveals distinct features of microglia and border macrophages,single-cell RNA-seq,61.7,usable with curation,17,0,0,1.61,1.61,"female, male",0.8676,"isolated cells, tissue",brain,,single_cell;genotype_mixed;multi_assay;non_expression_samples,36791722,https://www.ncbi.nlm.nih.gov/geo/query/acc.cgi?acc=GSE213020
GSE168137,Systematic Phenotyping and Characterization of the 5xFAD mouse model of Alzheimer’s Disease,bulk RNA-seq,60.0,usable with curation,192,0,0,,,"female, male",0.75,tissue,"cerebral cortex, hippocampus",,no_age,34654824,https://www.ncbi.nlm.nih.gov/geo/query/acc.cgi?acc=GSE168137
GSE287770,Simultaneous profiling of native-state proteomes and transcriptomes of neural cell types using proximity labeling,bulk RNA-seq,60.0,usable with curation,68,0,0,,,"female, male",0.75,"cell line, isolated cells, tissue","cerebral cortex, kidney","astrocyte, microglia, neuron",no_age;cell_line;genotype_mixed;treatment_present;mixed_organisms;multi_assay;non_expression_samples,41917013,https://www.ncbi.nlm.nih.gov/geo/query/acc.cgi?acc=GSE287770
GSE266332,Characterization of the ocular inflammatory response to AAV reveals divergence by sex and age,bulk RNA-seq,60.0,usable with curation,64,0,0,,,"female, male",0.75,isolated cells,retina,microglia,no_age;genotype_mixed;treatment_present,39825566,https://www.ncbi.nlm.nih.gov/geo/query/acc.cgi?acc=GSE266332
GSE269239,Mitochondrial respiration in microglia is essential for response to demyelinating injury but not proliferation,bulk RNA-seq,60.0,usable with curation,64,0,0,,,,0.75,isolated cells,brain,microglia,qualitative_age;sex_not_reported;genotype_mixed;treatment_present,39048801,https://www.ncbi.nlm.nih.gov/geo/query/acc.cgi?acc=GSE269239
GSE137028,Transcriptomic profiling of microglia and astrocytes throughout aging,bulk RNA-seq,60.0,usable with curation,60,36,0,2.0,12.0,,0.75,tissue,brain,,sex_not_reported,32238175,https://www.ncbi.nlm.nih.gov/geo/query/acc.cgi?acc=GSE137028
GSE298240,Inhibition of p38 MAPK after repetitive mild TBI ameliorates immune signaling and behavioral deficit,bulk RNA-seq,60.0,usable with curation,58,0,0,,,"female, male",0.75,tissue,cerebral cortex,,no_age;treatment_present,41618372,https://www.ncbi.nlm.nih.gov/geo/query/acc.cgi?acc=GSE298240
GSE98142,Differential impact of Dicer deficiency on microglia of the developing and adult brain (Bulk RNA-Seq),bulk RNA-seq,60.0,usable with curation,46,35,0,0.0,2.53,,0.75,isolated cells,brain,microglia,sex_not_reported,28636953,https://www.ncbi.nlm.nih.gov/geo/query/acc.cgi?acc=GSE98142
GSE93824,Role of Microglial C5aR1 in the Arctic Alzheimer’s Disease Mouse Model,bulk RNA-seq,60.0,usable with curation,32,4,0,2.0,10.5,,0.75,isolated cells,,microglia,sex_not_reported;genotype_mixed,28923083,https://www.ncbi.nlm.nih.gov/geo/query/acc.cgi?acc=GSE93824
GSE78747,"GRN knockout, sorted brain cells",bulk RNA-seq,60.0,usable with curation,29,0,0,,,"female, male",0.75,isolated cells,brain,,no_age;genotype_mixed,28778989,https://www.ncbi.nlm.nih.gov/geo/query/acc.cgi?acc=GSE78747
GSE153331,Glial Reactivity and Cognitive Decline Follow Chronic Heterochromatin Loss in Neurons,bulk RNA-seq,60.0,usable with curation,25,4,0,3.0,13.0,,0.75,"not stated, tissue",hippocampus,,age_inferred;sex_not_reported;genotype_mixed;treatment_present;multi_assay;non_expression_samples,40781223,https://www.ncbi.nlm.nih.gov/geo/query/acc.cgi?acc=GSE153331
GSE214514,Microglial gene expression in Bmal1 cKO and WT mice,bulk RNA-seq,60.0,usable with curation,25,0,0,,,,0.75,isolated cells,,microglia,qualitative_age;sex_not_reported;genotype_mixed,36829230,https://www.ncbi.nlm.nih.gov/geo/query/acc.cgi?acc=GSE214514
GSE164675,C9orf72 deficiency promotes microglial mediated synaptic loss in aging and amyloid accumulation [bulk RNA-seq],bulk RNA-seq,60.0,usable with curation,24,4,0,3.0,17.0,,0.75,isolated cells,,microglia,sex_not_reported;genotype_mixed,34133945,https://www.ncbi.nlm.nih.gov/geo/query/acc.cgi?acc=GSE164675
GSE168428,"Identification and drug-induced reversion of molecular signatures of Alzheimer´s disease onset and progression in AppNL-G-F, AppNL-F and 3xTg-AD mouse models (RNA-seq: WT/3xTg)",bulk RNA-seq,60.0,usable with curation,24,4,0,3.0,15.0,,0.75,tissue,hippocampus,,sex_not_reported;genotype_mixed,34702310,https://www.ncbi.nlm.nih.gov/geo/query/acc.cgi?acc=GSE168428
GSE173254,Young blood-derived platelet factors abate inflammation and rescue recognition in aging.,bulk RNA-seq,60.0,usable with curation,24,0,0,,,,0.75,"isolated cells, tissue",hippocampus,microglia,qualitative_age;sex_not_reported;treatment_present,37587343,https://www.ncbi.nlm.nih.gov/geo/query/acc.cgi?acc=GSE173254
GSE236627,Multi-omic profiling of Müller cells in diabetic retinopathy identifies the glucocorticoid receptor as a master regulator of the gliotic response,bulk RNA-seq,60.0,usable with curation,24,12,0,5.52,5.52,,0.75,"isolated cells, tissue",retina,"endothelial cell, microglia, neuron",sex_not_reported;genotype_mixed;non_expression_samples,38273366,https://www.ncbi.nlm.nih.gov/geo/query/acc.cgi?acc=GSE236627
GSE254103,Alzheimer’s disease-linked risk alleles elevate microglial cGAS-associated senescence and neurodegeneration in a tauopathy model [bulk_RNAseq],bulk RNA-seq,60.0,usable with curation,24,0,0,0.03,0.03,,0.75,isolated cells,cerebral cortex,microglia,sex_not_reported;genotype_mixed;treatment_present,39353433,https://www.ncbi.nlm.nih.gov/geo/query/acc.cgi?acc=GSE254103
GSE196737,Microglia renewal in old mice enhances the cellular fitness to cope with stroke,bulk RNA-seq,60.0,usable with curation,23,0,0,,,female,0.75,isolated cells,brain,microglia,no_age;single_sex,36541061,https://www.ncbi.nlm.nih.gov/geo/query/acc.cgi?acc=GSE196737
GSE309404,Antagonizing Il10 and Il4 signaling via intracerebral decoy receptor expression attenuates Aβ accumulation,bulk RNA-seq,60.0,usable with curation,23,0,0,,,"female, male",0.75,tissue,brain,,no_age;genotype_mixed;treatment_present,40055831,https://www.ncbi.nlm.nih.gov/geo/query/acc.cgi?acc=GSE309404
GSE79252,Microglia  self-renewal comprises context-dependent random or clonal expansion.,bulk RNA-seq,60.0,usable with curation,21,21,0,1.84,2.76,,0.75,tissue,brain,,sex_not_reported,28414331,https://www.ncbi.nlm.nih.gov/geo/query/acc.cgi?acc=GSE79252
GSE272069,The impact of inactivation of the GH/IGF axis during aging on healthspan,bulk RNA-seq,60.0,usable with curation,20,0,0,,,"female, male",0.75,tissue,liver,,no_age;genotype_mixed,39535693,https://www.ncbi.nlm.nih.gov/geo/query/acc.cgi?acc=GSE272069
GSE116613,TBK1 suppresses RIPK1-driven apoptosis and inflammation during development and in aging,bulk RNA-seq,60.0,usable with curation,18,0,0,0.07,0.07,,0.75,isolated cells,brain,microglia,sex_not_reported;genotype_mixed,30146158,https://www.ncbi.nlm.nih.gov/geo/query/acc.cgi?acc=GSE116613
GSE243748,SEX-DEPENDENT APOE4 NEUTROPHIL-MICROGLIA INTERACTIONS DRIVE COGNITIVE IMPAIRMENT IN ALZHEIMER'S DISEASE [Mouse_Neutro_Spleen_APOE3_4],bulk RNA-seq,60.0,usable with curation,18,0,0,,,female,0.75,isolated cells,,neutrophil,no_age;single_sex;genotype_mixed;treatment_present,38961225,https://www.ncbi.nlm.nih.gov/geo/query/acc.cgi?acc=GSE243748
GSE243747,SEX-DEPENDENT APOE4 NEUTROPHIL-MICROGLIA INTERACTIONS DRIVE COGNITIVE IMPAIRMENT IN ALZHEIMER'S DISEASE [Mouse_Microglia_APOE3_4],bulk RNA-seq,60.0,usable with curation,16,0,0,,,female,0.75,isolated cells,,microglia,no_age;single_sex;genotype_mixed;treatment_present,38961225,https://www.ncbi.nlm.nih.gov/geo/query/acc.cgi?acc=GSE243747
GSE262426,Insulin resistance alters cortical inhibitory neurons and microglia to exacerbate Alzheimer’s knock-in mouse phenotypes ,bulk RNA-seq,60.0,usable with curation,16,0,0,,,"female, male",0.75,tissue,hippocampus,,no_age;genotype_mixed;treatment_present,40964391,https://www.ncbi.nlm.nih.gov/geo/query/acc.cgi?acc=GSE262426
GSE294816,p16-expressing microglia and endothelial cells promote tauopathy and neurovascular abnormalities in PS19 mice,bulk RNA-seq,60.0,usable with curation,16,0,0,,,female,0.75,tissue,hippocampus,,no_age;single_sex;genotype_mixed,40381614,https://www.ncbi.nlm.nih.gov/geo/query/acc.cgi?acc=GSE294816
GSE131213,RNA-seq of murine primary adult stem cells of Trrap inducible knockout Mus musculus with and without 4-OHT treatment,bulk RNA-seq,60.0,usable with curation,15,0,0,2.0,2.0,"female, male",0.75,not stated,,,genotype_mixed;treatment_present,33594975,https://www.ncbi.nlm.nih.gov/geo/query/acc.cgi?acc=GSE131213
GSE149661,CD8+ T-cells infiltrate Alzheimer’s disease brains and regulate neuronal- and synapse-related gene expression in APP-PS1 transgenic mice,bulk RNA-seq,60.0,usable with curation,15,0,0,,,"female, male",0.75,tissue,brain,,no_age;treatment_present,32479993,https://www.ncbi.nlm.nih.gov/geo/query/acc.cgi?acc=GSE149661
GSE192964,Autophagy restricts senescence and enables microglia to engage amyloid plagues in neuroprotection,bulk RNA-seq,60.0,usable with curation,15,0,0,8.0,8.0,,0.75,"isolated cells, tissue",brain,microglia,sex_not_reported;genotype_mixed;treatment_present,37231161,https://www.ncbi.nlm.nih.gov/geo/query/acc.cgi?acc=GSE192964
GSE89482,Gene Expression in Cx3cr1-GFP+ Cells in PS2APP Alzheimer's Disease mice,bulk RNA-seq,60.0,usable with curation,15,0,0,14.0,15.0,,0.75,isolated cells,cerebral cortex,microglia,sex_not_reported;genotype_mixed,29346778,https://www.ncbi.nlm.nih.gov/geo/query/acc.cgi?acc=GSE89482
GSE127543,RNA-seq of microglia isolated from aged mice treated with IgG or anti-CD22.,bulk RNA-seq,60.0,usable with curation,14,0,14,18.0,18.0,,0.75,isolated cells,,microglia,sex_not_reported,30944478,https://www.ncbi.nlm.nih.gov/geo/query/acc.cgi?acc=GSE127543
GSE243749,SEX-DEPENDENT APOE4 NEUTROPHIL-MICROGLIA INTERACTIONS DRIVE COGNITIVE IMPAIRMENT IN ALZHEIMER'S DISEASE [Neutrophils_Spleen_Brain_E3_E4],bulk RNA-seq,60.0,usable with curation,13,0,0,,,female,0.75,isolated cells,"brain, spleen",neutrophil,no_age;single_sex;genotype_mixed,38961225,https://www.ncbi.nlm.nih.gov/geo/query/acc.cgi?acc=GSE243749
GSE129000,Aging-exacerbated demyelinating injury is associated with microglia-derived reactive oxygen species: alleviation by indapamide,bulk RNA-seq,60.0,usable with curation,12,6,0,,,,0.75,tissue,spinal cord,,age_inferred;qualitative_age;sex_not_reported,32030468,https://www.ncbi.nlm.nih.gov/geo/query/acc.cgi?acc=GSE129000
GSE184573,CSN5 deletion in oligodendrocytes causes senescence-induced inflammation and neurodegeneration,bulk RNA-seq,60.0,usable with curation,12,0,0,1.31,1.31,,0.75,isolated cells,brain,oligodendrocyte,sex_not_reported;genotype_mixed,34874913,https://www.ncbi.nlm.nih.gov/geo/query/acc.cgi?acc=GSE184573
GSE190486,Molecular and cognitive signatures of ageing partially restored through synthetic delivery of IL2 to the brain,bulk RNA-seq,60.0,usable with curation,12,0,0,4.0,24.0,,0.75,isolated cells,brain,,sex_not_reported;treatment_present,36975362,https://www.ncbi.nlm.nih.gov/geo/query/acc.cgi?acc=GSE190486
GSE243746,SEX-DEPENDENT APOE4 NEUTROPHIL-MICROGLIA INTERACTIONS DRIVE COGNITIVE IMPAIRMENT IN ALZHEIMER'S DISEASE [Microglia_IL17RA],bulk RNA-seq,60.0,usable with curation,12,0,0,,,male,0.75,isolated cells,brain,microglia,no_age;single_sex;genotype_mixed,38961225,https://www.ncbi.nlm.nih.gov/geo/query/acc.cgi?acc=GSE243746
GSE254228,ALS/FTD-linked TBK1 deficiency in microglia induces an aged-like microglial signature and drives social recognition deficits [Microdissected_Motor Neurons],bulk RNA-seq,60.0,usable with curation,12,0,6,20.0,20.0,,0.75,isolated cells,spinal cord,neuron,sex_not_reported;genotype_mixed,40858618,https://www.ncbi.nlm.nih.gov/geo/query/acc.cgi?acc=GSE254228
GSE261906,An aging-sensitive compensatory neuroprotective factor that confers cognitive resilience,bulk RNA-seq,60.0,usable with curation,12,0,0,1.95,4.25,,0.75,tissue,hippocampus,,sex_not_reported;genotype_mixed,39211220,https://www.ncbi.nlm.nih.gov/geo/query/acc.cgi?acc=GSE261906
GSE272765,Novel roles for the ectoenzyme CD38 in the maintenance of transcriptional and metabolic homeostasis in astrocytes,bulk RNA-seq,60.0,usable with curation,12,0,0,13.0,13.0,,0.75,isolated cells,midbrain,astrocyte,sex_not_reported;genotype_mixed,41400119,https://www.ncbi.nlm.nih.gov/geo/query/acc.cgi?acc=GSE272765
GSE109297,The Effect of TLR2 Activation on  Transcriptome of IFN-induced Microglia,bulk RNA-seq,60.0,usable with curation,11,3,0,1.61,1.61,,0.75,isolated cells,,microglia,sex_not_reported;treatment_present,30131377,https://www.ncbi.nlm.nih.gov/geo/query/acc.cgi?acc=GSE109297
GSE66211,Mecp2: an unexpected regulator of macrophage gene expression and function [RNA-Seq],bulk RNA-seq,60.0,usable with curation,11,7,0,2.53,2.53,,0.75,isolated cells,,"macrophage, microglia",sex_not_reported;genotype_mixed,25902482,https://www.ncbi.nlm.nih.gov/geo/query/acc.cgi?acc=GSE66211
GSE104182,Functional aspects of meningeal lymphatics in ageing and Alzheimer's disease [2 of 3],bulk RNA-seq,60.0,usable with curation,10,5,0,2.0,2.0,,0.75,tissue,hippocampus,,sex_not_reported;treatment_present,30046111,https://www.ncbi.nlm.nih.gov/geo/query/acc.cgi?acc=GSE104182
GSE113351,Functional aspects of meningeal lymphatics in ageing and Alzheimer's disease [3 of 3],bulk RNA-seq,60.0,usable with curation,10,5,0,2.0,2.0,,0.75,tissue,hippocampus,,sex_not_reported;treatment_present,30046111,https://www.ncbi.nlm.nih.gov/geo/query/acc.cgi?acc=GSE113351
GSE169216,Long-term Glatiramer Acetate Treatment Induces Subtle Changes in Microglial Transcriptome,bulk RNA-seq,60.0,usable with curation,10,0,0,,,female,0.75,isolated cells,hippocampus,microglia,no_age;single_sex;genotype_mixed;treatment_present,34744620,https://www.ncbi.nlm.nih.gov/geo/query/acc.cgi?acc=GSE169216
GSE254233,BHLHE40/41 regulate microglia and peripheral macrophage responses associated with Alzheimer’s disease and other disorders of lipid-rich tissues,bulk RNA-seq,60.0,usable with curation,10,0,0,,,female,0.75,isolated cells,brain,microglia,no_age;single_sex;genotype_mixed,38448474,https://www.ncbi.nlm.nih.gov/geo/query/acc.cgi?acc=GSE254233
GSE81230,RNAseq of microglia from Rab7 Mutants & Control and Wild-Type mice,bulk RNA-seq,60.0,usable with curation,10,7,0,2.3,15.0,,0.75,isolated cells,brain,microglia,sex_not_reported,27294511,https://www.ncbi.nlm.nih.gov/geo/query/acc.cgi?acc=GSE81230
GSE94042,Microglial repopulation rewires and rejuvenates the aged brain,bulk RNA-seq,60.0,usable with curation,9,0,0,,,,0.75,tissue,brain,,qualitative_age;sex_not_reported;treatment_present,30276955,https://www.ncbi.nlm.nih.gov/geo/query/acc.cgi?acc=GSE94042
GSE145446,Long term effects of COP1 deletion in microglia in vivo,bulk RNA-seq,60.0,usable with curation,6,0,3,,,,0.75,isolated cells,brain,microglia,age_inferred;qualitative_age;sex_not_reported;genotype_mixed,32795415,https://www.ncbi.nlm.nih.gov/geo/query/acc.cgi?acc=GSE145446
GSE77471,Gamma oscillations attenuate amyloid pathology and trigger a protective microglia response in a mouse model of Alzheimer's disease,bulk RNA-seq,60.0,usable with curation,6,6,0,3.0,3.0,,0.75,tissue,hippocampus,,sex_not_reported,27929004,https://www.ncbi.nlm.nih.gov/geo/query/acc.cgi?acc=GSE77471
GSE163055,Age and dietary fiber effect on mouse brain cells,bulk RNA-seq,60.0,usable with curation,4,0,0,,,,0.75,tissue,brain,,qualitative_age;sex_not_reported;treatment_present,35360677;36797287,https://www.ncbi.nlm.nih.gov/geo/query/acc.cgi?acc=GSE163055
GSE215410,SIRT1 activation attenuates microglia-mediated synaptic engulfment in postoperative cognitive,bulk RNA-seq,60.0,usable with curation,4,0,0,12.0,12.0,,0.75,tissue,hippocampus,,sex_not_reported;treatment_present,36437988,https://www.ncbi.nlm.nih.gov/geo/query/acc.cgi?acc=GSE215410
GSE285471,APOE genotype modifies the gene signature of microglial and astrocytic responses to aging,single-cell RNA-seq,59.5,not recommended,24,0,0,3.0,24.0,"female, male",1.0,tissue,brain,,single_cell;genotype_mixed;no_publication,,https://www.ncbi.nlm.nih.gov/geo/query/acc.cgi?acc=GSE285471
GSE250277,Cholesterol 25-hydroxylase mediates neuroinflammation and neurodegeneration in a mouse model of tauopathy,single-cell RNA-seq,59.5,not recommended,16,0,0,9.2,9.2,female,1.0,tissue,brain,,single_sex;single_cell;genotype_mixed;no_publication,,https://www.ncbi.nlm.nih.gov/geo/query/acc.cgi?acc=GSE250277
GSE293041,"Single-cell transcriptome analysis of wildtype, TREM2 knockout, GPR34 knock-out or TREM2/GPR34 double knock-out primary microglia from wildtype and APP knock-in mice (8 months)",single-cell RNA-seq,59.5,not recommended,10,0,0,8.0,8.0,male,1.0,isolated cells,brain,microglia,single_sex;pooled_samples;single_cell;no_publication,,https://www.ncbi.nlm.nih.gov/geo/query/acc.cgi?acc=GSE293041
GSE293116,"Single-cell transcriptome analysis of wildtype, TREM2 knockout, GPR34 knock-out or TREM2/GPR34 double knock-out primary microglia from wildtype and APP knock-in mice (17 months)",single-cell RNA-seq,59.5,not recommended,8,0,0,17.0,17.0,male,1.0,isolated cells,brain,microglia,single_sex;pooled_samples;single_cell;no_publication,,https://www.ncbi.nlm.nih.gov/geo/query/acc.cgi?acc=GSE293116
GSE293040,"Single-cell transcriptome analysis of wildtype, TREM2 knockout, GPR34 knock-out or TREM2/GPR34 double knock-out primary microglia from wildtype and APP knock-in mice (4 months)",single-cell RNA-seq,59.5,not recommended,6,6,0,4.0,4.0,male,1.0,isolated cells,brain,microglia,single_sex;pooled_samples;single_cell;no_publication,,https://www.ncbi.nlm.nih.gov/geo/query/acc.cgi?acc=GSE293040
GSE201652,single cell RNA sequencing of sham and 3 dpi spinal cords in mice,single-cell RNA-seq,59.5,not recommended,2,2,0,1.84,1.84,mixed,1.0,tissue,spinal cord,,pooled_samples;single_cell;no_publication;few_samples,,https://www.ncbi.nlm.nih.gov/geo/query/acc.cgi?acc=GSE201652
GSE261698,A glial circadian gene expression atlas reveals cell type and disease-specific reprogramming in response to amyloid pathology or aging,single-cell RNA-seq,58.2,not recommended,165,0,0,,,"female, male",0.7803,"isolated cells, tissue",cerebral cortex,"astrocyte, microglia",age_inferred;qualitative_age;single_cell;genotype_mixed,38853870,https://www.ncbi.nlm.nih.gov/geo/query/acc.cgi?acc=GSE261698
GSE198013,Microglial NF-κB drives tau spreading and toxicity in a mouse model of tauopathy [bulk RNA-Seq],single-cell RNA-seq,58.0,not recommended,58,0,0,7.05,11.18,"female, male",0.7759,"isolated cells, tissue",brain,microglia,single_cell;genotype_mixed;treatment_present,35413950,https://www.ncbi.nlm.nih.gov/geo/query/acc.cgi?acc=GSE198013
GSE315101,Soluble DLK1 secreted by telomere-shortening-induced senescent microglia impairs oligodendrocyte functions and alters neuronal activity [DLK1_snRNA-seq],single-cell RNA-seq,57.3,not recommended,27,0,0,8.0,24.0,"female, male",0.9444,"iPSC-derived, tissue",hippocampus,oligodendrocyte,ipsc_or_organoid;single_cell;genotype_mixed;no_publication;mixed_organisms,,https://www.ncbi.nlm.nih.gov/geo/query/acc.cgi?acc=GSE315101
GSE127892,"The major risk factors for Alzheimer’s disease: Age, Sex and Genes, modulate the microglia response to Aβ plaques (KW)",single-cell RNA-seq,57.0,not recommended,12288,0,0,,,"female, male",0.75,tissue,"cerebral cortex, hippocampus",,no_age;age_unit_missing;single_cell;genotype_mixed,31018141;38539015,https://www.ncbi.nlm.nih.gov/geo/query/acc.cgi?acc=GSE127892
GSE127884,"The major risk factors for Alzheimer’s disease: Age, Sex and Genes, modulate the microglia response to Aβ plaques (CDEP)",single-cell RNA-seq,57.0,not recommended,3072,0,0,,,male,0.75,tissue,"cerebral cortex, hippocampus",,no_age;age_unit_missing;single_sex;single_cell;genotype_mixed,31018141;38539015,https://www.ncbi.nlm.nih.gov/geo/query/acc.cgi?acc=GSE127884
GSE98969,Single cell RNA-seq identifies a unique microglia type associated with Alzheimer’s disease [RNA],single-cell RNA-seq,57.0,not recommended,97,0,0,1.0,20.0,,0.75,"isolated cells, tissue","brain, spinal cord",,sex_not_reported;single_cell;treatment_present,28602351,https://www.ncbi.nlm.nih.gov/geo/query/acc.cgi?acc=GSE98969
GSE282329,Tlr7 Drives Sex Differences in Age- and AD-related Demyelination [snRNAseq],single-cell RNA-seq,57.0,not recommended,95,0,0,,,"female, male",0.75,tissue,hippocampus,,no_age;single_cell;genotype_mixed;treatment_present,39607927,https://www.ncbi.nlm.nih.gov/geo/query/acc.cgi?acc=GSE282329
GSE261457,Single cell RNA sequencing of aging neural progenitors reveals loss of excitatory neuron potential and a population with transcriptional immune response (RNA-Seq),single-cell RNA-seq,57.0,not recommended,40,0,0,3.0,24.0,,0.75,tissue,"hippocampus, olfactory bulb, subventricular zone",,sex_not_reported;single_cell;genotype_mixed,39184324,https://www.ncbi.nlm.nih.gov/geo/query/acc.cgi?acc=GSE261457
GSE262632,Sex-dependent APOE4 Neutrophil-microglia interactions drive cognitive impairment in Alzheimer's Disease,single-cell RNA-seq,57.0,not recommended,39,0,0,,,female,0.75,isolated cells,"blood, brain, spleen","microglia, neutrophil",no_age;single_sex;single_cell;genotype_mixed;treatment_present,38961225,https://www.ncbi.nlm.nih.gov/geo/query/acc.cgi?acc=GSE262632
GSE171095,Reversal of Synapse Loss in Alzheimer Mouse Models by Targeting mGluR5 to Prevent Synaptic Tagging by C1q,single-cell RNA-seq,57.0,not recommended,32,0,0,,,"female, male",0.75,tissue,hippocampus,,no_age;single_cell;treatment_present,35648810,https://www.ncbi.nlm.nih.gov/geo/query/acc.cgi?acc=GSE171095
GSE253582,"Transcriptional profiling of CD11b+ microglia isolated from cerebellum and olfactory bulb-removed brains of SAMP8 and SAMR1 mice at 2, 5, and 9 months of age.",single-cell RNA-seq,57.0,not recommended,18,0,0,,,female,0.75,isolated cells,brain,,no_age;single_sex;single_cell;multi_assay,38403918,https://www.ncbi.nlm.nih.gov/geo/query/acc.cgi?acc=GSE253582
GSE178296,Transcriptome profiling of mouse brain microglia in Cnp null mice with 5xFAD background,single-cell RNA-seq,57.0,not recommended,16,4,0,6.0,6.0,,0.75,isolated cells,brain,microglia,sex_not_reported;single_cell;genotype_mixed,37258678,https://www.ncbi.nlm.nih.gov/geo/query/acc.cgi?acc=GSE178296
GSE229418,Alzheimer’s disease-induced phagocytic microglia express a specific profile of coding and non-coding RNAs [lncRNA],single-cell RNA-seq,57.0,not recommended,16,0,0,2.0,6.0,,0.75,isolated cells,brain,microglia,age_inferred;sex_not_reported;single_cell;genotype_mixed;treatment_present,37828821,https://www.ncbi.nlm.nih.gov/geo/query/acc.cgi?acc=GSE229418
GSE285506,Single cell transcriptomic changes in the THY-Tau22 mouse model of Alzheimer's disease at 17 months of age,single-cell RNA-seq,57.0,not recommended,16,0,0,,,"female, male",0.75,tissue,cerebral cortex,,no_age;single_cell;genotype_mixed,40336141,https://www.ncbi.nlm.nih.gov/geo/query/acc.cgi?acc=GSE285506
GSE193625,Astrocyte immunosenescence in IL-10 and cholesterol signaling in the aged brain impairs microglial regulation following peripheral immune activation,single-cell RNA-seq,57.0,not recommended,12,0,0,2.0,18.0,,0.75,tissue,hippocampus,,sex_not_reported;single_cell;treatment_present,35061297,https://www.ncbi.nlm.nih.gov/geo/query/acc.cgi?acc=GSE193625
GSE281947,Age-impaired remyelination is associated with dysregulated microglial transitions.,single-cell RNA-seq,57.0,not recommended,12,0,0,2.0,10.0,,0.75,isolated cells,spinal cord,microglia,age_inferred;sex_not_reported;single_cell;genotype_mixed;treatment_present,41224757,https://www.ncbi.nlm.nih.gov/geo/query/acc.cgi?acc=GSE281947
GSE296768,Plaque-induced transcriptional reprogramming of microglia towards lymphoid receptor expression protects against Alzheimer's disease [scRNA-seq],single-cell RNA-seq,57.0,not recommended,12,2,0,3.0,8.0,,0.75,isolated cells,brain,microglia,sex_not_reported;single_cell;genotype_mixed,41193812,https://www.ncbi.nlm.nih.gov/geo/query/acc.cgi?acc=GSE296768
GSE286094,"Loss of ATG7 in Microglia Impairs UPR, Triggers Ferroptosis and Weakens Amyloid Pathology Control [scRNA-seq]",single-cell RNA-seq,57.0,not recommended,11,0,0,5.0,5.0,,0.75,"isolated cells, tissue",brain,,sex_not_reported;single_cell;genotype_mixed,39945772,https://www.ncbi.nlm.nih.gov/geo/query/acc.cgi?acc=GSE286094
GSE211702,Structural and functional distinctions of co-resident microglia and monocyte-derived macrophages after retinal degeneration,single-cell RNA-seq,57.0,not recommended,9,0,0,,,female,0.75,isolated cells,retina,,no_age;single_sex;single_cell;genotype_mixed;treatment_present,36510226,https://www.ncbi.nlm.nih.gov/geo/query/acc.cgi?acc=GSE211702
GSE261458,Single cell RNA sequencing of aging neural progenitors reveals loss of excitatory neuron potential and a population with transcriptional immune response (scRNA-Seq),single-cell RNA-seq,57.0,not recommended,9,0,0,3.0,24.0,,0.75,tissue,"hippocampus, olfactory bulb, subventricular zone",,sex_not_reported;single_cell;genotype_mixed,39184324,https://www.ncbi.nlm.nih.gov/geo/query/acc.cgi?acc=GSE261458
GSE190012,Single nucleus analysis of brain tissues from DAP12 loss-of-function (KΔ75) mice,single-cell RNA-seq,57.0,not recommended,8,0,4,24.0,24.0,,0.75,tissue,cerebral cortex,,sex_not_reported;single_cell;genotype_mixed,36658241,https://www.ncbi.nlm.nih.gov/geo/query/acc.cgi?acc=GSE190012
GSE202579,CD8+ T cells induce interferon-responsive oligodendrocytes during white matter aging,single-cell RNA-seq,57.0,not recommended,8,0,8,24.0,24.0,,0.75,tissue,"prefrontal cortex, white matter",,sex_not_reported;single_cell,36280798,https://www.ncbi.nlm.nih.gov/geo/query/acc.cgi?acc=GSE202579
GSE208683,Single-nuclei transcriptome sequencing of 5xFAD mouse brain hemisphere with myelin dysfunction,single-cell RNA-seq,57.0,not recommended,8,2,0,6.0,6.0,,0.75,tissue,brain,,sex_not_reported;single_cell;genotype_mixed,37258678,https://www.ncbi.nlm.nih.gov/geo/query/acc.cgi?acc=GSE208683
GSE268159,Single-cell m6A profiling in the mouse brain uncovers cell type-specific RNA methylomes and age-dependent differential methylation [aged study],single-cell RNA-seq,57.0,not recommended,8,0,0,,,,0.75,tissue,cerebral cortex,,age_inferred;qualitative_age;sex_not_reported;single_cell;genotype_mixed;treatment_present,39317796,https://www.ncbi.nlm.nih.gov/geo/query/acc.cgi?acc=GSE268159
GSE271560,Tracking changes in functionality and morphology of repopulated microglia in young and old mice,single-cell RNA-seq,57.0,not recommended,8,0,0,,,female,0.75,isolated cells,brain,microglia,no_age;single_sex;single_cell;genotype_mixed,39363245,https://www.ncbi.nlm.nih.gov/geo/query/acc.cgi?acc=GSE271560
GSE178295,Single-nuclei transcriptome sequencing of mouse grey and white matter under myelin abnormalities,single-cell RNA-seq,57.0,not recommended,6,2,0,3.0,3.0,,0.75,tissue,cerebral cortex,,sex_not_reported;single_cell;genotype_mixed,37258678,https://www.ncbi.nlm.nih.gov/geo/query/acc.cgi?acc=GSE178295
GSE229553,10x single-cell RNA sequencing of microglia from wild-type C57BL/6 and P301S mice,single-cell RNA-seq,57.0,not recommended,6,0,0,,,"female, male",0.75,isolated cells,hippocampus,microglia,no_age;single_cell,37545233,https://www.ncbi.nlm.nih.gov/geo/query/acc.cgi?acc=GSE229553
GSE188284,Parenchymal border macrophages regulate CSF flow dynamics [leptomeningeal macs],single-cell RNA-seq,57.0,not recommended,4,4,0,3.0,3.0,male,0.75,not stated,,,single_sex;single_cell,36352225,https://www.ncbi.nlm.nih.gov/geo/query/acc.cgi?acc=GSE188284
GSE190607,Single-cell Sequencing of Microglia following Repopulation Reveals Distinct Clusters and Transcriptomic Signatures in the 3xTg Alzheimer's Disease Model,single-cell RNA-seq,57.0,not recommended,3,0,0,,,male,0.75,isolated cells,hippocampus,microglia,no_age;single_sex;single_cell;genotype_mixed;treatment_present;few_samples,35787714,https://www.ncbi.nlm.nih.gov/geo/query/acc.cgi?acc=GSE190607
GSE177039,"Comparison of retinal gene expression among Chx10-cre;Tsc f/f, Chx10-cre;Tsc+/+ and 24-month-old C57BL/6 mice",microarray,56.5,not recommended,8,0,2,5.0,24.0,male,1.0,tissue,retina,,single_sex;genotype_mixed;no_publication,,https://www.ncbi.nlm.nih.gov/geo/query/acc.cgi?acc=GSE177039
GSE159463,Microglia response to allergic airway inflammation during early postnatal period in mice,microarray,56.5,not recommended,4,1,0,0.99,2.3,male,1.0,isolated cells,brain,microglia,single_sex;treatment_present;no_publication,,https://www.ncbi.nlm.nih.gov/geo/query/acc.cgi?acc=GSE159463
GSE229416,Alzheimer’s disease-induced phagocytic microglia express a specific profile of coding and non-coding RNAs [BV-2 cells],bulk RNA-seq,54.7,not recommended,32,0,0,2.0,6.0,,0.6172,cell line,,microglia,age_inferred;sex_not_reported;cell_line;treatment_present,37828821,https://www.ncbi.nlm.nih.gov/geo/query/acc.cgi?acc=GSE229416
GSE119650,Transcriptomes of microglia in experimental cerebral malaria in mice in the presence and absence of Type I Interferon signaling,microarray,54.0,not recommended,22,0,0,,,female,0.75,isolated cells,brain,microglia,no_age;single_sex;genotype_mixed;treatment_present,30670056;27991544;30572937,https://www.ncbi.nlm.nih.gov/geo/query/acc.cgi?acc=GSE119650
GSE74615,Acutely isolated murine cortical astrocytes and microglia: Alzheimer's disease vs wildtype,microarray,54.0,not recommended,22,0,0,16.5,16.5,,0.75,isolated cells,brain,"astrocyte, microglia",sex_not_reported;genotype_mixed,25002035,https://www.ncbi.nlm.nih.gov/geo/query/acc.cgi?acc=GSE74615
GSE212343,"APOE modulates microglial immunometabolism in response to age, amyloid pathology, and inflammatory challenge [Bulk RNA-seq]",single-cell RNA-seq,54.0,not recommended,20,0,0,,,,0.675,tissue,brain,,age_inferred;qualitative_age;sex_not_reported;single_cell;genotype_mixed;treatment_present,36871219,https://www.ncbi.nlm.nih.gov/geo/query/acc.cgi?acc=GSE212343
GSE33674,Preservation of cone photoreceptors after a rapid yet transient degeneration and remodeling in cone-only Nrl-/- mouse retina,microarray,54.0,not recommended,20,0,0,1.0,10.0,,0.75,tissue,retina,,sex_not_reported;genotype_mixed,22238088,https://www.ncbi.nlm.nih.gov/geo/query/acc.cgi?acc=GSE33674
GSE111737,"Mitophagy ameliorates Aβ and p-Tau pathologies, and cognitive deficits, in experimental models of Alzheimer’s disease",microarray,54.0,not recommended,19,0,0,8.0,8.0,,0.75,tissue,brain,,sex_not_reported;genotype_mixed;treatment_present,30742114,https://www.ncbi.nlm.nih.gov/geo/query/acc.cgi?acc=GSE111737
GSE60388,In vitro caloric restriction induces protective genes and functional rejuvenation in senescent SAMP8 astrocytes,microarray,54.0,not recommended,12,0,0,0.07,0.07,,0.75,isolated cells,cerebral cortex,astrocyte,sex_not_reported;treatment_present,25711920,https://www.ncbi.nlm.nih.gov/geo/query/acc.cgi?acc=GSE60388
GSE103380,Gene expression of microglia from naïve or MHV infected mouse brains,microarray,54.0,not recommended,8,0,0,1.38,1.38,,0.75,isolated cells,brain,microglia,sex_not_reported,29376888,https://www.ncbi.nlm.nih.gov/geo/query/acc.cgi?acc=GSE103380
GSE98143,Differential impact of Dicer deficiency on microglia of the developing and adult brain (Agilent miRNA microarrays),microarray,54.0,not recommended,6,0,0,1.38,1.38,male,0.75,isolated cells,"brain, liver","macrophage, microglia",single_sex,28636953,https://www.ncbi.nlm.nih.gov/geo/query/acc.cgi?acc=GSE98143
GSE212317,"APOE modulates microglial immunometabolism in response to age, amyloid pathology, and inflammatory challenge [scRNA-seq 1]",single-cell RNA-seq,53.7,not recommended,6,0,0,,,,0.6667,tissue,brain,,age_inferred;qualitative_age;sex_not_reported;single_cell;genotype_mixed;treatment_present,36871219,https://www.ncbi.nlm.nih.gov/geo/query/acc.cgi?acc=GSE212317
GSE277167,Protective variant in PLCγ2 mitigates Alzheimer’s disease associated pathology via enhancing beneficial microglia functions,bulk RNA-seq,52.5,not recommended,31,0,0,,,"female, male",0.75,"isolated cells, tissue","brain, cerebral cortex",microglia,no_age;genotype_mixed;no_publication,,https://www.ncbi.nlm.nih.gov/geo/query/acc.cgi?acc=GSE277167
GSE291239,Glial-specific and inducible full body C3 deficiency does not affect amyloid pathology in the AppNL−G−F mouse model of Alzheimer’s disease,bulk RNA-seq,52.5,not recommended,18,0,0,,,"female, male",0.75,isolated cells,,"astrocyte, microglia",no_age;genotype_mixed;no_publication,,https://www.ncbi.nlm.nih.gov/geo/query/acc.cgi?acc=GSE291239
GSE180746,Transcriptomic profiling identifies CD8+ T-cells in the brain of aged and Alzheimer’s disease transgenic mice as tissue-resident memory T-cells,bulk RNA-seq,52.5,not recommended,17,0,0,,,"female, male",0.75,isolated cells,"blood, brain",t cell,no_age;no_publication,,https://www.ncbi.nlm.nih.gov/geo/query/acc.cgi?acc=GSE180746
GSE306683,"Early loss of astrocyte p38α MAPK reduces hippocampal neuroinflammation, enhances synaptic strength, and increases non-synaptic mitochondrial uncoupling in female mice during non-pathological aging",bulk RNA-seq,52.5,not recommended,15,0,0,,,"female, male",0.75,tissue,hippocampus,,no_age;treatment_present;no_publication,,https://www.ncbi.nlm.nih.gov/geo/query/acc.cgi?acc=GSE306683
GSE156936,RNA-Seq analysis of E4FAD mouse brain cortex to evaluate the impact of omega-6 fatty acid docosapentaenoic acid on neuroinflammation,bulk RNA-seq,52.5,not recommended,12,0,0,12.0,14.0,,0.75,tissue,cerebral cortex,,sex_not_reported;genotype_mixed;no_publication,,https://www.ncbi.nlm.nih.gov/geo/query/acc.cgi?acc=GSE156936
GSE343951,Skeletal muscle fatigue resistance is differentially affected in 8-month-old male and female hAβ-KI mice.,bulk RNA-seq,52.5,not recommended,12,0,0,,,"female, male",0.75,tissue,skeletal muscle,,no_age;genotype_mixed;no_publication,,https://www.ncbi.nlm.nih.gov/geo/query/acc.cgi?acc=GSE343951
GSE129996,"RNA-sequencing of microglia, T cells and ILC2 from the brains of IL-33 treated aged (20-22mos) mice",bulk RNA-seq,52.5,not recommended,9,0,9,21.0,21.0,,0.75,"isolated cells, tissue",brain,"microglia, t cell",sex_not_reported;no_publication,,https://www.ncbi.nlm.nih.gov/geo/query/acc.cgi?acc=GSE129996
GSE129999,RNA-sequencing of microglia from IL-5 or PBS treated aged (20mos) mice,bulk RNA-seq,52.5,not recommended,8,0,4,21.0,21.0,,0.75,isolated cells,,"microglia, t cell",sex_not_reported;treatment_present;no_publication,,https://www.ncbi.nlm.nih.gov/geo/query/acc.cgi?acc=GSE129999
GSE278709,RNA-seq of oligodendrocyte progenitors immunopanned from postnatal day 6-8 mice treated with high glucose (HG) or low glucose (LG).,bulk RNA-seq,52.5,not recommended,8,0,0,0.2,0.2,,0.75,isolated cells,,oligodendrocyte precursor cell,sex_not_reported;treatment_present;no_publication,,https://www.ncbi.nlm.nih.gov/geo/query/acc.cgi?acc=GSE278709
GSE169019,Microglia RNA-seq of mus musculus:adult male dorsal hippocampus,bulk RNA-seq,52.5,not recommended,7,4,0,1.61,1.61,,0.75,isolated cells,hippocampus,microglia,sex_not_reported;genotype_mixed;no_publication,,https://www.ncbi.nlm.nih.gov/geo/query/acc.cgi?acc=GSE169019
GSE214646,FAM69C promotes stress granule assembly and suppresses inflammasome activation,bulk RNA-seq,52.5,not recommended,6,0,0,12.0,12.0,,0.75,tissue,cerebral cortex,,sex_not_reported;genotype_mixed;no_publication,,https://www.ncbi.nlm.nih.gov/geo/query/acc.cgi?acc=GSE214646
GSE216976,TonEBP increases TRIM37 ,bulk RNA-seq,52.5,not recommended,6,0,0,12.0,12.0,,0.75,tissue,hippocampus,,sex_not_reported;genotype_mixed;no_publication,,https://www.ncbi.nlm.nih.gov/geo/query/acc.cgi?acc=GSE216976
GSE146510,Peripheral nerve resident macrophages share tissue-specific programming and features of activated microglia,bulk RNA-seq,52.5,not recommended,2,2,0,2.53,2.53,male,0.75,isolated cells,,macrophage,single_sex;no_publication;few_samples,,https://www.ncbi.nlm.nih.gov/geo/query/acc.cgi?acc=GSE146510
GSE56452,SIRT1 deficiency in microglia contributes to cognitive decline in aging and neurodegeneration via epigenetic regulation of IL-1beta,microarray,51.5,not recommended,16,0,0,,,,0.6875,isolated cells,,microglia,qualitative_age;sex_not_reported;genotype_mixed,25589773,https://www.ncbi.nlm.nih.gov/geo/query/acc.cgi?acc=GSE56452
GSE248184,Microglia,microarray,50.7,not recommended,12,0,8,,,,0.6667,isolated cells,,microglia,age_inferred;qualitative_age;sex_not_reported,38195627,https://www.ncbi.nlm.nih.gov/geo/query/acc.cgi?acc=GSE248184
GSE220548,Human iPSC-Derived Mononuclear Phagocytes Improve Cognition and Neural Health across Multiple Mouse Models of Aging and Alzheimer's Disease,single-cell RNA-seq,50.3,not recommended,15,5,0,,,,0.5833,tissue,hippocampus,,age_inferred;qualitative_age;sex_not_reported;single_cell;treatment_present,40850934,https://www.ncbi.nlm.nih.gov/geo/query/acc.cgi?acc=GSE220548
GSE138891,Cytotoxic CNS-associated T cells drive axon degeneration in aging and myelin disease,single-cell RNA-seq,50.3,not recommended,3,0,1,12.0,24.0,,0.5833,"isolated cells, not stated",brain,t cell,age_inferred;sex_not_reported;single_cell;genotype_mixed;few_samples,37182098;37117598,https://www.ncbi.nlm.nih.gov/geo/query/acc.cgi?acc=GSE138891
GSE283560,Fate mapping of peripherally derived macrophages reveals a long-lasting engrafted population that maintains a distinct transcriptomic profile for up to 8 months after Traumatic Brain Injury III,bulk RNA-seq,50.0,not recommended,65,0,0,,,,0.5,isolated cells,"blood, brain","macrophage, microglia, monocyte",no_age;sex_not_reported;genotype_mixed;treatment_present,41057304,https://www.ncbi.nlm.nih.gov/geo/query/acc.cgi?acc=GSE283560
GSE269886,"Transcriptomic analysis of microglia from young and aged wild-type, NLRP3-/-, APP/PS1 and APP/PS1.NLRP3-/- mice.",bulk RNA-seq,50.0,not recommended,62,9,0,4.0,12.0,,0.5,isolated cells,,,sex_not_reported;genotype_mixed,39904338,https://www.ncbi.nlm.nih.gov/geo/query/acc.cgi?acc=GSE269886
GSE254217,ALS/FTD-linked TBK1 deficiency in microglia induces an aged-like microglial signature and drives social recognition deficits. [in vitro_Microglia],bulk RNA-seq,50.0,not recommended,59,0,0,,,,0.5,isolated cells,,microglia,no_age;sex_not_reported;genotype_mixed;treatment_present,40858618,https://www.ncbi.nlm.nih.gov/geo/query/acc.cgi?acc=GSE254217
GSE269745,Effects of depletion of Irf8 and Mafb on gene expression of adult microglia and CNS border associtated macrophages (CAMs),bulk RNA-seq,50.0,not recommended,44,0,0,,,,0.5,isolated cells,brain,"macrophage, microglia",no_age;sex_not_reported;genotype_mixed,39043941,https://www.ncbi.nlm.nih.gov/geo/query/acc.cgi?acc=GSE269745
GSE243110,A TrkB and TrkC partial agonist prevents synaptic plasticity deficits and elicits activity-dependent synaptic and microglial transcriptomic changes in a late-stage Alzheimer’s disease mouse model,bulk RNA-seq,50.0,not recommended,36,0,0,,,,0.5,tissue,hippocampus,,no_age;sex_not_reported;genotype_mixed;treatment_present,38779814,https://www.ncbi.nlm.nih.gov/geo/query/acc.cgi?acc=GSE243110
GSE283556,Fate mapping of peripherally derived macrophages reveals a long-lasting engrafted population that maintains a distinct transcriptomic profile for up to 8 months after Traumatic Brain Injury I,bulk RNA-seq,50.0,not recommended,35,0,0,,,,0.5,isolated cells,brain,"macrophage, microglia",no_age;sex_not_reported;genotype_mixed;treatment_present,41057304,https://www.ncbi.nlm.nih.gov/geo/query/acc.cgi?acc=GSE283556
GSE316928,"Characterizing the metabolomes of microglia, astrocytes and neurons in ageing and Alzheimer’s brains",bulk RNA-seq,50.0,not recommended,35,0,0,,,,0.5,isolated cells,brain,"astrocyte, microglia, neuron",no_age;sex_not_reported,42062482,https://www.ncbi.nlm.nih.gov/geo/query/acc.cgi?acc=GSE316928
GSE168429,"Identification and drug-induced reversion of molecular signatures of Alzheimer´s disease onset and progression in AppNL-G-F, AppNL-F and 3xTg-AD mouse models (RNA-seq: WT/NLGF)",bulk RNA-seq,50.0,not recommended,32,0,0,,,,0.5,tissue,hippocampus,,no_age;sex_not_reported;genotype_mixed;treatment_present,34702310,https://www.ncbi.nlm.nih.gov/geo/query/acc.cgi?acc=GSE168429
GSE226172,TREM2 inhibition triggers anti-tumor cell activity of myeloid cells in glioblastoma [RNAseq],bulk RNA-seq,50.0,not recommended,28,0,0,,,,0.5,isolated cells,"bone marrow, cerebral cortex","macrophage, microglia",no_age;sex_not_reported;genotype_mixed;treatment_present,37172094,https://www.ncbi.nlm.nih.gov/geo/query/acc.cgi?acc=GSE226172
GSE175578,Epigenetic regulation of innate immune memory in microglia,bulk RNA-seq,50.0,not recommended,24,0,0,,,,0.5,isolated cells,,microglia,no_age;sex_not_reported;genotype_mixed;treatment_present;multi_assay;non_expression_samples,35568856,https://www.ncbi.nlm.nih.gov/geo/query/acc.cgi?acc=GSE175578
GSE221376,Immunotoxin-αCD40 therapy activates innate and adaptive immunity and generates a durable antitumor response in glioblastoma models,bulk RNA-seq,50.0,not recommended,24,0,0,,,,0.5,tissue,brain,,no_age;sex_not_reported;genotype_mixed;treatment_present,36753564,https://www.ncbi.nlm.nih.gov/geo/query/acc.cgi?acc=GSE221376
GSE198559,Staged suppression of microglial autophagy facilitates remyelination by enhancing the production of linoleic acid,bulk RNA-seq,50.0,not recommended,22,0,0,,,,0.5,primary culture,,microglia,no_age;sex_not_reported;treatment_present,36577069,https://www.ncbi.nlm.nih.gov/geo/query/acc.cgi?acc=GSE198559
GSE236268,Microglial gene signature reveals loss of homeostatic microglia associated with neurodegeneration of Alzheimer's disease,bulk RNA-seq,50.0,not recommended,22,0,0,,,,0.5,isolated cells,,microglia,no_age;sex_not_reported;genotype_mixed,33402227,https://www.ncbi.nlm.nih.gov/geo/query/acc.cgi?acc=GSE236268
GSE221352,A transcriptomic study reveals beneficial effects of HsTX1[R14A] on the cognition of a mouse model of sporadic Alzheimer’s disease,bulk RNA-seq,50.0,not recommended,21,0,0,,,"female, male",0.5,not stated,,,no_age;genotype_mixed;treatment_present,37226029,https://www.ncbi.nlm.nih.gov/geo/query/acc.cgi?acc=GSE221352
GSE77681,C9orf72 is required for proper macrophage and microglial function in mice,bulk RNA-seq,50.0,not recommended,21,0,0,,,,0.5,tissue,spinal cord,,no_age;sex_not_reported;genotype_mixed,26989253,https://www.ncbi.nlm.nih.gov/geo/query/acc.cgi?acc=GSE77681
GSE86573,Macrophage ontogeny underlies differences in tumor-specific education in brain malignancies,bulk RNA-seq,50.0,not recommended,20,0,0,,,,0.5,isolated cells,"blood, bone marrow, brain","macrophage, microglia, monocyte",no_age;sex_not_reported,27840052,https://www.ncbi.nlm.nih.gov/geo/query/acc.cgi?acc=GSE86573
GSE268386,Senescent microglia limit remyelination through the senescence associated secretory phenotype,bulk RNA-seq,50.0,not recommended,18,0,0,,,,0.5,tissue,spinal cord,,no_age;sex_not_reported;genotype_mixed;treatment_present,40055369,https://www.ncbi.nlm.nih.gov/geo/query/acc.cgi?acc=GSE268386
GSE276942,"Transthyrectin, a novel prognostic marker of POCD revealed by time-series RNA sequencing analysis",bulk RNA-seq,50.0,not recommended,17,0,0,,,,0.5,tissue,hippocampus,,no_age;sex_not_reported;treatment_present,39955470,https://www.ncbi.nlm.nih.gov/geo/query/acc.cgi?acc=GSE276942
GSE122766,"Engrafted parenchymal brain macrophages differ from microglia in transcriptome, chromatin landscape and response to challenge (RNA-Seq)",bulk RNA-seq,50.0,not recommended,16,0,0,,,,0.5,isolated cells,brain,microglia,no_age;sex_not_reported,30523248,https://www.ncbi.nlm.nih.gov/geo/query/acc.cgi?acc=GSE122766
GSE162209,The effects of postmortem delay on mouse microglia gene expression,bulk RNA-seq,50.0,not recommended,16,0,0,,,,0.5,isolated cells,brain,microglia,no_age;sex_not_reported,33296111,https://www.ncbi.nlm.nih.gov/geo/query/acc.cgi?acc=GSE162209
GSE226091,SALL1 enforces microglia-specific DNA binding and function of SMADs to establish microglia identity [RNA-seq],bulk RNA-seq,50.0,not recommended,16,0,0,,,,0.5,isolated cells,brain,microglia,no_age;sex_not_reported;genotype_mixed,37322178,https://www.ncbi.nlm.nih.gov/geo/query/acc.cgi?acc=GSE226091
GSE243536,Sex-dimorphic neuroprotective effect of CD163 in an alpha-synuclein mouse model of Parkinson’s disease,bulk RNA-seq,50.0,not recommended,16,0,0,,,,0.5,isolated cells,brain,"macrophage, microglia",no_age;sex_not_reported;genotype_mixed;treatment_present,38092806,https://www.ncbi.nlm.nih.gov/geo/query/acc.cgi?acc=GSE243536
GSE275400,"Brd4 expression in microglia supports microglial activation, T cell recruitment, and demyelination in EAE",bulk RNA-seq,50.0,not recommended,16,0,0,,,,0.5,isolated cells,,microglia,no_age;sex_not_reported;genotype_mixed;treatment_present,40457355,https://www.ncbi.nlm.nih.gov/geo/query/acc.cgi?acc=GSE275400
GSE107790,"Mononuclear phagocytes locally specify and adapt their phenotype in the inflamed central nervous system, blood monocyte and brain microglia expression data",bulk RNA-seq,50.0,not recommended,12,0,0,,,,0.5,isolated cells,blood,"microglia, monocyte",no_age;sex_not_reported;genotype_mixed,30127427,https://www.ncbi.nlm.nih.gov/geo/query/acc.cgi?acc=GSE107790
GSE271293,Transcriptomic analysis unveils bona fide molecular signatures of microglia under conditions of homeostasis and viral encephalitis,bulk RNA-seq,50.0,not recommended,12,0,0,,,,0.5,isolated cells,brain,microglia,no_age;sex_not_reported;treatment_present;multi_assay;non_expression_samples,39153993;39425188,https://www.ncbi.nlm.nih.gov/geo/query/acc.cgi?acc=GSE271293
GSE272248,Upregulation of adenosine A2A receptor by astrocytes is sufficient to trigger hippocampal multicellular dysfunctions and memory deficits,bulk RNA-seq,50.0,not recommended,12,0,0,,,,0.5,isolated cells,hippocampus,astrocyte,no_age;sex_not_reported;genotype_mixed,40702259,https://www.ncbi.nlm.nih.gov/geo/query/acc.cgi?acc=GSE272248
GSE283558,Fate mapping of peripherally derived macrophages reveals a long-lasting engrafted population that maintains a distinct transcriptomic profile for up to 8 months after Traumatic Brain Injury II,bulk RNA-seq,50.0,not recommended,12,0,0,,,,0.5,isolated cells,brain,macrophage,no_age;sex_not_reported;genotype_mixed;treatment_present,41057304,https://www.ncbi.nlm.nih.gov/geo/query/acc.cgi?acc=GSE283558
GSE303078,Synaptic proteins that aggregate and degrade slower with aging accumulate in microglia,bulk RNA-seq,50.0,not recommended,10,0,0,,,,0.5,"isolated cells, tissue",brain,microglia,no_age;sex_not_reported,41565824,https://www.ncbi.nlm.nih.gov/geo/query/acc.cgi?acc=GSE303078
GSE227984,Circulating senescent myeloid cells drive blood brain barrier breakdown and neurodegeneration,bulk RNA-seq,50.0,not recommended,6,0,0,,,,0.5,isolated cells,,"macrophage, microglia, monocyte",no_age;sex_not_reported;genotype_mixed,38091952,https://www.ncbi.nlm.nih.gov/geo/query/acc.cgi?acc=GSE227984
GSE246261,Asparagine endopeptidase deficiency mitigates radiation-induced brain injury by suppressing microglia-mediated neuronal senescence,bulk RNA-seq,50.0,not recommended,6,0,0,,,,0.5,tissue,cerebral cortex,,no_age;sex_not_reported;genotype_mixed;treatment_present,38655198,https://www.ncbi.nlm.nih.gov/geo/query/acc.cgi?acc=GSE246261
GSE271559,Tracking changes in functionality and morphology of repopulated microglia in young and old mice [RNA-Seq],bulk RNA-seq,50.0,not recommended,6,0,0,,,,0.5,isolated cells,brain,microglia,no_age;sex_not_reported;genotype_mixed;treatment_present,39363245,https://www.ncbi.nlm.nih.gov/geo/query/acc.cgi?acc=GSE271559
GSE246888,Microglial apolipoprotein E particles contribute to neuronal senescence and synaptotoxicity,bulk RNA-seq,50.0,not recommended,3,0,0,,,,0.5,isolated cells,hippocampus,neuron,no_age;sex_not_reported;treatment_present;few_samples,38868202,https://www.ncbi.nlm.nih.gov/geo/query/acc.cgi?acc=GSE246888
GSE270428,Meningeal lymphatics-microglia axis regulates synaptic physiology [ligation],bulk RNA-seq,50.0,not recommended,2,0,0,,,,0.5,isolated cells,,microglia,no_age;sex_not_reported;treatment_present;few_samples,40120575,https://www.ncbi.nlm.nih.gov/geo/query/acc.cgi?acc=GSE270428
GSE327960,"Transcription profiles of mouse microglia isolated by FACS from WT and Grn KO animals, separated by lipofuscin levels [hex001110]",single-cell RNA-seq,49.5,not recommended,24,0,0,,,"female, male",0.75,isolated cells,brain,microglia,no_age;single_cell;genotype_mixed;no_publication,,https://www.ncbi.nlm.nih.gov/geo/query/acc.cgi?acc=GSE327960
GSE271192,"Single cell RNA seq analysis of microglia from aged wild-type, NLRP3-/-, APP/PS1 and APP/PS1.NLRP3-/- mice.",single-cell RNA-seq,49.5,not recommended,17,0,0,,,"female, male",0.75,isolated cells,brain,microglia,no_age;single_cell;genotype_mixed;no_publication,,https://www.ncbi.nlm.nih.gov/geo/query/acc.cgi?acc=GSE271192
GSE247173,Cellular rejuvenation protects neurons from inflammation mediated cell death (RNA-seq).,single-cell RNA-seq,49.5,not recommended,14,4,0,1.72,1.72,female,0.75,isolated cells,retina,neuron,single_sex;single_cell;treatment_present;no_publication,,https://www.ncbi.nlm.nih.gov/geo/query/acc.cgi?acc=GSE247173
GSE211340,Microglia aging advances through intermediate states that drive inflammatory activation and cognitive decline,single-cell RNA-seq,49.5,not recommended,6,0,0,6.5,6.5,,0.75,isolated cells,hippocampus,microglia,sex_not_reported;single_cell;genotype_mixed;no_publication,,https://www.ncbi.nlm.nih.gov/geo/query/acc.cgi?acc=GSE211340
GSE282308,Gene expression profiles of brain injury at single cell level from aged mice treated with or without microglial replacement,single-cell RNA-seq,49.5,not recommended,6,0,0,18.0,18.0,,0.75,tissue,brain,,sex_not_reported;single_cell;treatment_present;no_publication,,https://www.ncbi.nlm.nih.gov/geo/query/acc.cgi?acc=GSE282308
GSE205511,Molecular and functional features of synucleinopathy-associated astrocytes,single-cell RNA-seq,49.5,not recommended,4,0,0,7.5,7.5,,0.75,tissue,"cerebral cortex, midbrain",,sex_not_reported;single_cell;genotype_mixed;no_publication,,https://www.ncbi.nlm.nih.gov/geo/query/acc.cgi?acc=GSE205511
GSE272377,Single-cell RNA-seq of sorted microglia from aged Grn KO mice [HEX000661],single-cell RNA-seq,49.5,not recommended,4,0,4,24.0,24.0,,0.75,isolated cells,brain,microglia,sex_not_reported;pooled_samples;single_cell;no_publication,,https://www.ncbi.nlm.nih.gov/geo/query/acc.cgi?acc=GSE272377
GSE324634,Effect of L-PGDS loss on cellular response during cuprizone induced demyelination,single-cell RNA-seq,49.5,not recommended,4,0,0,,,male,0.75,tissue,brain,,no_age;single_sex;single_cell;genotype_mixed;treatment_present;no_publication,,https://www.ncbi.nlm.nih.gov/geo/query/acc.cgi?acc=GSE324634
GSE338196,Neuroimmune priming and microglial exhaustion in aged Gulf War Illness mice,single-cell RNA-seq,49.5,not recommended,2,0,0,,,male,0.75,tissue,hippocampus,,no_age;single_sex;single_cell;genotype_mixed;treatment_present;no_publication;few_samples,,https://www.ncbi.nlm.nih.gov/geo/query/acc.cgi?acc=GSE338196
GSE272828,The retrotransposable element-silencing factor Daxx controls microglia identity and function in the adult brain,single-cell RNA-seq,49.5,not recommended,1,1,0,2.76,2.76,,0.75,isolated cells,brain,microglia,sex_not_reported;single_cell;no_publication;few_samples,,https://www.ncbi.nlm.nih.gov/geo/query/acc.cgi?acc=GSE272828
GSE109774,Tabula Muris: Transcriptomic characterization of 20 organs and tissues from Mus musculus at single cell resolution,single-cell RNA-seq,49.2,not recommended,46,46,0,3.0,3.0,,0.5543,"isolated cells, not stated, tissue","adipose tissue, bone marrow, brain, heart, kidney, liver, lung, skeletal muscle, skin, spleen","microglia, neuron",sex_not_reported;single_cell,30283141,https://www.ncbi.nlm.nih.gov/geo/query/acc.cgi?acc=GSE109774
GSE3253,Exaggerated neuroinflammation and sickness behavior in aged mice after activation of the peripheral innate immune system,microarray,49.0,not recommended,12,0,6,,,,0.625,tissue,brain,,age_inferred;qualitative_age;sex_not_reported,15919760,https://www.ncbi.nlm.nih.gov/geo/query/acc.cgi?acc=GSE3253
GSE198531,Dual ontogeny of disease-associated microglia and disease inflammatory macrophages in aging and neurodegeneration,single-cell RNA-seq,47.0,not recommended,1617,83,0,0.23,2.0,,0.5,isolated cells,thalamus,microglia,qualitative_age;sex_not_reported;single_cell,35931085,https://www.ncbi.nlm.nih.gov/geo/query/acc.cgi?acc=GSE198531
GSE198835,Hippocampus and visceral adipose tissues cellular landscape profiling to characterize the effects of obesity-amyloidosis comorbidity [scRNA-seq],single-cell RNA-seq,47.0,not recommended,50,0,0,,,,0.5,tissue,"adipose tissue, hippocampus",,no_age;sex_not_reported;single_cell;treatment_present,36894557,https://www.ncbi.nlm.nih.gov/geo/query/acc.cgi?acc=GSE198835
GSE174265,Neurons burdened by DNA double strand breaks incite microglia activation through antiviral-like signaling in neurodegeneration.,single-cell RNA-seq,47.0,not recommended,39,0,0,,,,0.5,"isolated cells, tissue","brain, cerebral cortex","microglia, neuron",no_age;sex_not_reported;single_cell;multi_assay;non_expression_samples,36170369,https://www.ncbi.nlm.nih.gov/geo/query/acc.cgi?acc=GSE174265
GSE254915,TGF-β signaling mediates microglial resilience to age-dependent dorsal column myelin alterations,single-cell RNA-seq,47.0,not recommended,36,0,0,,,,0.5,isolated cells,,microglia,no_age;sex_not_reported;single_cell;genotype_mixed;treatment_present,41482590,https://www.ncbi.nlm.nih.gov/geo/query/acc.cgi?acc=GSE254915
GSE269748,A single-cell atlas deconstructs heterogeneity across multiple models in murine traumatic brain injury and identifies novel cell-specific targets,single-cell RNA-seq,47.0,not recommended,36,0,0,,,"female, male",0.5,tissue,hippocampus,,no_age;single_cell;treatment_present,39019041,https://www.ncbi.nlm.nih.gov/geo/query/acc.cgi?acc=GSE269748
GSE231604,Microglial MHC-I induction with aging and Alzheimer’s is conserved in mouse models and humans,single-cell RNA-seq,47.0,not recommended,28,0,0,,,,0.5,isolated cells,hippocampus,microglia,no_age;sex_not_reported;single_cell;genotype_mixed,37393197,https://www.ncbi.nlm.nih.gov/geo/query/acc.cgi?acc=GSE231604
GSE201814,Prenatal immune stress blunts microglia reactivity which impairs neurocircuitry [Adult_scRNA-seq],single-cell RNA-seq,47.0,not recommended,18,0,0,,,male,0.5,isolated cells,striatum,microglia,no_age;single_sex;single_cell;treatment_present,36171283,https://www.ncbi.nlm.nih.gov/geo/query/acc.cgi?acc=GSE201814
GSE236032,Microglia-derived TGF-β1 ligand maintains microglia homeostasis via autocrine mechanism and is critical for normal cognitive function in adult mouse brain,single-cell RNA-seq,47.0,not recommended,18,0,0,,,,0.5,isolated cells,brain,"astrocyte, microglia",no_age;sex_not_reported;single_cell;genotype_mixed,37461569;38906887,https://www.ncbi.nlm.nih.gov/geo/query/acc.cgi?acc=GSE236032
GSE295788,Lithium Deficiency and the Onset of Alzheimer’s Disease [3xTG_LiO],single-cell RNA-seq,47.0,not recommended,18,0,0,,,,0.5,tissue,hippocampus,,no_age;sex_not_reported;single_cell;genotype_mixed;treatment_present,40770094,https://www.ncbi.nlm.nih.gov/geo/query/acc.cgi?acc=GSE295788
GSE319875,"Astro- versus microglia-enriched transcriptomes from aged  Atxn2-CAG100-knockin mice suggest underlying pathology of RNA processing at ribosomes, and possibly at U-bodies [panRNAseq]",single-cell RNA-seq,47.0,not recommended,18,0,0,,,,0.5,isolated cells,brain,"astrocyte, microglia, neuron",no_age;sex_not_reported;single_cell;genotype_mixed,42041567,https://www.ncbi.nlm.nih.gov/geo/query/acc.cgi?acc=GSE319875
GSE252050,Genetic background variation impacts microglial heterogeneity and disease progression in amyotrophic lateral sclerosis model mice,single-cell RNA-seq,47.0,not recommended,16,0,0,,,,0.5,isolated cells,spinal cord,microglia,no_age;sex_not_reported;single_cell;genotype_mixed,38318390,https://www.ncbi.nlm.nih.gov/geo/query/acc.cgi?acc=GSE252050
GSE275326,Lithium Deficiency and the Onset of Alzheimer’s Disease,single-cell RNA-seq,47.0,not recommended,16,0,0,,,,0.5,tissue,hippocampus,,no_age;sex_not_reported;single_cell;genotype_mixed;treatment_present,40770094,https://www.ncbi.nlm.nih.gov/geo/query/acc.cgi?acc=GSE275326
GSE272344,Lithium Deficiency and the Onset of Alzheimer’s Disease,single-cell RNA-seq,47.0,not recommended,9,0,0,,,,0.5,tissue,hippocampus,,no_age;sex_not_reported;single_cell;genotype_mixed;treatment_present,40770094,https://www.ncbi.nlm.nih.gov/geo/query/acc.cgi?acc=GSE272344
GSE234421,cGAS/STING drives ageing-related inflammation and neurodegeneration IV,single-cell RNA-seq,47.0,not recommended,8,0,0,,,,0.5,isolated cells,hippocampus,microglia,no_age;sex_not_reported;single_cell;genotype_mixed,37532932,https://www.ncbi.nlm.nih.gov/geo/query/acc.cgi?acc=GSE234421
GSE200901,Biological Aging of CNS-Resident Cells Alters the Clinical Course and Immunopathology of Autoimmune Demyelinating Disease,single-cell RNA-seq,47.0,not recommended,6,1,0,,,,0.5,"isolated cells, tissue",spinal cord,microglia,qualitative_age;sex_not_reported;single_cell;treatment_present,35511417,https://www.ncbi.nlm.nih.gov/geo/query/acc.cgi?acc=GSE200901
GSE243018,T cell mediated microglia activation triggers myelin pathology in a model of amyloidosis,single-cell RNA-seq,47.0,not recommended,6,0,0,,,,0.5,tissue,brain,,no_age;sex_not_reported;single_cell;genotype_mixed;treatment_present,38937583,https://www.ncbi.nlm.nih.gov/geo/query/acc.cgi?acc=GSE243018
GSE286095,"Loss of ATG7 in Microglia Impairs UPR, Triggers Ferroptosis and Weakens Amyloid Pathology Control [bulk RNA-seq]",single-cell RNA-seq,47.0,not recommended,6,0,0,,,female,0.5,isolated cells,brain,microglia,no_age;single_sex;single_cell,39945772,https://www.ncbi.nlm.nih.gov/geo/query/acc.cgi?acc=GSE286095
GSE234419,cGAS/STING drives ageing-related inflammation and neurodegeneration II,single-cell RNA-seq,47.0,not recommended,5,0,0,,,,0.5,isolated cells,hippocampus,microglia,no_age;sex_not_reported;single_cell;genotype_mixed,37532932,https://www.ncbi.nlm.nih.gov/geo/query/acc.cgi?acc=GSE234419
GSE168737,A survey of the mouse hindbrain in the fed and fasted state using single-nucleus RNA sequencing.,single-cell RNA-seq,47.0,not recommended,4,0,0,1.61,1.61,,0.5,not stated,,,sex_not_reported;single_cell;treatment_present,33962048,https://www.ncbi.nlm.nih.gov/geo/query/acc.cgi?acc=GSE168737
GSE199574,scRNAseq from WT and PRMT1-KO microglia,single-cell RNA-seq,47.0,not recommended,4,0,0,,,,0.5,isolated cells,,microglia,no_age;sex_not_reported;single_cell;genotype_mixed;treatment_present,35705491,https://www.ncbi.nlm.nih.gov/geo/query/acc.cgi?acc=GSE199574
GSE223394,Endothelial Cell Senescence Stimulates Amyloid-β Phagocytosis and Barrier Function of Microglia Leading to Attenuation of Cognitive Impairment in the APPswe/PS1dE9 Mouse Model of Alzheimer’s Disease,single-cell RNA-seq,47.0,not recommended,4,0,0,,,,0.5,isolated cells,brain,microglia,no_age;sex_not_reported;single_cell;genotype_mixed,37610154,https://www.ncbi.nlm.nih.gov/geo/query/acc.cgi?acc=GSE223394
GSE266876,Single-cell m6A profiling in the mouse brain uncovers cell type-specific RNA methylomes and age-dependent differential methylation,single-cell RNA-seq,47.0,not recommended,4,0,0,,,,0.5,tissue,cerebral cortex,,no_age;sex_not_reported;single_cell;genotype_mixed;treatment_present,39317796,https://www.ncbi.nlm.nih.gov/geo/query/acc.cgi?acc=GSE266876
GSE302157,scRNA-Seq of Retinal microglia from 6 months old Balb/c mice infected with MCMV at birth,single-cell RNA-seq,47.0,not recommended,3,0,0,,,,0.5,isolated cells,retina,microglia,no_age;sex_not_reported;single_cell;treatment_present;few_samples,41811959,https://www.ncbi.nlm.nih.gov/geo/query/acc.cgi?acc=GSE302157
GSE207948,Gene expression profile at single cell level of microglia from forced microglia turnover and control mouse brain,single-cell RNA-seq,47.0,not recommended,2,0,0,,,,0.5,isolated cells,brain,microglia,no_age;sex_not_reported;single_cell;treatment_present;few_samples,37697166;38496847,https://www.ncbi.nlm.nih.gov/geo/query/acc.cgi?acc=GSE207948
GSE283362,Microglia activation orchestrates CXCL10-mediated CD8+ T cell recruitment to promote aging-related white matter degeneration (fixed scRNA-seq),single-cell RNA-seq,47.0,not recommended,2,0,0,,,,0.5,tissue,optic nerve,,no_age;sex_not_reported;single_cell;treatment_present;few_samples,40404995,https://www.ncbi.nlm.nih.gov/geo/query/acc.cgi?acc=GSE283362
GSE304771,scRNA-seq of microglia from Cx3cr1CreERT2(Litt) adult mice reveals gene expression profile after TAM treatment.,single-cell RNA-seq,47.0,not recommended,2,0,0,,,,0.5,isolated cells,brain,microglia,no_age;sex_not_reported;single_cell;genotype_mixed;treatment_present;few_samples,40928945,https://www.ncbi.nlm.nih.gov/geo/query/acc.cgi?acc=GSE304771
GSE312732,Tomatidine is a senotherapeutic compound that improves cognitive function and reduces cellular senescence in aged mice,single-cell RNA-seq,47.0,not recommended,2,0,0,,,,0.5,tissue,hippocampus,,no_age;sex_not_reported;single_cell;treatment_present;few_samples,41922652,https://www.ncbi.nlm.nih.gov/geo/query/acc.cgi?acc=GSE312732
GSE135999,NAD+ supplementation normalizes neuroinflammation and senescence via the cGAS-STING pathway,microarray,46.5,not recommended,48,0,0,12.0,12.0,,0.75,tissue,brain,,sex_not_reported;genotype_mixed;treatment_present;no_publication,,https://www.ncbi.nlm.nih.gov/geo/query/acc.cgi?acc=GSE135999
GSE129296,Expression data from microglia in Abeta and TAU mouse models of Alzheimer Disease,microarray,46.5,not recommended,23,11,0,3.0,12.0,,0.75,isolated cells,hippocampus,microglia,sex_not_reported;no_publication,,https://www.ncbi.nlm.nih.gov/geo/query/acc.cgi?acc=GSE129296
GSE106620,Long-term neuroinflammation induced by influenza A virus infection and the impact on hippocampal neuron morphology and function,microarray,46.5,not recommended,22,0,0,,,female,0.75,tissue,hippocampus,,no_age;single_sex;no_publication,,https://www.ncbi.nlm.nih.gov/geo/query/acc.cgi?acc=GSE106620
GSE292830,Monocytes can efficiently replace all brain macrophages and instruct different microglial identities depending on their origin,single-cell RNA-seq,45.8,not recommended,16,0,0,,,,0.4688,isolated cells,"bone marrow, brain, liver",monocyte,no_age;sex_not_reported;single_cell;genotype_mixed;treatment_present;multi_assay;non_expression_samples,40311613,https://www.ncbi.nlm.nih.gov/geo/query/acc.cgi?acc=GSE292830
GSE276929,Aurka-Bhlhe41 axis prevents premature aging-like microglial dysfunction and promotes remyelination,microarray,44.0,not recommended,6,0,0,,,,0.5,isolated cells,,microglia,no_age;sex_not_reported;genotype_mixed,41896238,https://www.ncbi.nlm.nih.gov/geo/query/acc.cgi?acc=GSE276929
GSE179721,Minimizing the ex vivo confounds of cell-isolation techniques on transcriptomic profiles of purified microglia,bulk RNA-seq,42.5,not recommended,80,0,0,,,,0.5,isolated cells,brain,,no_age;sex_not_reported;genotype_mixed;no_publication,,https://www.ncbi.nlm.nih.gov/geo/query/acc.cgi?acc=GSE179721
GSE269720,Fate-mapping and functional dissection reveal perilous influence of type I interferon signaling in mouse brain aging,bulk RNA-seq,42.5,not recommended,37,0,0,,,,0.5,"isolated cells, tissue",cerebral cortex,,no_age;sex_not_reported;genotype_mixed;treatment_present;no_publication,,https://www.ncbi.nlm.nih.gov/geo/query/acc.cgi?acc=GSE269720
GSE183050,RNAseq of isolated astrocytes and microglia from APPPS1E4fl/fl mice following astroycte APOE removal,bulk RNA-seq,42.5,not recommended,28,0,0,,,,0.5,isolated cells,hippocampus,"astrocyte, microglia",no_age;sex_not_reported;genotype_mixed;treatment_present;no_publication,,https://www.ncbi.nlm.nih.gov/geo/query/acc.cgi?acc=GSE183050
GSE275072,Decreased sialylation in the mouse retina elicits complement-related microglia response and bipolar cell loss,bulk RNA-seq,42.5,not recommended,27,0,0,,,,0.5,tissue,retina,,no_age;sex_not_reported;genotype_mixed;no_publication,,https://www.ncbi.nlm.nih.gov/geo/query/acc.cgi?acc=GSE275072
GSE277245,Innate immune signaling by ZBP1-RIPK1 axis drives neuroinflammation in Alzheimer's disease,bulk RNA-seq,42.5,not recommended,24,0,0,,,,0.5,tissue,hippocampus,,no_age;sex_not_reported;genotype_mixed;no_publication;multi_assay;non_expression_samples,,https://www.ncbi.nlm.nih.gov/geo/query/acc.cgi?acc=GSE277245
GSE338200,Cannabidiol reverses microglial exhaustion in aged Gulf War Illness mice,bulk RNA-seq,42.5,not recommended,22,0,0,,,,0.5,isolated cells,,microglia,no_age;sex_not_reported;genotype_mixed;treatment_present;no_publication,,https://www.ncbi.nlm.nih.gov/geo/query/acc.cgi?acc=GSE338200
GSE215439,Effect of metronidazole on microglial gene expression and gut microbiome composition in the 5XFAD mice model of Alzheimer's disease,bulk RNA-seq,42.5,not recommended,20,0,0,,,,0.5,isolated cells,brain,microglia,no_age;sex_not_reported;genotype_mixed;treatment_present;no_publication,,https://www.ncbi.nlm.nih.gov/geo/query/acc.cgi?acc=GSE215439
GSE301244,Bioinformatic analysis identifies RGS10 as a modulator of BV-2 cell migration,bulk RNA-seq,42.5,not recommended,20,0,0,,,,0.5,cell line,,microglia,no_age;sex_not_reported;cell_line;genotype_mixed;treatment_present;no_publication,,https://www.ncbi.nlm.nih.gov/geo/query/acc.cgi?acc=GSE301244
GSE324086,Hereditary spastic paraplegia (HSP) gene 11 (SPG11) attenuates lipid accumulation in myeloid cells and neuroinflammation independent of α-synuclein pathology,bulk RNA-seq,42.5,not recommended,20,0,0,,,,0.5,tissue,midbrain,,no_age;sex_not_reported;genotype_mixed;no_publication,,https://www.ncbi.nlm.nih.gov/geo/query/acc.cgi?acc=GSE324086
GSE233951,Dynamics of reactive astrocytes fosters tissue regeneration after cuprizone-induced demyelination [RNA-seq I],bulk RNA-seq,42.5,not recommended,17,0,0,,,,0.5,isolated cells,brain,astrocyte,no_age;sex_not_reported;treatment_present;no_publication,,https://www.ncbi.nlm.nih.gov/geo/query/acc.cgi?acc=GSE233951
GSE215438,Effect of Bacteroides fragilis administration on microglia in WT and the APP-PS1 model of Alzheimer's disease [Bfrag],bulk RNA-seq,42.5,not recommended,15,0,0,,,,0.5,isolated cells,brain,microglia,no_age;sex_not_reported;genotype_mixed;treatment_present;no_publication,,https://www.ncbi.nlm.nih.gov/geo/query/acc.cgi?acc=GSE215438
GSE279995,Rheb modulates mTORC1-independent metabolism is essential for lysosomal function in microglia,bulk RNA-seq,42.5,not recommended,14,0,0,,,,0.5,isolated cells,,microglia,no_age;sex_not_reported;genotype_mixed;treatment_present;no_publication,,https://www.ncbi.nlm.nih.gov/geo/query/acc.cgi?acc=GSE279995
GSE338411,Transcriptomic changes in the mouse olfactory bulb following peripheral SARS-CoV-2 infection,bulk RNA-seq,42.5,not recommended,12,0,0,,,,0.5,tissue,olfactory bulb,,no_age;sex_not_reported;no_publication,,https://www.ncbi.nlm.nih.gov/geo/query/acc.cgi?acc=GSE338411
GSE320423,lncRNA 3222401L13Rik/ENSG00000272070 modulates microglial inflammatory programs in association with PU.1,bulk RNA-seq,42.5,not recommended,10,0,0,,,,0.5,isolated cells,,microglia,no_age;sex_not_reported;treatment_present;no_publication,,https://www.ncbi.nlm.nih.gov/geo/query/acc.cgi?acc=GSE320423
GSE252873,Intermittent fasting reduces alpha-synuclein pathology and functional decline in a mouse model of Parkinson’s disease [sham],bulk RNA-seq,42.5,not recommended,9,0,0,,,,0.5,tissue,brain,,no_age;sex_not_reported;genotype_mixed;treatment_present;no_publication,,https://www.ncbi.nlm.nih.gov/geo/query/acc.cgi?acc=GSE252873
GSE345471,Compartment-Specific Inhibition of Cytosolic Cathepsin B Mitigates Microglial Senescence in the Aging Brain [AOMK RNA-Seq],bulk RNA-seq,42.5,not recommended,9,0,0,,,,0.5,isolated cells,brain,microglia,no_age;sex_not_reported;treatment_present;no_publication,,https://www.ncbi.nlm.nih.gov/geo/query/acc.cgi?acc=GSE345471
GSE282544,Immune Checkpoint PD-L1 Modulates Retinal Microglial Activation to Alleviate Vascular Leakage in Choroidal Neovascularization via ERK,bulk RNA-seq,42.5,not recommended,8,0,0,,,,0.5,tissue,retina,,no_age;sex_not_reported;genotype_mixed;no_publication,,https://www.ncbi.nlm.nih.gov/geo/query/acc.cgi?acc=GSE282544
GSE199217,Microglial Piezo1 senses  Aβ fibrils stiffness to restrict Alzheimer’s disease,bulk RNA-seq,42.5,not recommended,6,0,0,,,,0.5,isolated cells,brain,microglia,no_age;sex_not_reported;genotype_mixed;no_publication,,https://www.ncbi.nlm.nih.gov/geo/query/acc.cgi?acc=GSE199217
GSE235076,Microglial apolipoprotein E particles contribute to neuronal senescence and synaptotoxicity,bulk RNA-seq,42.5,not recommended,6,0,0,,,,0.5,isolated cells,hippocampus,neuron,no_age;sex_not_reported;treatment_present;no_publication,,https://www.ncbi.nlm.nih.gov/geo/query/acc.cgi?acc=GSE235076
GSE266053,Immunometabolic dysregulation in microglia drives brain ageing via neuroimmune cGAS-STING,bulk RNA-seq,42.5,not recommended,6,0,0,,,,0.5,cell line,,microglia,no_age;sex_not_reported;cell_line;genotype_mixed;no_publication,,https://www.ncbi.nlm.nih.gov/geo/query/acc.cgi?acc=GSE266053
GSE270941,Repeated exposure to lidocaine induces hippocampal synaptic and cognitive impairment in aged mice by activating microglia and neurotoxic A1astrocytes,bulk RNA-seq,42.5,not recommended,6,3,0,,,,0.5,tissue,hippocampus,,age_inferred;qualitative_age;sex_not_reported;treatment_present;no_publication,,https://www.ncbi.nlm.nih.gov/geo/query/acc.cgi?acc=GSE270941
GSE236805,Dynamics of reactive astrocytes fosters tissue regeneration after cuprizone-induced demyelination [RNA-seq II],bulk RNA-seq,42.5,not recommended,4,0,0,,,,0.5,isolated cells,brain,astrocyte,no_age;sex_not_reported;treatment_present;no_publication,,https://www.ncbi.nlm.nih.gov/geo/query/acc.cgi?acc=GSE236805
GSE212606,A global view of aging and Alzheimer’s pathogenesis-associated cell population dynamics in mammalian brain,single-cell RNA-seq,42.0,not recommended,2,0,0,,,,0.375,tissue,brain,,no_age;sex_not_reported;single_cell;mixed_organisms;multi_assay;few_samples;non_expression_samples,37774676,https://www.ncbi.nlm.nih.gov/geo/query/acc.cgi?acc=GSE212606
GSE226532,Ethanol Induced Cerebellar Transcriptomic Changes in a Postnatal Model of Fetal Alcohol Spectrum Disorders: Focus on Disease Onset,bulk RNA-seq,40.0,not recommended,24,0,0,,,,0.25,tissue,brain,,no_age;sex_not_reported;treatment_present,37008214,https://www.ncbi.nlm.nih.gov/geo/query/acc.cgi?acc=GSE226532
GSE223018,Transcriptional responses to deep cerebellar nuclei (DCN) and entorhinal cortex (EC) protein homogenates in cultured microglia,bulk RNA-seq,40.0,not recommended,12,0,0,,,,0.25,cell line,,microglia,no_age;sex_not_reported;cell_line;treatment_present,37978387,https://www.ncbi.nlm.nih.gov/geo/query/acc.cgi?acc=GSE223018
GSE271791,Intermittent fasting alleviates photoreceptor degeneration and retina inflammation in oxidative stress-induced model of Age-Related Macular Degeneration,bulk RNA-seq,40.0,not recommended,12,0,0,,,,0.25,not stated,,,no_age;sex_not_reported;treatment_present,41034378,https://www.ncbi.nlm.nih.gov/geo/query/acc.cgi?acc=GSE271791
GSE247222,Enhanced meningeal lymphatic drainage ameliorates lipopolysaccharide-induced brain injury in aged mice,bulk RNA-seq,40.0,not recommended,6,0,0,,,,0.25,tissue,brain,,no_age;sex_not_reported;treatment_present,38287311,https://www.ncbi.nlm.nih.gov/geo/query/acc.cgi?acc=GSE247222
GSE216209,GPR34 senses demyelination to promote neuroinflammation and cognition impairment in Alzheimer's disease,bulk RNA-seq,40.0,not recommended,4,0,0,,,,0.25,isolated cells,,microglia,no_age;sex_not_reported;treatment_present,39741193,https://www.ncbi.nlm.nih.gov/geo/query/acc.cgi?acc=GSE216209
GSE285073,Meningeal lymphatics-microglia axis regulates synaptic physiology [acz.vehicle],bulk RNA-seq,40.0,not recommended,2,0,0,,,,0.25,isolated cells,brain,microglia,no_age;sex_not_reported;treatment_present;few_samples,40120575,https://www.ncbi.nlm.nih.gov/geo/query/acc.cgi?acc=GSE285073
GSE165306,Transcriptional signature in microglia associated with Aβ plaque phagocytosis,bulk RNA-seq,39.6,not recommended,82,0,0,,,,0.2409,"iPSC-derived, isolated cells",cerebral cortex,microglia,no_age;sex_not_reported;ipsc_or_organoid;mixed_organisms,34021136,https://www.ncbi.nlm.nih.gov/geo/query/acc.cgi?acc=GSE165306
GSE79374,Single-cell RNAseq of mouse brain tissues across 3 developmental time points,single-cell RNA-seq,39.5,not recommended,333,0,0,,,,0.5,"isolated cells, tissue","cerebral cortex, hippocampus, thalamus","astrocyte, microglia, neuron, oligodendrocyte, oligodendrocyte precursor cell",no_age;sex_not_reported;single_cell;no_publication,,https://www.ncbi.nlm.nih.gov/geo/query/acc.cgi?acc=GSE79374
GSE255329,The retrotransposable element-silencing factor Daxx controls microglia identity and function in the adult brain,single-cell RNA-seq,39.5,not recommended,93,0,0,,,,0.5,"isolated cells, primary culture","brain, cerebral cortex","microglia, neuron",no_age;sex_not_reported;single_cell;genotype_mixed;treatment_present;no_publication,,https://www.ncbi.nlm.nih.gov/geo/query/acc.cgi?acc=GSE255329
GSE179611,Microglia aging progresses through functional intermediate steps II,single-cell RNA-seq,39.5,not recommended,47,0,0,,,,0.5,isolated cells,,microglia,no_age;sex_not_reported;single_cell;treatment_present;no_publication,,https://www.ncbi.nlm.nih.gov/geo/query/acc.cgi?acc=GSE179611
GSE276607,The retrotransposable element-silencing factor Daxx controls microglia identity and function in the adult brain [RNA-seq],single-cell RNA-seq,39.5,not recommended,30,0,0,,,,0.5,"isolated cells, primary culture",brain,microglia,no_age;sex_not_reported;single_cell;genotype_mixed;treatment_present;no_publication,,https://www.ncbi.nlm.nih.gov/geo/query/acc.cgi?acc=GSE276607
GSE312503,Characterization of cellular responses of Ptpn6 (SHP-1) cKO in hippocampus by scRNA-seq,single-cell RNA-seq,39.5,not recommended,21,0,0,,,,0.5,tissue,hippocampus,,no_age;sex_not_reported;single_cell;genotype_mixed;no_publication,,https://www.ncbi.nlm.nih.gov/geo/query/acc.cgi?acc=GSE312503
GSE327962,"Effects of CRISPR-mediated knockout of Mitf, Tfe3 and Tfeb on the transcriptome of mouse BMDMs from WT and Grn KO animals [hex001130]",single-cell RNA-seq,39.5,not recommended,16,0,0,,,,0.5,isolated cells,,macrophage,no_age;sex_not_reported;single_cell;genotype_mixed;treatment_present;no_publication,,https://www.ncbi.nlm.nih.gov/geo/query/acc.cgi?acc=GSE327962
GSE190007,Microglia aging progresses through functional intermediate steps.,single-cell RNA-seq,39.5,not recommended,8,0,0,,,,0.5,isolated cells,hippocampus,microglia,no_age;sex_not_reported;single_cell;no_publication,,https://www.ncbi.nlm.nih.gov/geo/query/acc.cgi?acc=GSE190007
GSE341988,Sequential pathogen exposure normalizes the brain neuroimmune microenvironment and reveals a tissue-resident memory CD8 T cell-microglia axis shaping adult neurogenesis,single-cell RNA-seq,39.5,not recommended,8,0,0,,,,0.5,tissue,brain,,no_age;sex_not_reported;single_cell;treatment_present;no_publication,,https://www.ncbi.nlm.nih.gov/geo/query/acc.cgi?acc=GSE341988
GSE254835,Anxiety-like behavior and altered hippocampal activity in a transgenic mouse model of Fabry disease,single-cell RNA-seq,39.5,not recommended,2,0,0,,,,0.5,tissue,hippocampus,,no_age;sex_not_reported;single_cell;genotype_mixed;no_publication;few_samples,,https://www.ncbi.nlm.nih.gov/geo/query/acc.cgi?acc=GSE254835
GSE320070,Brain-Engrafted Monocyte-derived Macrophages from Blood and Skull-Bone Marrow Exhibit Distinct Properties [scRNA_DR3X],single-cell RNA-seq,39.5,not recommended,2,0,0,,,,0.5,not stated,,,qualitative_age;sex_not_reported;single_cell;genotype_mixed;treatment_present;no_publication;few_samples;non_expression_samples,,https://www.ncbi.nlm.nih.gov/geo/query/acc.cgi?acc=GSE320070
GSE345470,Compartment-Specific Inhibition of Cytosolic Cathepsin B Mitigates Microglial Senescence in the Aging Brain [MG6MG7PAL RNA-Seq],bulk RNA-seq,37.5,not recommended,12,0,0,,,,0.375,isolated cells,,microglia,no_age;sex_not_reported;genotype_mixed;treatment_present;no_publication,,https://www.ncbi.nlm.nih.gov/geo/query/acc.cgi?acc=GSE345470
GSE322681,Spatial transcriptomics reveals molecular mechanisms underlying neuroinflammatory and neurodegenerative sequelae of immune checkpoint inhibition [RNA-Seq],single-cell RNA-seq,37.0,not recommended,20,0,0,,,,0.25,tissue,hippocampus,,no_age;sex_not_reported;single_cell;treatment_present,42327312,https://www.ncbi.nlm.nih.gov/geo/query/acc.cgi?acc=GSE322681
GSE290806,Spatial and single-cell transcriptomics reveal the reorganization of cerebellar microglia with aging,single-cell RNA-seq,37.0,not recommended,12,0,0,,,,0.25,tissue,cerebellum,,no_age;age_unit_missing;sex_not_reported;single_cell,41307999,https://www.ncbi.nlm.nih.gov/geo/query/acc.cgi?acc=GSE290806
GSE267933,Hippocampal single-cell atlas screening unveils disrupted neuroglial system in postoperative cognitive impairment,single-cell RNA-seq,37.0,not recommended,6,0,0,,,,0.25,tissue,hippocampus,,no_age;sex_not_reported;single_cell,39540334,https://www.ncbi.nlm.nih.gov/geo/query/acc.cgi?acc=GSE267933
GSE310804,Transcriptomic features of GFP+ RPE cells in Serpine-Gfp heterozygous mice at 2 months I,single-cell RNA-seq,37.0,not recommended,6,0,0,,,,0.25,not stated,,,no_age;sex_not_reported;single_cell;genotype_mixed,42412559,https://www.ncbi.nlm.nih.gov/geo/query/acc.cgi?acc=GSE310804
GSE189226,Type I Interferon Signaling Mediates Microglial Dysfunction and Senescence in Human-Mouse Chimeric Brain Models of Down Syndrome and Alzheimer’s Disease [single-cell RNA-seq],single-cell RNA-seq,37.0,not recommended,4,0,0,,,,0.25,isolated cells,brain,microglia,no_age;sex_not_reported;single_cell;treatment_present;mixed_organisms,35803230,https://www.ncbi.nlm.nih.gov/geo/query/acc.cgi?acc=GSE189226
GSE226292,TREM2 inhibition triggers anti-tumor cell activity of myeloid cells in glioblastoma [scRNA],single-cell RNA-seq,37.0,not recommended,4,0,0,,,,0.25,not stated,,,no_age;sex_not_reported;single_cell;treatment_present,37172094,https://www.ncbi.nlm.nih.gov/geo/query/acc.cgi?acc=GSE226292
GSE247435,Schwann cell-specific ablation of Beclin 1 impairs peripheral myelination and leads to a progressive motor and sensory neuropathy,microarray,34.0,not recommended,16,0,0,0.33,2.0,,0.25,not stated,,,age_inferred;sex_not_reported;treatment_present,39680476,https://www.ncbi.nlm.nih.gov/geo/query/acc.cgi?acc=GSE247435
GSE99537,Modulation of Macrophage Subpopulation Response in Radiation-Treated Gliomas Circumvents Tumor Recurrence ,bulk RNA-seq,32.5,not recommended,46,0,0,,,,0.25,isolated cells,bone marrow,"macrophage, microglia",no_age;sex_not_reported;no_publication,,https://www.ncbi.nlm.nih.gov/geo/query/acc.cgi?acc=GSE99537
GSE87531,Effects of aged garlic extract (AGE) and FruArg on lipopolysaccharide-induced genetic response in microglial cells using gene expression profiling,bulk RNA-seq,32.5,not recommended,8,0,0,,,,0.25,cell line,,microglia,no_age;sex_not_reported;cell_line;treatment_present;no_publication,,https://www.ncbi.nlm.nih.gov/geo/query/acc.cgi?acc=GSE87531
GSE245470,Inactivation of Gas6/Axl signaling aggravated Microglia-Astrocyte cross regulation after spinal cord injury,bulk RNA-seq,32.5,not recommended,6,0,0,,,,0.25,tissue,spinal cord,,no_age;sex_not_reported;treatment_present;no_publication,,https://www.ncbi.nlm.nih.gov/geo/query/acc.cgi?acc=GSE245470
GSE304010,A transcriptomic microglia taxonomy across mouse and human pathologies,single-cell RNA-seq,31.9,not recommended,74,0,0,,,,0.1216,"isolated cells, not stated, tissue","brain, brainstem, cerebellum, cerebral cortex, spinal cord, striatum",,no_age;sex_not_reported;single_cell,41882205,https://www.ncbi.nlm.nih.gov/geo/query/acc.cgi?acc=GSE304010
GSE233983,Spatial transcriptomics of the aging mouse brain reveals origins of inflammation in the white matter,bulk RNA-seq,30.0,not recommended,0,0,0,,,,0.0,tissue,brain,,no_samples_retrieved;multi_assay;non_expression_samples,40185750,https://www.ncbi.nlm.nih.gov/geo/query/acc.cgi?acc=GSE233983
GSE327682,Aging Drives Region-Specific Metabolic Changes in Gut Muscularis Macrophages,single-cell RNA-seq,29.5,not recommended,6,0,0,,,,0.25,not stated,,,age_inferred;qualitative_age;sex_not_reported;single_cell;treatment_present;no_publication,,https://www.ncbi.nlm.nih.gov/geo/query/acc.cgi?acc=GSE327682
GSE310812,Transcriptomic features of GFP+ RPE cells in Serpine-Gfp heterozygous mice at 2 months III,single-cell RNA-seq,27.0,not recommended,17,0,0,,,,0.0,not stated,,,no_age;sex_not_reported;single_cell;treatment_present,42412559,https://www.ncbi.nlm.nih.gov/geo/query/acc.cgi?acc=GSE310812
GSE243788,snRNA-Seq of optic nerve from two models of inducible demyelination.,single-cell RNA-seq,27.0,not recommended,0,0,0,,,,0.0,tissue,optic nerve,,no_samples_retrieved;single_cell;non_expression_samples,39443516,https://www.ncbi.nlm.nih.gov/geo/query/acc.cgi?acc=GSE243788
GSE289098,"Inflammation associated microglial expansion disrupts hippocampal glial network communication, driving postoperative neurocognitive impairment",single-cell RNA-seq,27.0,not recommended,0,0,0,,,,0.0,,,,no_samples_retrieved;single_cell,41176600,https://www.ncbi.nlm.nih.gov/geo/query/acc.cgi?acc=GSE289098
