gse,title,organism,data_type,published,in_scope,exclusion_reason,fetch_error,score,tier,geo_url
GSE156762,mTOR-dependent translation amplifies microglia priming in ageing,Mus musculus,bulk RNA-seq,2021-07-30,True,,,100.0,ready,https://www.ncbi.nlm.nih.gov/geo/query/acc.cgi?acc=GSE156762
GSE208386,Bulk RNA-seq of microglia at different ages,Mus musculus,bulk RNA-seq,2023-07-25,True,,,100.0,ready,https://www.ncbi.nlm.nih.gov/geo/query/acc.cgi?acc=GSE208386
GSE233400,Microglial senescence contributes to female-biased neuroinflammation in the aging mouse hippocampus: implications for Alzheimer’s disease,Mus musculus,bulk RNA-seq,2023-08-18,True,,,100.0,ready,https://www.ncbi.nlm.nih.gov/geo/query/acc.cgi?acc=GSE233400
GSE287142,Retinoid X Receptor as a Mediator of Post Stroke Recovery by Reversing Age-Associated Phenotypes of Microglia/Hematogenous Macrophages,Mus musculus,bulk RNA-seq,2025-09-17,True,,,100.0,ready,https://www.ncbi.nlm.nih.gov/geo/query/acc.cgi?acc=GSE287142
GSE131869,Cx3cr1-deficient microglia exhibit a premature aging transcriptome,Mus musculus,bulk RNA-seq,2019-11-25,True,,,98.0,ready,https://www.ncbi.nlm.nih.gov/geo/query/acc.cgi?acc=GSE131869
GSE115622,Quiescence modulates stem cell maintenance and regenerative capacity in the aging brain – SMART-seq2,Mus musculus,single-cell RNA-seq,2019-02-28,True,,,97.0,ready,https://www.ncbi.nlm.nih.gov/geo/query/acc.cgi?acc=GSE115622
GSE166548,White matter aging drives microglial diversity,Mus musculus,single-cell RNA-seq,2021-02-18,True,,,97.0,ready,https://www.ncbi.nlm.nih.gov/geo/query/acc.cgi?acc=GSE166548
GSE188646,Single cell analysis of the aging hypothalamus,Mus musculus,single-cell RNA-seq,2022-05-20,True,,,97.0,ready,https://www.ncbi.nlm.nih.gov/geo/query/acc.cgi?acc=GSE188646
GSE267529,Microglia undergo sex-dimorphic transcriptional and metabolic rewiring during aging,Mus musculus,single-cell RNA-seq,2024-06-05,True,,,97.0,ready,https://www.ncbi.nlm.nih.gov/geo/query/acc.cgi?acc=GSE267529
GSE203202,Sex-related differences in Alzheimer’s disease,Mus musculus,microarray,2022-05-20,True,,,94.0,ready,https://www.ncbi.nlm.nih.gov/geo/query/acc.cgi?acc=GSE203202
GSE85084,Sexually dimorphic induction of microglial-associated neuroinflammation with hippocampal aging,Mus musculus,microarray,2017-01-10,True,,,94.0,ready,https://www.ncbi.nlm.nih.gov/geo/query/acc.cgi?acc=GSE85084
GSE87102,"Genome-wide profiling of hypothalamus, cerebellum, striatum, and frontal cortex across young, middle-aged, and aged mice",Mus musculus,microarray,2016-09-20,True,,,94.0,ready,https://www.ncbi.nlm.nih.gov/geo/query/acc.cgi?acc=GSE87102
GSE182973,Sex modulates microglia in the aging brain,Mus musculus,bulk RNA-seq,2025-07-17,True,,,92.5,ready,https://www.ncbi.nlm.nih.gov/geo/query/acc.cgi?acc=GSE182973
GSE309778,Lysosomal multi-omics reveals altered sphingolipid catabolism as driver of lysosomal dysfunction in the aging brain.,Mus musculus,bulk RNA-seq,2026-08-31,True,,,92.5,ready,https://www.ncbi.nlm.nih.gov/geo/query/acc.cgi?acc=GSE309778
GSE75083,Progranulin Deficiency Promotes Circuit-Specific Synaptic Pruning by Microglia via Complement Activation,Mus musculus,microarray,2016-03-31,True,,,91.6,ready,https://www.ncbi.nlm.nih.gov/geo/query/acc.cgi?acc=GSE75083
GSE99074,Transcriptomic analysis of purified human cortical microglia reveals age-associated changes,Homo sapiens; Mus musculus,bulk RNA-seq,2017-05-19,True,,,90.8,ready,https://www.ncbi.nlm.nih.gov/geo/query/acc.cgi?acc=GSE99074
GSE122085,"Characterisation of young, old and old repopulating microglia in spinal cord and brain of C57BL/6 wild type male mice",Mus musculus,bulk RNA-seq,2019-08-31,True,,,90.0,ready,https://www.ncbi.nlm.nih.gov/geo/query/acc.cgi?acc=GSE122085
GSE123847,RNA sequencing after forced turnover of adult and aged microglia,Mus musculus,bulk RNA-seq,2018-12-15,True,,,90.0,ready,https://www.ncbi.nlm.nih.gov/geo/query/acc.cgi?acc=GSE123847
GSE127542,RNA-seq of microglia isolated from the hippocampi of young and aged mice,Mus musculus,bulk RNA-seq,2019-03-01,True,,,90.0,ready,https://www.ncbi.nlm.nih.gov/geo/query/acc.cgi?acc=GSE127542
GSE128770,Age Attenuates the Transcriptional Changes that Occur with Sleep in the Medial Prefrontal Cortex,Mus musculus,bulk RNA-seq,2020-01-03,True,,,90.0,ready,https://www.ncbi.nlm.nih.gov/geo/query/acc.cgi?acc=GSE128770
GSE142361,Transcriptomic and Functional Studies Reveal Undermined Chemotactic and Angiostimulatory Properties of Aged Microglia During Stroke Recovery,Mus musculus,bulk RNA-seq,2020-01-31,True,,,90.0,ready,https://www.ncbi.nlm.nih.gov/geo/query/acc.cgi?acc=GSE142361
GSE145265,Transcriptomic analysis of mouse brain microglia on aging-associated changes in response to cerebral ischemia,Mus musculus,bulk RNA-seq,2020-05-31,True,,,90.0,ready,https://www.ncbi.nlm.nih.gov/geo/query/acc.cgi?acc=GSE145265
GSE154920,Transcriptomes of ATG7 Knockout Microglia,Mus musculus,bulk RNA-seq,2020-10-15,True,,,90.0,ready,https://www.ncbi.nlm.nih.gov/geo/query/acc.cgi?acc=GSE154920
GSE168430,"Identification and drug-induced reversion of molecular signatures of Alzheimer´s disease onset and progression in AppNL-G-F, AppNL-F and 3xTg-AD mouse models (RNA-seq: WT/NLF/NLGF)",Mus musculus,bulk RNA-seq,2021-09-03,True,,,90.0,ready,https://www.ncbi.nlm.nih.gov/geo/query/acc.cgi?acc=GSE168430
GSE182719,Gut microbiota drives age-related oxidative stress and mitochondrial damage in microglia via the metabolite N(6)-Carboxymethyllysine,Mus musculus,bulk RNA-seq,2022-01-23,True,,,90.0,ready,https://www.ncbi.nlm.nih.gov/geo/query/acc.cgi?acc=GSE182719
GSE205803,Naturally-aged microglia exhibit phagocytic dysfunction accompanied by gene expression changes reflective of underlying neurologic disease,Mus musculus,bulk RNA-seq,2022-06-10,True,,,90.0,ready,https://www.ncbi.nlm.nih.gov/geo/query/acc.cgi?acc=GSE205803
GSE229620,Effect of genetic deletion of TREM1 on gene expression of brain primary microglia during aging and in 5XFAD Alzhiemer mice,Mus musculus,bulk RNA-seq,2024-02-09,True,,,90.0,ready,https://www.ncbi.nlm.nih.gov/geo/query/acc.cgi?acc=GSE229620
GSE254227,ALS/FTD-linked TBK1 deficiency in microglia induces an aged-like microglial signature and drives social recognition deficits. [FACS_Brain_Microglia],Mus musculus,bulk RNA-seq,2025-07-09,True,,,90.0,ready,https://www.ncbi.nlm.nih.gov/geo/query/acc.cgi?acc=GSE254227
GSE270687,West Nile Virus-induced expression of senescent gene Lgals3bpregulates microglial phenotype within cerebral cortex,Mus musculus,bulk RNA-seq,2024-06-25,True,,,90.0,ready,https://www.ncbi.nlm.nih.gov/geo/query/acc.cgi?acc=GSE270687
GSE282391,Neuroprotective role of sialic-acid-binding immunoglobulin-like lectin-11 in humanized transgenic mice,Mus musculus,bulk RNA-seq,2024-12-20,True,,,90.0,ready,https://www.ncbi.nlm.nih.gov/geo/query/acc.cgi?acc=GSE282391
GSE283401,Gene expression profile of Fcrls+/CD11b+/Ly6C- microglia from young and old mice after abdominal surgery,Mus musculus,bulk RNA-seq,2025-01-01,True,,,90.0,ready,https://www.ncbi.nlm.nih.gov/geo/query/acc.cgi?acc=GSE283401
GSE287220,Age-associated microglial transcriptome leads to diminished immunogenicity and dysregulation of MCT4 and P2RY12/P2RY13 related functions,Mus musculus,bulk RNA-seq,2025-01-17,True,,,90.0,ready,https://www.ncbi.nlm.nih.gov/geo/query/acc.cgi?acc=GSE287220
GSE290810,ALS/FTD-linked TBK1 deficiency in microglia induces an aged-like microglial signature and drives social recognition deficits [FACS_SpinalCord_Microglia & LPS_Brain_SpinalCord],Mus musculus,bulk RNA-seq,2025-07-09,True,,,90.0,ready,https://www.ncbi.nlm.nih.gov/geo/query/acc.cgi?acc=GSE290810
GSE80465,"Aging, microglia and cytoskeletal regulation are key factors in the pathological evolution of the APP23 mouse model for Alzheimer’s disease",Mus musculus,bulk RNA-seq,2016-12-24,True,,,90.0,ready,https://www.ncbi.nlm.nih.gov/geo/query/acc.cgi?acc=GSE80465
GSE98401,MEF2C restrains microglial responses to inflammatory stimuli and is reduced upon IFN-I in brain aging,Mus musculus,bulk RNA-seq,2017-07-23,True,,,90.0,ready,https://www.ncbi.nlm.nih.gov/geo/query/acc.cgi?acc=GSE98401
GSE127963,Aged blood impairs hippocampal neural precursor activity and activates microglia via brain endothelial cell VCAM1,Mus musculus,single-cell RNA-seq,2019-03-07,True,,,89.5,ready,https://www.ncbi.nlm.nih.gov/geo/query/acc.cgi?acc=GSE127963
GSE204828,Comprehensive analysis of cellular senescence in the central nervous system revealed microglial senescence and its involvement in demyelinating diseases,Mus musculus,single-cell RNA-seq,2023-05-25,True,,,87.0,ready,https://www.ncbi.nlm.nih.gov/geo/query/acc.cgi?acc=GSE204828
GSE234420,cGAS/STING drives ageing-related inflammation and neurodegeneration III,Mus musculus,single-cell RNA-seq,2023-08-20,True,,,87.0,ready,https://www.ncbi.nlm.nih.gov/geo/query/acc.cgi?acc=GSE234420
GSE38739,Age-related changes in gene expression in retinal microglia,Mus musculus,microarray,2012-12-01,True,,,84.0,ready,https://www.ncbi.nlm.nih.gov/geo/query/acc.cgi?acc=GSE38739
GSE62420,The regional mouse microglial transcriptome during aging,Mus musculus,microarray,2015-10-01,True,,,84.0,ready,https://www.ncbi.nlm.nih.gov/geo/query/acc.cgi?acc=GSE62420
GSE127758,Aged blood impairs hippocampal neural precursor activity and activates microglia via brain endothelial cell VCAM1,Mus musculus,bulk RNA-seq,2019-03-05,True,,,82.5,ready,https://www.ncbi.nlm.nih.gov/geo/query/acc.cgi?acc=GSE127758
GSE207932,"Gene expression profile at single-cell level of microglia from 3-, 14- and 24-month-old female mouse brains",Mus musculus,single-cell RNA-seq,2023-07-25,True,,,82.0,ready,https://www.ncbi.nlm.nih.gov/geo/query/acc.cgi?acc=GSE207932
GSE208292,scRNA-seq of brain cells from 3- and 24-month-old mouse brains,Mus musculus,single-cell RNA-seq,2023-07-25,True,,,82.0,ready,https://www.ncbi.nlm.nih.gov/geo/query/acc.cgi?acc=GSE208292
GSE225948,Brain and blood single-cell transcriptomic analysis in acute and subacute phases after experimental stroke,Mus musculus,single-cell RNA-seq,2023-06-14,True,,,82.0,ready,https://www.ncbi.nlm.nih.gov/geo/query/acc.cgi?acc=GSE225948
GSE234667,Extracellular vesicles in young serum contribute to restoration of age-related brain transcriptomes and cognition in old mice,Mus musculus,bulk RNA-seq,2023-08-30,True,,,81.9,ready,https://www.ncbi.nlm.nih.gov/geo/query/acc.cgi?acc=GSE234667
GSE104181,Functional aspects of meningeal lymphatics in ageing and Alzheimer's disease [1 of 3],Mus musculus,bulk RNA-seq,2018-08-03,True,,,80.0,ready,https://www.ncbi.nlm.nih.gov/geo/query/acc.cgi?acc=GSE104181
GSE166304,White matter aging drives microglial diversity,Mus musculus,bulk RNA-seq,2021-02-08,True,,,80.0,ready,https://www.ncbi.nlm.nih.gov/geo/query/acc.cgi?acc=GSE166304
GSE206618,Brain injury accelerates the onset of a reversible age-related microglial phenotype associated with hyperphagocytosis and inflammatory neurodegeneration,Mus musculus,bulk RNA-seq,2023-01-01,True,,,80.0,ready,https://www.ncbi.nlm.nih.gov/geo/query/acc.cgi?acc=GSE206618
GSE179698,Microglia aging progresses through functional intermediate steps III,Mus musculus,single-cell RNA-seq,2024-07-04,True,,,79.5,ready,https://www.ncbi.nlm.nih.gov/geo/query/acc.cgi?acc=GSE179698
GSE117646,"Microglial translational profiling reveals a convergent APOE pathway from aging, amyloid, and tau",Mus musculus,bulk RNA-seq,2018-07-25,True,,,77.7,ready,https://www.ncbi.nlm.nih.gov/geo/query/acc.cgi?acc=GSE117646
GSE161340,Whole-Body Senescent Cell Clearance Alleviates Age-Related Brain Inflammation and Cognitive Impairment in Mice,Mus musculus,single-cell RNA-seq,2021-02-06,True,,,77.0,ready,https://www.ncbi.nlm.nih.gov/geo/query/acc.cgi?acc=GSE161340
GSE129923,Genome-wide microarray analysis on choroid plexus of young and aged mice,Mus musculus,microarray,2020-01-21,True,,,76.5,ready,https://www.ncbi.nlm.nih.gov/geo/query/acc.cgi?acc=GSE129923
GSE160991,Generalized reversal of glial and neurovascular cell transcriptomic aging signatures by glucagon-like peptide-1 receptor agonist,Mus musculus,bulk RNA-seq,2021-01-31,True,,,75.0,ready,https://www.ncbi.nlm.nih.gov/geo/query/acc.cgi?acc=GSE160991
GSE195891,Single cell RNA-seq of immune cells in multiple mouse models of outer retinal degeneration,Mus musculus,single-cell RNA-seq,2024-01-07,True,,,72.0,usable with curation,https://www.ncbi.nlm.nih.gov/geo/query/acc.cgi?acc=GSE195891
GSE109329,Transcriptome sequencing elucidates gene modules in microglia,Mus musculus,bulk RNA-seq,2018-12-15,True,,,70.3,usable with curation,https://www.ncbi.nlm.nih.gov/geo/query/acc.cgi?acc=GSE109329
GSE118989,KCNH2-3.1 mediates aberrant complement activation to impair hippocampal-medial prefrontal pathway associated with schizophrenia,Mus musculus,bulk RNA-seq,2019-08-23,True,,,70.0,usable with curation,https://www.ncbi.nlm.nih.gov/geo/query/acc.cgi?acc=GSE118989
GSE131283,RNA-seq of different brain tissue areas of Trrap conditional knockout Mus musculus,Mus musculus,bulk RNA-seq,2021-02-17,True,,,70.0,usable with curation,https://www.ncbi.nlm.nih.gov/geo/query/acc.cgi?acc=GSE131283
GSE134031,TREM2 regulates microglial lipid metabolism during aging in mice [RNA-Seq],Mus musculus,bulk RNA-seq,2019-12-21,True,,,70.0,usable with curation,https://www.ncbi.nlm.nih.gov/geo/query/acc.cgi?acc=GSE134031
GSE139542,RNA-seq of lipid droplet-low and lipid droplet-rich microglia isolated from the hippocampi of aged mice,Mus musculus,bulk RNA-seq,2019-10-30,True,,,70.0,usable with curation,https://www.ncbi.nlm.nih.gov/geo/query/acc.cgi?acc=GSE139542
GSE139946,RNA-seq of lipid droplet-low and lipid droplet-rich microglia isolated from the hippocampi of LPS-treated young mice,Mus musculus,bulk RNA-seq,2019-11-06,True,,,70.0,usable with curation,https://www.ncbi.nlm.nih.gov/geo/query/acc.cgi?acc=GSE139946
GSE140009,RNA-seq of lipid droplet-low and lipid droplet-rich microglia isolated from the hippocampi of Progranulin KO mice,Mus musculus,bulk RNA-seq,2019-11-07,True,,,70.0,usable with curation,https://www.ncbi.nlm.nih.gov/geo/query/acc.cgi?acc=GSE140009
GSE156542,Loss of TDP-43 in astrocytes leads to motor deficits by triggering A1-like reactive phenotype and tri-glial dysfunctions,Mus musculus,bulk RNA-seq,2020-11-01,True,,,70.0,usable with curation,https://www.ncbi.nlm.nih.gov/geo/query/acc.cgi?acc=GSE156542
GSE163725,"Aging-associated deficit in CCR7 is linked to worsened glymphatic function, cognition and amyloid beta pathology",Mus musculus,bulk RNA-seq,2021-03-22,True,,,70.0,usable with curation,https://www.ncbi.nlm.nih.gov/geo/query/acc.cgi?acc=GSE163725
GSE165105,Loss of Tmem106b leads to cerebellum Purkinje cell death and motor deficits,Mus musculus,bulk RNA-seq,2021-01-20,True,,,70.0,usable with curation,https://www.ncbi.nlm.nih.gov/geo/query/acc.cgi?acc=GSE165105
GSE168754,Age-associated suppression of exploratory activity during sickness is linked to meningeal lymphatic dysfunction and microglia activation [aged],Mus musculus,bulk RNA-seq,2022-06-12,True,,,70.0,usable with curation,https://www.ncbi.nlm.nih.gov/geo/query/acc.cgi?acc=GSE168754
GSE168755,Age-associated suppression of exploratory activity during sickness is linked to meningeal lymphatic dysfunction and microglia activation [ablation],Mus musculus,bulk RNA-seq,2022-06-12,True,,,70.0,usable with curation,https://www.ncbi.nlm.nih.gov/geo/query/acc.cgi?acc=GSE168755
GSE241574,Reproducible specificity and efficiency of tamoxifen-mediated cre induction across ages,Mus musculus,bulk RNA-seq,2023-12-14,True,,,70.0,usable with curation,https://www.ncbi.nlm.nih.gov/geo/query/acc.cgi?acc=GSE241574
GSE242751,Functional Interaction between APOE4 and mutant APP promotes cerebrovascular changes in young animals,Mus musculus,bulk RNA-seq,2024-04-30,True,,,70.0,usable with curation,https://www.ncbi.nlm.nih.gov/geo/query/acc.cgi?acc=GSE242751
GSE273083,"Transcriptomic profiling of mouse brain in PGRN KO, NesGrnOE-KOBG, EGFL7-PGRNdko and floxed control mice (Grnflfl)",Mus musculus,bulk RNA-seq,2026-03-11,True,,,70.0,usable with curation,https://www.ncbi.nlm.nih.gov/geo/query/acc.cgi?acc=GSE273083
GSE288261,A Novel Microglia-Specific Transcriptional Signatures Correlates with Behavioural Deficits in Neuropsychiatric Lupus (NP-SLE),Mus musculus,bulk RNA-seq,2025-02-02,True,,,70.0,usable with curation,https://www.ncbi.nlm.nih.gov/geo/query/acc.cgi?acc=GSE288261
GSE297917,Youth-associated protein TIMP2 regulates microglial state and function in healthy and aged mice [Bulk RNA-seq],Mus musculus,bulk RNA-seq,2026-06-01,True,,,70.0,usable with curation,https://www.ncbi.nlm.nih.gov/geo/query/acc.cgi?acc=GSE297917
GSE309108,"Transcriptomic and proteomic insights into progressive myoclonus epilepsy, EPM1",Mus musculus,bulk RNA-seq,2026-03-05,True,,,70.0,usable with curation,https://www.ncbi.nlm.nih.gov/geo/query/acc.cgi?acc=GSE309108
GSE17423,Age-related para-inflammation in the neuroretina of the mouse,Mus musculus,microarray,2010-01-01,True,,,69.0,usable with curation,https://www.ncbi.nlm.nih.gov/geo/query/acc.cgi?acc=GSE17423
GSE207955,Gene expression profiles in the hippocampus of the Rp58 hetero-KO and the control wild-type mice in adulthood and old age.,Mus musculus,microarray,2022-07-16,True,,,69.0,usable with curation,https://www.ncbi.nlm.nih.gov/geo/query/acc.cgi?acc=GSE207955
GSE121654,"Complex cell-state changes revealed by single cell RNA sequencing of 76,149 microglia throughout the mouse lifespan and in the injured brain",Mus musculus,single-cell RNA-seq,2018-10-24,True,,,67.0,usable with curation,https://www.ncbi.nlm.nih.gov/geo/query/acc.cgi?acc=GSE121654
GSE154181,Single-nucleus RNA-seq reveals dysregulation of striatal cell identity due to Huntington’s disease mutations,Mus musculus,single-cell RNA-seq,2020-07-11,True,,,67.0,usable with curation,https://www.ncbi.nlm.nih.gov/geo/query/acc.cgi?acc=GSE154181
GSE156183,Prior activation state shapes the microglia response to anti-human TREM2 in a mouse model of Alzheimer's disease,Mus musculus,single-cell RNA-seq,2020-12-08,True,,,67.0,usable with curation,https://www.ncbi.nlm.nih.gov/geo/query/acc.cgi?acc=GSE156183
GSE164674,C9orf72 deficiency promotes microglial mediated synaptic loss in aging and amyloid accumulation [scRNA-seq],Mus musculus,single-cell RNA-seq,2022-06-15,True,,,67.0,usable with curation,https://www.ncbi.nlm.nih.gov/geo/query/acc.cgi?acc=GSE164674
GSE188283,Parenchymal border macrophages regulate CSF flow dynamics [brain],Mus musculus,single-cell RNA-seq,2022-08-31,True,,,67.0,usable with curation,https://www.ncbi.nlm.nih.gov/geo/query/acc.cgi?acc=GSE188283
GSE198014,Microglial NF-κB drives tau spreading and toxicity in a mouse model of tauopathy [snRNA-Seq],Mus musculus,single-cell RNA-seq,2022-03-10,True,,,67.0,usable with curation,https://www.ncbi.nlm.nih.gov/geo/query/acc.cgi?acc=GSE198014
GSE200642,Integrative single cell and spatial transcriptomic analysis reveal reciprocal microglia-plasma cell crosstalk in the mouse brain during chronic Trypanosoma brucei infection,Mus musculus,single-cell RNA-seq,2022-08-29,True,,,67.0,usable with curation,https://www.ncbi.nlm.nih.gov/geo/query/acc.cgi?acc=GSE200642
GSE206114,Parenchymal border macrophages regulate CSF flow dynamics [5xFAD],Mus musculus,single-cell RNA-seq,2022-08-31,True,,,67.0,usable with curation,https://www.ncbi.nlm.nih.gov/geo/query/acc.cgi?acc=GSE206114
GSE206115,Parenchymal border macrophages regulate CSF flow dynamics [CLO depletion],Mus musculus,single-cell RNA-seq,2022-08-31,True,,,67.0,usable with curation,https://www.ncbi.nlm.nih.gov/geo/query/acc.cgi?acc=GSE206115
GSE215440,Microglia regulate myelin growth and integrity in the central nervous system,Mus musculus,single-cell RNA-seq,2022-10-16,True,,,67.0,usable with curation,https://www.ncbi.nlm.nih.gov/geo/query/acc.cgi?acc=GSE215440
GSE226286,scRNA-seq of brain cells from control and 3xDR mouse brains,Mus musculus,single-cell RNA-seq,2023-07-25,True,,,67.0,usable with curation,https://www.ncbi.nlm.nih.gov/geo/query/acc.cgi?acc=GSE226286
GSE230480,Microglia response upon demyelinating injury [snRNA-seq],Mus musculus,single-cell RNA-seq,2024-07-24,True,,,67.0,usable with curation,https://www.ncbi.nlm.nih.gov/geo/query/acc.cgi?acc=GSE230480
GSE254104,Alzheimer’s disease-linked risk alleles elevate microglial cGAS-associated senescence and neurodegeneration in a tauopathy model [snRNAseq],Mus musculus,single-cell RNA-seq,2024-08-21,True,,,67.0,usable with curation,https://www.ncbi.nlm.nih.gov/geo/query/acc.cgi?acc=GSE254104
GSE261494,Ifi27l2a regulates the microglial inflammation in the context of aging and stroke,Mus musculus,single-cell RNA-seq,2025-01-09,True,,,67.0,usable with curation,https://www.ncbi.nlm.nih.gov/geo/query/acc.cgi?acc=GSE261494
GSE263191,Chronic Cerebral Hypoperfusion Induces Pathological Venous Remodeling via EPAS1 Regulation,Mus musculus,single-cell RNA-seq,2025-05-27,True,,,67.0,usable with curation,https://www.ncbi.nlm.nih.gov/geo/query/acc.cgi?acc=GSE263191
GSE297916,Youth-associated protein TIMP2 regulates microglial state and function in healthy and aged mice [snRNA-seq],Mus musculus,single-cell RNA-seq,2026-06-01,True,,,67.0,usable with curation,https://www.ncbi.nlm.nih.gov/geo/query/acc.cgi?acc=GSE297916
GSE145454,Ubiquitin ligase COP1 suppresses microglia-mediated inflammation ,Mus musculus,bulk RNA-seq,2020-08-14,True,,,66.7,usable with curation,https://www.ncbi.nlm.nih.gov/geo/query/acc.cgi?acc=GSE145454
GSE282130,Tlr7 Drives Sex Differences in Age- and AD-related Demyelination [bulk RNAseq],Mus musculus,bulk RNA-seq,2024-11-29,True,,,66.4,usable with curation,https://www.ncbi.nlm.nih.gov/geo/query/acc.cgi?acc=GSE282130
GSE250280,Opposing role of phagocytic receptors MERTK and AXL in Progranulin deficient FTD,Homo sapiens; Mus musculus,bulk RNA-seq,2025-06-30,True,,,66.2,usable with curation,https://www.ncbi.nlm.nih.gov/geo/query/acc.cgi?acc=GSE250280
GSE270383,Spatial Mapping of Mouse Brain Aging through Indexed Sequencing,Mus musculus,single-cell RNA-seq,2024-09-12,True,,,65.5,usable with curation,https://www.ncbi.nlm.nih.gov/geo/query/acc.cgi?acc=GSE270383
GSE151459,P16 positive microglia population identified in the aged mouse brain ,Mus musculus,single-cell RNA-seq,2021-10-14,True,,,65.3,usable with curation,https://www.ncbi.nlm.nih.gov/geo/query/acc.cgi?acc=GSE151459
GSE267545,Microglia protect against age-associated brain pathologies,Mus musculus,single-cell RNA-seq,2024-05-22,True,,,65.0,usable with curation,https://www.ncbi.nlm.nih.gov/geo/query/acc.cgi?acc=GSE267545
GSE179358,Microglia aging progresses through functional intermediate steps,Mus musculus,single-cell RNA-seq,2024-07-04,True,,,64.5,usable with curation,https://www.ncbi.nlm.nih.gov/geo/query/acc.cgi?acc=GSE179358
GSE310666,The Role of Supraoptic Hypothalamic Arginine Vasopressin Neurons in Aging-Associated Water Balance and Thermoregulatory Deficits,Mus musculus,single-cell RNA-seq,2026-05-28,True,,,64.5,usable with curation,https://www.ncbi.nlm.nih.gov/geo/query/acc.cgi?acc=GSE310666
GSE108595,Expression data from sorted humanized TREM2 murine microglia,Mus musculus,microarray,2017-12-29,True,,,64.0,usable with curation,https://www.ncbi.nlm.nih.gov/geo/query/acc.cgi?acc=GSE108595
GSE108825,Abnormal microglia and enhanced inflammation-related gene transcription in mice with conditional deletion of Ctcf in Camk2a-Cre-expressing neurons [Whole_HC_CTCF],Mus musculus,microarray,2018-01-05,True,,,64.0,usable with curation,https://www.ncbi.nlm.nih.gov/geo/query/acc.cgi?acc=GSE108825
GSE108826,Abnormal microglia and enhanced inflammation-related gene transcription in mice with conditional deletion of Ctcf in Camk2a-Cre-expressing neurons [RPL_HC_CTCF],Mus musculus,microarray,2018-01-05,True,,,64.0,usable with curation,https://www.ncbi.nlm.nih.gov/geo/query/acc.cgi?acc=GSE108826
GSE227606,"Transcriptional regulation of microglia priming by IRF7, IRF9 and SMAD3 in accelerated aging mice [RNA-seq]",Mus musculus,bulk RNA-seq,2024-12-31,True,,,62.5,usable with curation,https://www.ncbi.nlm.nih.gov/geo/query/acc.cgi?acc=GSE227606
GSE213020,A Cre-deleter specific for embryo-derived brain macrophages reveals distinct features of microglia and border macrophages,Mus musculus,single-cell RNA-seq,2023-02-02,True,,,61.7,usable with curation,https://www.ncbi.nlm.nih.gov/geo/query/acc.cgi?acc=GSE213020
GSE104182,Functional aspects of meningeal lymphatics in ageing and Alzheimer's disease [2 of 3],Mus musculus,bulk RNA-seq,2018-08-03,True,,,60.0,usable with curation,https://www.ncbi.nlm.nih.gov/geo/query/acc.cgi?acc=GSE104182
GSE109297,The Effect of TLR2 Activation on  Transcriptome of IFN-induced Microglia,Mus musculus,bulk RNA-seq,2018-09-25,True,,,60.0,usable with curation,https://www.ncbi.nlm.nih.gov/geo/query/acc.cgi?acc=GSE109297
GSE113351,Functional aspects of meningeal lymphatics in ageing and Alzheimer's disease [3 of 3],Mus musculus,bulk RNA-seq,2018-08-03,True,,,60.0,usable with curation,https://www.ncbi.nlm.nih.gov/geo/query/acc.cgi?acc=GSE113351
GSE116613,TBK1 suppresses RIPK1-driven apoptosis and inflammation during development and in aging,Mus musculus,bulk RNA-seq,2018-07-04,True,,,60.0,usable with curation,https://www.ncbi.nlm.nih.gov/geo/query/acc.cgi?acc=GSE116613
GSE127543,RNA-seq of microglia isolated from aged mice treated with IgG or anti-CD22.,Mus musculus,bulk RNA-seq,2019-03-01,True,,,60.0,usable with curation,https://www.ncbi.nlm.nih.gov/geo/query/acc.cgi?acc=GSE127543
GSE129000,Aging-exacerbated demyelinating injury is associated with microglia-derived reactive oxygen species: alleviation by indapamide,Mus musculus,bulk RNA-seq,2019-03-29,True,,,60.0,usable with curation,https://www.ncbi.nlm.nih.gov/geo/query/acc.cgi?acc=GSE129000
GSE131213,RNA-seq of murine primary adult stem cells of Trrap inducible knockout Mus musculus with and without 4-OHT treatment,Mus musculus,bulk RNA-seq,2021-02-17,True,,,60.0,usable with curation,https://www.ncbi.nlm.nih.gov/geo/query/acc.cgi?acc=GSE131213
GSE137028,Transcriptomic profiling of microglia and astrocytes throughout aging,Mus musculus,bulk RNA-seq,2020-04-17,True,,,60.0,usable with curation,https://www.ncbi.nlm.nih.gov/geo/query/acc.cgi?acc=GSE137028
GSE145446,Long term effects of COP1 deletion in microglia in vivo,Mus musculus,bulk RNA-seq,2020-08-14,True,,,60.0,usable with curation,https://www.ncbi.nlm.nih.gov/geo/query/acc.cgi?acc=GSE145446
GSE149661,CD8+ T-cells infiltrate Alzheimer’s disease brains and regulate neuronal- and synapse-related gene expression in APP-PS1 transgenic mice,Mus musculus,bulk RNA-seq,2020-06-22,True,,,60.0,usable with curation,https://www.ncbi.nlm.nih.gov/geo/query/acc.cgi?acc=GSE149661
GSE153331,Glial Reactivity and Cognitive Decline Follow Chronic Heterochromatin Loss in Neurons,Mus musculus,bulk RNA-seq,2024-01-10,True,,,60.0,usable with curation,https://www.ncbi.nlm.nih.gov/geo/query/acc.cgi?acc=GSE153331
GSE163055,Age and dietary fiber effect on mouse brain cells,Mus musculus,bulk RNA-seq,2021-06-01,True,,,60.0,usable with curation,https://www.ncbi.nlm.nih.gov/geo/query/acc.cgi?acc=GSE163055
GSE164675,C9orf72 deficiency promotes microglial mediated synaptic loss in aging and amyloid accumulation [bulk RNA-seq],Mus musculus,bulk RNA-seq,2022-06-15,True,,,60.0,usable with curation,https://www.ncbi.nlm.nih.gov/geo/query/acc.cgi?acc=GSE164675
GSE168137,Systematic Phenotyping and Characterization of the 5xFAD mouse model of Alzheimer’s Disease,Mus musculus,bulk RNA-seq,2021-03-04,True,,,60.0,usable with curation,https://www.ncbi.nlm.nih.gov/geo/query/acc.cgi?acc=GSE168137
GSE168428,"Identification and drug-induced reversion of molecular signatures of Alzheimer´s disease onset and progression in AppNL-G-F, AppNL-F and 3xTg-AD mouse models (RNA-seq: WT/3xTg)",Mus musculus,bulk RNA-seq,2021-09-03,True,,,60.0,usable with curation,https://www.ncbi.nlm.nih.gov/geo/query/acc.cgi?acc=GSE168428
GSE169216,Long-term Glatiramer Acetate Treatment Induces Subtle Changes in Microglial Transcriptome,Mus musculus,bulk RNA-seq,2021-08-27,True,,,60.0,usable with curation,https://www.ncbi.nlm.nih.gov/geo/query/acc.cgi?acc=GSE169216
GSE173254,Young blood-derived platelet factors abate inflammation and rescue recognition in aging.,Mus musculus,bulk RNA-seq,2023-06-20,True,,,60.0,usable with curation,https://www.ncbi.nlm.nih.gov/geo/query/acc.cgi?acc=GSE173254
GSE184573,CSN5 deletion in oligodendrocytes causes senescence-induced inflammation and neurodegeneration,Mus musculus,bulk RNA-seq,2022-02-09,True,,,60.0,usable with curation,https://www.ncbi.nlm.nih.gov/geo/query/acc.cgi?acc=GSE184573
GSE190486,Molecular and cognitive signatures of ageing partially restored through synthetic delivery of IL2 to the brain,Mus musculus,bulk RNA-seq,2022-07-01,True,,,60.0,usable with curation,https://www.ncbi.nlm.nih.gov/geo/query/acc.cgi?acc=GSE190486
GSE192964,Autophagy restricts senescence and enables microglia to engage amyloid plagues in neuroprotection,Mus musculus,bulk RNA-seq,2023-04-24,True,,,60.0,usable with curation,https://www.ncbi.nlm.nih.gov/geo/query/acc.cgi?acc=GSE192964
GSE196737,Microglia renewal in old mice enhances the cellular fitness to cope with stroke,Mus musculus,bulk RNA-seq,2022-11-29,True,,,60.0,usable with curation,https://www.ncbi.nlm.nih.gov/geo/query/acc.cgi?acc=GSE196737
GSE214514,Microglial gene expression in Bmal1 cKO and WT mice,Mus musculus,bulk RNA-seq,2023-03-01,True,,,60.0,usable with curation,https://www.ncbi.nlm.nih.gov/geo/query/acc.cgi?acc=GSE214514
GSE215410,SIRT1 activation attenuates microglia-mediated synaptic engulfment in postoperative cognitive,Mus musculus,bulk RNA-seq,2022-12-09,True,,,60.0,usable with curation,https://www.ncbi.nlm.nih.gov/geo/query/acc.cgi?acc=GSE215410
GSE236627,Multi-omic profiling of Müller cells in diabetic retinopathy identifies the glucocorticoid receptor as a master regulator of the gliotic response,Mus musculus,bulk RNA-seq,2024-01-25,True,,,60.0,usable with curation,https://www.ncbi.nlm.nih.gov/geo/query/acc.cgi?acc=GSE236627
GSE243746,SEX-DEPENDENT APOE4 NEUTROPHIL-MICROGLIA INTERACTIONS DRIVE COGNITIVE IMPAIRMENT IN ALZHEIMER'S DISEASE [Microglia_IL17RA],Mus musculus,bulk RNA-seq,2024-06-04,True,,,60.0,usable with curation,https://www.ncbi.nlm.nih.gov/geo/query/acc.cgi?acc=GSE243746
GSE243747,SEX-DEPENDENT APOE4 NEUTROPHIL-MICROGLIA INTERACTIONS DRIVE COGNITIVE IMPAIRMENT IN ALZHEIMER'S DISEASE [Mouse_Microglia_APOE3_4],Mus musculus,bulk RNA-seq,2024-06-04,True,,,60.0,usable with curation,https://www.ncbi.nlm.nih.gov/geo/query/acc.cgi?acc=GSE243747
GSE243748,SEX-DEPENDENT APOE4 NEUTROPHIL-MICROGLIA INTERACTIONS DRIVE COGNITIVE IMPAIRMENT IN ALZHEIMER'S DISEASE [Mouse_Neutro_Spleen_APOE3_4],Mus musculus,bulk RNA-seq,2024-06-04,True,,,60.0,usable with curation,https://www.ncbi.nlm.nih.gov/geo/query/acc.cgi?acc=GSE243748
GSE243749,SEX-DEPENDENT APOE4 NEUTROPHIL-MICROGLIA INTERACTIONS DRIVE COGNITIVE IMPAIRMENT IN ALZHEIMER'S DISEASE [Neutrophils_Spleen_Brain_E3_E4],Mus musculus,bulk RNA-seq,2024-06-04,True,,,60.0,usable with curation,https://www.ncbi.nlm.nih.gov/geo/query/acc.cgi?acc=GSE243749
GSE254103,Alzheimer’s disease-linked risk alleles elevate microglial cGAS-associated senescence and neurodegeneration in a tauopathy model [bulk_RNAseq],Mus musculus,bulk RNA-seq,2024-08-21,True,,,60.0,usable with curation,https://www.ncbi.nlm.nih.gov/geo/query/acc.cgi?acc=GSE254103
GSE254228,ALS/FTD-linked TBK1 deficiency in microglia induces an aged-like microglial signature and drives social recognition deficits [Microdissected_Motor Neurons],Mus musculus,bulk RNA-seq,2025-07-09,True,,,60.0,usable with curation,https://www.ncbi.nlm.nih.gov/geo/query/acc.cgi?acc=GSE254228
GSE254233,BHLHE40/41 regulate microglia and peripheral macrophage responses associated with Alzheimer’s disease and other disorders of lipid-rich tissues,Mus musculus,bulk RNA-seq,2024-01-29,True,,,60.0,usable with curation,https://www.ncbi.nlm.nih.gov/geo/query/acc.cgi?acc=GSE254233
GSE261906,An aging-sensitive compensatory neuroprotective factor that confers cognitive resilience,Mus musculus,bulk RNA-seq,2026-08-10,True,,,60.0,usable with curation,https://www.ncbi.nlm.nih.gov/geo/query/acc.cgi?acc=GSE261906
GSE262426,Insulin resistance alters cortical inhibitory neurons and microglia to exacerbate Alzheimer’s knock-in mouse phenotypes ,Mus musculus,bulk RNA-seq,2025-11-01,True,,,60.0,usable with curation,https://www.ncbi.nlm.nih.gov/geo/query/acc.cgi?acc=GSE262426
GSE266332,Characterization of the ocular inflammatory response to AAV reveals divergence by sex and age,Mus musculus,bulk RNA-seq,2025-01-29,True,,,60.0,usable with curation,https://www.ncbi.nlm.nih.gov/geo/query/acc.cgi?acc=GSE266332
GSE269239,Mitochondrial respiration in microglia is essential for response to demyelinating injury but not proliferation,Mus musculus,bulk RNA-seq,2024-06-10,True,,,60.0,usable with curation,https://www.ncbi.nlm.nih.gov/geo/query/acc.cgi?acc=GSE269239
GSE272069,The impact of inactivation of the GH/IGF axis during aging on healthspan,Mus musculus,bulk RNA-seq,2025-06-25,True,,,60.0,usable with curation,https://www.ncbi.nlm.nih.gov/geo/query/acc.cgi?acc=GSE272069
GSE272765,Novel roles for the ectoenzyme CD38 in the maintenance of transcriptional and metabolic homeostasis in astrocytes,Mus musculus,bulk RNA-seq,2025-12-30,True,,,60.0,usable with curation,https://www.ncbi.nlm.nih.gov/geo/query/acc.cgi?acc=GSE272765
GSE287770,Simultaneous profiling of native-state proteomes and transcriptomes of neural cell types using proximity labeling,Homo sapiens; Mus musculus,bulk RNA-seq,2026-02-16,True,,,60.0,usable with curation,https://www.ncbi.nlm.nih.gov/geo/query/acc.cgi?acc=GSE287770
GSE294816,p16-expressing microglia and endothelial cells promote tauopathy and neurovascular abnormalities in PS19 mice,Mus musculus,bulk RNA-seq,2025-04-30,True,,,60.0,usable with curation,https://www.ncbi.nlm.nih.gov/geo/query/acc.cgi?acc=GSE294816
GSE298240,Inhibition of p38 MAPK after repetitive mild TBI ameliorates immune signaling and behavioral deficit,Mus musculus,bulk RNA-seq,2026-03-18,True,,,60.0,usable with curation,https://www.ncbi.nlm.nih.gov/geo/query/acc.cgi?acc=GSE298240
GSE309404,Antagonizing Il10 and Il4 signaling via intracerebral decoy receptor expression attenuates Aβ accumulation,Mus musculus,bulk RNA-seq,2025-10-01,True,,,60.0,usable with curation,https://www.ncbi.nlm.nih.gov/geo/query/acc.cgi?acc=GSE309404
GSE66211,Mecp2: an unexpected regulator of macrophage gene expression and function [RNA-Seq],Mus musculus,bulk RNA-seq,2015-03-31,True,,,60.0,usable with curation,https://www.ncbi.nlm.nih.gov/geo/query/acc.cgi?acc=GSE66211
GSE77471,Gamma oscillations attenuate amyloid pathology and trigger a protective microglia response in a mouse model of Alzheimer's disease,Mus musculus,bulk RNA-seq,2016-12-07,True,,,60.0,usable with curation,https://www.ncbi.nlm.nih.gov/geo/query/acc.cgi?acc=GSE77471
GSE78747,"GRN knockout, sorted brain cells",Mus musculus,bulk RNA-seq,2017-07-06,True,,,60.0,usable with curation,https://www.ncbi.nlm.nih.gov/geo/query/acc.cgi?acc=GSE78747
GSE79252,Microglia  self-renewal comprises context-dependent random or clonal expansion.,Mus musculus,bulk RNA-seq,2017-03-27,True,,,60.0,usable with curation,https://www.ncbi.nlm.nih.gov/geo/query/acc.cgi?acc=GSE79252
GSE81230,RNAseq of microglia from Rab7 Mutants & Control and Wild-Type mice,Mus musculus,bulk RNA-seq,2016-06-07,True,,,60.0,usable with curation,https://www.ncbi.nlm.nih.gov/geo/query/acc.cgi?acc=GSE81230
GSE89482,Gene Expression in Cx3cr1-GFP+ Cells in PS2APP Alzheimer's Disease mice,Mus musculus,bulk RNA-seq,2017-12-20,True,,,60.0,usable with curation,https://www.ncbi.nlm.nih.gov/geo/query/acc.cgi?acc=GSE89482
GSE93824,Role of Microglial C5aR1 in the Arctic Alzheimer’s Disease Mouse Model,Mus musculus,bulk RNA-seq,2017-10-10,True,,,60.0,usable with curation,https://www.ncbi.nlm.nih.gov/geo/query/acc.cgi?acc=GSE93824
GSE94042,Microglial repopulation rewires and rejuvenates the aged brain,Mus musculus,bulk RNA-seq,2018-10-03,True,,,60.0,usable with curation,https://www.ncbi.nlm.nih.gov/geo/query/acc.cgi?acc=GSE94042
GSE98142,Differential impact of Dicer deficiency on microglia of the developing and adult brain (Bulk RNA-Seq),Mus musculus,bulk RNA-seq,2017-06-20,True,,,60.0,usable with curation,https://www.ncbi.nlm.nih.gov/geo/query/acc.cgi?acc=GSE98142
GSE201652,single cell RNA sequencing of sham and 3 dpi spinal cords in mice,Mus musculus,single-cell RNA-seq,2022-04-30,True,,,59.5,not recommended,https://www.ncbi.nlm.nih.gov/geo/query/acc.cgi?acc=GSE201652
GSE250277,Cholesterol 25-hydroxylase mediates neuroinflammation and neurodegeneration in a mouse model of tauopathy,Mus musculus,single-cell RNA-seq,2024-02-23,True,,,59.5,not recommended,https://www.ncbi.nlm.nih.gov/geo/query/acc.cgi?acc=GSE250277
GSE285471,APOE genotype modifies the gene signature of microglial and astrocytic responses to aging,Mus musculus,single-cell RNA-seq,2026-08-08,True,,,59.5,not recommended,https://www.ncbi.nlm.nih.gov/geo/query/acc.cgi?acc=GSE285471
GSE293040,"Single-cell transcriptome analysis of wildtype, TREM2 knockout, GPR34 knock-out or TREM2/GPR34 double knock-out primary microglia from wildtype and APP knock-in mice (4 months)",Mus musculus,single-cell RNA-seq,2026-07-21,True,,,59.5,not recommended,https://www.ncbi.nlm.nih.gov/geo/query/acc.cgi?acc=GSE293040
GSE293041,"Single-cell transcriptome analysis of wildtype, TREM2 knockout, GPR34 knock-out or TREM2/GPR34 double knock-out primary microglia from wildtype and APP knock-in mice (8 months)",Mus musculus,single-cell RNA-seq,2026-07-21,True,,,59.5,not recommended,https://www.ncbi.nlm.nih.gov/geo/query/acc.cgi?acc=GSE293041
GSE293116,"Single-cell transcriptome analysis of wildtype, TREM2 knockout, GPR34 knock-out or TREM2/GPR34 double knock-out primary microglia from wildtype and APP knock-in mice (17 months)",Mus musculus,single-cell RNA-seq,2026-07-21,True,,,59.5,not recommended,https://www.ncbi.nlm.nih.gov/geo/query/acc.cgi?acc=GSE293116
GSE261698,A glial circadian gene expression atlas reveals cell type and disease-specific reprogramming in response to amyloid pathology or aging,Mus musculus,single-cell RNA-seq,2024-06-26,True,,,58.2,not recommended,https://www.ncbi.nlm.nih.gov/geo/query/acc.cgi?acc=GSE261698
GSE198013,Microglial NF-κB drives tau spreading and toxicity in a mouse model of tauopathy [bulk RNA-Seq],Mus musculus,single-cell RNA-seq,2022-03-10,True,,,58.0,not recommended,https://www.ncbi.nlm.nih.gov/geo/query/acc.cgi?acc=GSE198013
GSE315101,Soluble DLK1 secreted by telomere-shortening-induced senescent microglia impairs oligodendrocyte functions and alters neuronal activity [DLK1_snRNA-seq],Homo sapiens; Mus musculus,single-cell RNA-seq,2026-07-09,True,,,57.3,not recommended,https://www.ncbi.nlm.nih.gov/geo/query/acc.cgi?acc=GSE315101
GSE127884,"The major risk factors for Alzheimer’s disease: Age, Sex and Genes, modulate the microglia response to Aβ plaques (CDEP)",Mus musculus,single-cell RNA-seq,2019-04-23,True,,,57.0,not recommended,https://www.ncbi.nlm.nih.gov/geo/query/acc.cgi?acc=GSE127884
GSE127892,"The major risk factors for Alzheimer’s disease: Age, Sex and Genes, modulate the microglia response to Aβ plaques (KW)",Mus musculus,single-cell RNA-seq,2019-04-23,True,,,57.0,not recommended,https://www.ncbi.nlm.nih.gov/geo/query/acc.cgi?acc=GSE127892
GSE171095,Reversal of Synapse Loss in Alzheimer Mouse Models by Targeting mGluR5 to Prevent Synaptic Tagging by C1q,Mus musculus,single-cell RNA-seq,2022-06-01,True,,,57.0,not recommended,https://www.ncbi.nlm.nih.gov/geo/query/acc.cgi?acc=GSE171095
GSE178295,Single-nuclei transcriptome sequencing of mouse grey and white matter under myelin abnormalities,Mus musculus,single-cell RNA-seq,2023-03-20,True,,,57.0,not recommended,https://www.ncbi.nlm.nih.gov/geo/query/acc.cgi?acc=GSE178295
GSE178296,Transcriptome profiling of mouse brain microglia in Cnp null mice with 5xFAD background,Mus musculus,single-cell RNA-seq,2023-03-20,True,,,57.0,not recommended,https://www.ncbi.nlm.nih.gov/geo/query/acc.cgi?acc=GSE178296
GSE188284,Parenchymal border macrophages regulate CSF flow dynamics [leptomeningeal macs],Mus musculus,single-cell RNA-seq,2022-08-31,True,,,57.0,not recommended,https://www.ncbi.nlm.nih.gov/geo/query/acc.cgi?acc=GSE188284
GSE190012,Single nucleus analysis of brain tissues from DAP12 loss-of-function (KΔ75) mice,Mus musculus,single-cell RNA-seq,2022-12-31,True,,,57.0,not recommended,https://www.ncbi.nlm.nih.gov/geo/query/acc.cgi?acc=GSE190012
GSE190607,Single-cell Sequencing of Microglia following Repopulation Reveals Distinct Clusters and Transcriptomic Signatures in the 3xTg Alzheimer's Disease Model,Mus musculus,single-cell RNA-seq,2022-02-01,True,,,57.0,not recommended,https://www.ncbi.nlm.nih.gov/geo/query/acc.cgi?acc=GSE190607
GSE193625,Astrocyte immunosenescence in IL-10 and cholesterol signaling in the aged brain impairs microglial regulation following peripheral immune activation,Mus musculus,single-cell RNA-seq,2022-01-24,True,,,57.0,not recommended,https://www.ncbi.nlm.nih.gov/geo/query/acc.cgi?acc=GSE193625
GSE202579,CD8+ T cells induce interferon-responsive oligodendrocytes during white matter aging,Mus musculus,single-cell RNA-seq,2022-09-13,True,,,57.0,not recommended,https://www.ncbi.nlm.nih.gov/geo/query/acc.cgi?acc=GSE202579
GSE208683,Single-nuclei transcriptome sequencing of 5xFAD mouse brain hemisphere with myelin dysfunction,Mus musculus,single-cell RNA-seq,2023-03-20,True,,,57.0,not recommended,https://www.ncbi.nlm.nih.gov/geo/query/acc.cgi?acc=GSE208683
GSE211702,Structural and functional distinctions of co-resident microglia and monocyte-derived macrophages after retinal degeneration,Mus musculus,single-cell RNA-seq,2023-01-06,True,,,57.0,not recommended,https://www.ncbi.nlm.nih.gov/geo/query/acc.cgi?acc=GSE211702
GSE229418,Alzheimer’s disease-induced phagocytic microglia express a specific profile of coding and non-coding RNAs [lncRNA],Mus musculus,single-cell RNA-seq,2024-03-20,True,,,57.0,not recommended,https://www.ncbi.nlm.nih.gov/geo/query/acc.cgi?acc=GSE229418
GSE229553,10x single-cell RNA sequencing of microglia from wild-type C57BL/6 and P301S mice,Mus musculus,single-cell RNA-seq,2023-11-17,True,,,57.0,not recommended,https://www.ncbi.nlm.nih.gov/geo/query/acc.cgi?acc=GSE229553
GSE253582,"Transcriptional profiling of CD11b+ microglia isolated from cerebellum and olfactory bulb-removed brains of SAMP8 and SAMR1 mice at 2, 5, and 9 months of age.",Mus musculus,single-cell RNA-seq,2024-05-29,True,,,57.0,not recommended,https://www.ncbi.nlm.nih.gov/geo/query/acc.cgi?acc=GSE253582
GSE261457,Single cell RNA sequencing of aging neural progenitors reveals loss of excitatory neuron potential and a population with transcriptional immune response (RNA-Seq),Mus musculus,single-cell RNA-seq,2024-07-29,True,,,57.0,not recommended,https://www.ncbi.nlm.nih.gov/geo/query/acc.cgi?acc=GSE261457
GSE261458,Single cell RNA sequencing of aging neural progenitors reveals loss of excitatory neuron potential and a population with transcriptional immune response (scRNA-Seq),Mus musculus,single-cell RNA-seq,2024-07-29,True,,,57.0,not recommended,https://www.ncbi.nlm.nih.gov/geo/query/acc.cgi?acc=GSE261458
GSE262632,Sex-dependent APOE4 Neutrophil-microglia interactions drive cognitive impairment in Alzheimer's Disease,Mus musculus,single-cell RNA-seq,2024-06-04,True,,,57.0,not recommended,https://www.ncbi.nlm.nih.gov/geo/query/acc.cgi?acc=GSE262632
GSE268159,Single-cell m6A profiling in the mouse brain uncovers cell type-specific RNA methylomes and age-dependent differential methylation [aged study],Mus musculus,single-cell RNA-seq,2024-09-24,True,,,57.0,not recommended,https://www.ncbi.nlm.nih.gov/geo/query/acc.cgi?acc=GSE268159
GSE271560,Tracking changes in functionality and morphology of repopulated microglia in young and old mice,Mus musculus,single-cell RNA-seq,2024-11-27,True,,,57.0,not recommended,https://www.ncbi.nlm.nih.gov/geo/query/acc.cgi?acc=GSE271560
GSE281947,Age-impaired remyelination is associated with dysregulated microglial transitions.,Mus musculus,single-cell RNA-seq,2025-08-01,True,,,57.0,not recommended,https://www.ncbi.nlm.nih.gov/geo/query/acc.cgi?acc=GSE281947
GSE282329,Tlr7 Drives Sex Differences in Age- and AD-related Demyelination [snRNAseq],Mus musculus,single-cell RNA-seq,2024-11-29,True,,,57.0,not recommended,https://www.ncbi.nlm.nih.gov/geo/query/acc.cgi?acc=GSE282329
GSE285506,Single cell transcriptomic changes in the THY-Tau22 mouse model of Alzheimer's disease at 17 months of age,Mus musculus,single-cell RNA-seq,2025-01-06,True,,,57.0,not recommended,https://www.ncbi.nlm.nih.gov/geo/query/acc.cgi?acc=GSE285506
GSE286094,"Loss of ATG7 in Microglia Impairs UPR, Triggers Ferroptosis and Weakens Amyloid Pathology Control [scRNA-seq]",Mus musculus,single-cell RNA-seq,2025-01-30,True,,,57.0,not recommended,https://www.ncbi.nlm.nih.gov/geo/query/acc.cgi?acc=GSE286094
GSE296768,Plaque-induced transcriptional reprogramming of microglia towards lymphoid receptor expression protects against Alzheimer's disease [scRNA-seq],Mus musculus,single-cell RNA-seq,2025-08-07,True,,,57.0,not recommended,https://www.ncbi.nlm.nih.gov/geo/query/acc.cgi?acc=GSE296768
GSE98969,Single cell RNA-seq identifies a unique microglia type associated with Alzheimer’s disease [RNA],Mus musculus,single-cell RNA-seq,2017-06-12,True,,,57.0,not recommended,https://www.ncbi.nlm.nih.gov/geo/query/acc.cgi?acc=GSE98969
GSE159463,Microglia response to allergic airway inflammation during early postnatal period in mice,Mus musculus,microarray,2023-10-11,True,,,56.5,not recommended,https://www.ncbi.nlm.nih.gov/geo/query/acc.cgi?acc=GSE159463
GSE177039,"Comparison of retinal gene expression among Chx10-cre;Tsc f/f, Chx10-cre;Tsc+/+ and 24-month-old C57BL/6 mice",Mus musculus,microarray,2021-06-12,True,,,56.5,not recommended,https://www.ncbi.nlm.nih.gov/geo/query/acc.cgi?acc=GSE177039
GSE229416,Alzheimer’s disease-induced phagocytic microglia express a specific profile of coding and non-coding RNAs [BV-2 cells],Mus musculus,bulk RNA-seq,2024-03-20,True,,,54.7,not recommended,https://www.ncbi.nlm.nih.gov/geo/query/acc.cgi?acc=GSE229416
GSE103380,Gene expression of microglia from naïve or MHV infected mouse brains,Mus musculus,microarray,2018-02-28,True,,,54.0,not recommended,https://www.ncbi.nlm.nih.gov/geo/query/acc.cgi?acc=GSE103380
GSE111737,"Mitophagy ameliorates Aβ and p-Tau pathologies, and cognitive deficits, in experimental models of Alzheimer’s disease",Mus musculus,microarray,2018-11-26,True,,,54.0,not recommended,https://www.ncbi.nlm.nih.gov/geo/query/acc.cgi?acc=GSE111737
GSE119650,Transcriptomes of microglia in experimental cerebral malaria in mice in the presence and absence of Type I Interferon signaling,Mus musculus,microarray,2018-09-07,True,,,54.0,not recommended,https://www.ncbi.nlm.nih.gov/geo/query/acc.cgi?acc=GSE119650
GSE212343,"APOE modulates microglial immunometabolism in response to age, amyloid pathology, and inflammatory challenge [Bulk RNA-seq]",Mus musculus,single-cell RNA-seq,2022-09-04,True,,,54.0,not recommended,https://www.ncbi.nlm.nih.gov/geo/query/acc.cgi?acc=GSE212343
GSE33674,Preservation of cone photoreceptors after a rapid yet transient degeneration and remodeling in cone-only Nrl-/- mouse retina,Mus musculus,microarray,2011-11-15,True,,,54.0,not recommended,https://www.ncbi.nlm.nih.gov/geo/query/acc.cgi?acc=GSE33674
GSE60388,In vitro caloric restriction induces protective genes and functional rejuvenation in senescent SAMP8 astrocytes,Mus musculus,microarray,2015-06-23,True,,,54.0,not recommended,https://www.ncbi.nlm.nih.gov/geo/query/acc.cgi?acc=GSE60388
GSE74615,Acutely isolated murine cortical astrocytes and microglia: Alzheimer's disease vs wildtype,Mus musculus,microarray,2015-11-04,True,,,54.0,not recommended,https://www.ncbi.nlm.nih.gov/geo/query/acc.cgi?acc=GSE74615
GSE98143,Differential impact of Dicer deficiency on microglia of the developing and adult brain (Agilent miRNA microarrays),Mus musculus,microarray,2017-06-20,True,,,54.0,not recommended,https://www.ncbi.nlm.nih.gov/geo/query/acc.cgi?acc=GSE98143
GSE212317,"APOE modulates microglial immunometabolism in response to age, amyloid pathology, and inflammatory challenge [scRNA-seq 1]",Mus musculus,single-cell RNA-seq,2022-09-04,True,,,53.7,not recommended,https://www.ncbi.nlm.nih.gov/geo/query/acc.cgi?acc=GSE212317
GSE129996,"RNA-sequencing of microglia, T cells and ILC2 from the brains of IL-33 treated aged (20-22mos) mice",Mus musculus,bulk RNA-seq,2020-01-21,True,,,52.5,not recommended,https://www.ncbi.nlm.nih.gov/geo/query/acc.cgi?acc=GSE129996
GSE129999,RNA-sequencing of microglia from IL-5 or PBS treated aged (20mos) mice,Mus musculus,bulk RNA-seq,2020-01-21,True,,,52.5,not recommended,https://www.ncbi.nlm.nih.gov/geo/query/acc.cgi?acc=GSE129999
GSE146510,Peripheral nerve resident macrophages share tissue-specific programming and features of activated microglia,Mus musculus,bulk RNA-seq,2020-06-01,True,,,52.5,not recommended,https://www.ncbi.nlm.nih.gov/geo/query/acc.cgi?acc=GSE146510
GSE156936,RNA-Seq analysis of E4FAD mouse brain cortex to evaluate the impact of omega-6 fatty acid docosapentaenoic acid on neuroinflammation,Mus musculus,bulk RNA-seq,2020-09-30,True,,,52.5,not recommended,https://www.ncbi.nlm.nih.gov/geo/query/acc.cgi?acc=GSE156936
GSE169019,Microglia RNA-seq of mus musculus:adult male dorsal hippocampus,Mus musculus,bulk RNA-seq,2021-08-24,True,,,52.5,not recommended,https://www.ncbi.nlm.nih.gov/geo/query/acc.cgi?acc=GSE169019
GSE180746,Transcriptomic profiling identifies CD8+ T-cells in the brain of aged and Alzheimer’s disease transgenic mice as tissue-resident memory T-cells,Mus musculus,bulk RNA-seq,2022-08-02,True,,,52.5,not recommended,https://www.ncbi.nlm.nih.gov/geo/query/acc.cgi?acc=GSE180746
GSE214646,FAM69C promotes stress granule assembly and suppresses inflammasome activation,Mus musculus,bulk RNA-seq,2022-10-05,True,,,52.5,not recommended,https://www.ncbi.nlm.nih.gov/geo/query/acc.cgi?acc=GSE214646
GSE216976,TonEBP increases TRIM37 ,Mus musculus,bulk RNA-seq,2024-12-31,True,,,52.5,not recommended,https://www.ncbi.nlm.nih.gov/geo/query/acc.cgi?acc=GSE216976
GSE277167,Protective variant in PLCγ2 mitigates Alzheimer’s disease associated pathology via enhancing beneficial microglia functions,Mus musculus,bulk RNA-seq,2024-09-16,True,,,52.5,not recommended,https://www.ncbi.nlm.nih.gov/geo/query/acc.cgi?acc=GSE277167
GSE278709,RNA-seq of oligodendrocyte progenitors immunopanned from postnatal day 6-8 mice treated with high glucose (HG) or low glucose (LG).,Mus musculus,bulk RNA-seq,2025-10-02,True,,,52.5,not recommended,https://www.ncbi.nlm.nih.gov/geo/query/acc.cgi?acc=GSE278709
GSE291239,Glial-specific and inducible full body C3 deficiency does not affect amyloid pathology in the AppNL−G−F mouse model of Alzheimer’s disease,Mus musculus,bulk RNA-seq,2026-06-03,True,,,52.5,not recommended,https://www.ncbi.nlm.nih.gov/geo/query/acc.cgi?acc=GSE291239
GSE306683,"Early loss of astrocyte p38α MAPK reduces hippocampal neuroinflammation, enhances synaptic strength, and increases non-synaptic mitochondrial uncoupling in female mice during non-pathological aging",Mus musculus,bulk RNA-seq,2026-08-27,True,,,52.5,not recommended,https://www.ncbi.nlm.nih.gov/geo/query/acc.cgi?acc=GSE306683
GSE343951,Skeletal muscle fatigue resistance is differentially affected in 8-month-old male and female hAβ-KI mice.,Mus musculus,bulk RNA-seq,2026-08-21,True,,,52.5,not recommended,https://www.ncbi.nlm.nih.gov/geo/query/acc.cgi?acc=GSE343951
GSE56452,SIRT1 deficiency in microglia contributes to cognitive decline in aging and neurodegeneration via epigenetic regulation of IL-1beta,Mus musculus,microarray,2014-10-01,True,,,51.5,not recommended,https://www.ncbi.nlm.nih.gov/geo/query/acc.cgi?acc=GSE56452
GSE248184,Microglia,Mus musculus,microarray,2023-12-15,True,,,50.7,not recommended,https://www.ncbi.nlm.nih.gov/geo/query/acc.cgi?acc=GSE248184
GSE138891,Cytotoxic CNS-associated T cells drive axon degeneration in aging and myelin disease,Mus musculus,single-cell RNA-seq,2021-02-08,True,,,50.3,not recommended,https://www.ncbi.nlm.nih.gov/geo/query/acc.cgi?acc=GSE138891
GSE220548,Human iPSC-Derived Mononuclear Phagocytes Improve Cognition and Neural Health across Multiple Mouse Models of Aging and Alzheimer's Disease,Mus musculus,single-cell RNA-seq,2025-09-10,True,,,50.3,not recommended,https://www.ncbi.nlm.nih.gov/geo/query/acc.cgi?acc=GSE220548
GSE107790,"Mononuclear phagocytes locally specify and adapt their phenotype in the inflamed central nervous system, blood monocyte and brain microglia expression data",Mus musculus,bulk RNA-seq,2018-09-05,True,,,50.0,not recommended,https://www.ncbi.nlm.nih.gov/geo/query/acc.cgi?acc=GSE107790
GSE122766,"Engrafted parenchymal brain macrophages differ from microglia in transcriptome, chromatin landscape and response to challenge (RNA-Seq)",Mus musculus,bulk RNA-seq,2018-11-21,True,,,50.0,not recommended,https://www.ncbi.nlm.nih.gov/geo/query/acc.cgi?acc=GSE122766
GSE162209,The effects of postmortem delay on mouse microglia gene expression,Mus musculus,bulk RNA-seq,2021-01-01,True,,,50.0,not recommended,https://www.ncbi.nlm.nih.gov/geo/query/acc.cgi?acc=GSE162209
GSE168429,"Identification and drug-induced reversion of molecular signatures of Alzheimer´s disease onset and progression in AppNL-G-F, AppNL-F and 3xTg-AD mouse models (RNA-seq: WT/NLGF)",Mus musculus,bulk RNA-seq,2021-09-03,True,,,50.0,not recommended,https://www.ncbi.nlm.nih.gov/geo/query/acc.cgi?acc=GSE168429
GSE175578,Epigenetic regulation of innate immune memory in microglia,Mus musculus,bulk RNA-seq,2022-05-18,True,,,50.0,not recommended,https://www.ncbi.nlm.nih.gov/geo/query/acc.cgi?acc=GSE175578
GSE198559,Staged suppression of microglial autophagy facilitates remyelination by enhancing the production of linoleic acid,Mus musculus,bulk RNA-seq,2023-02-15,True,,,50.0,not recommended,https://www.ncbi.nlm.nih.gov/geo/query/acc.cgi?acc=GSE198559
GSE221352,A transcriptomic study reveals beneficial effects of HsTX1[R14A] on the cognition of a mouse model of sporadic Alzheimer’s disease,Mus musculus,bulk RNA-seq,2023-05-11,True,,,50.0,not recommended,https://www.ncbi.nlm.nih.gov/geo/query/acc.cgi?acc=GSE221352
GSE221376,Immunotoxin-αCD40 therapy activates innate and adaptive immunity and generates a durable antitumor response in glioblastoma models,Mus musculus,bulk RNA-seq,2023-02-17,True,,,50.0,not recommended,https://www.ncbi.nlm.nih.gov/geo/query/acc.cgi?acc=GSE221376
GSE226091,SALL1 enforces microglia-specific DNA binding and function of SMADs to establish microglia identity [RNA-seq],Mus musculus,bulk RNA-seq,2023-05-01,True,,,50.0,not recommended,https://www.ncbi.nlm.nih.gov/geo/query/acc.cgi?acc=GSE226091
GSE226172,TREM2 inhibition triggers anti-tumor cell activity of myeloid cells in glioblastoma [RNAseq],Mus musculus,bulk RNA-seq,2023-05-12,True,,,50.0,not recommended,https://www.ncbi.nlm.nih.gov/geo/query/acc.cgi?acc=GSE226172
GSE227984,Circulating senescent myeloid cells drive blood brain barrier breakdown and neurodegeneration,Mus musculus,bulk RNA-seq,2024-03-01,True,,,50.0,not recommended,https://www.ncbi.nlm.nih.gov/geo/query/acc.cgi?acc=GSE227984
GSE236268,Microglial gene signature reveals loss of homeostatic microglia associated with neurodegeneration of Alzheimer's disease,Mus musculus,bulk RNA-seq,2023-07-09,True,,,50.0,not recommended,https://www.ncbi.nlm.nih.gov/geo/query/acc.cgi?acc=GSE236268
GSE243110,A TrkB and TrkC partial agonist prevents synaptic plasticity deficits and elicits activity-dependent synaptic and microglial transcriptomic changes in a late-stage Alzheimer’s disease mouse model,Mus musculus,bulk RNA-seq,2025-09-11,True,,,50.0,not recommended,https://www.ncbi.nlm.nih.gov/geo/query/acc.cgi?acc=GSE243110
GSE243536,Sex-dimorphic neuroprotective effect of CD163 in an alpha-synuclein mouse model of Parkinson’s disease,Mus musculus,bulk RNA-seq,2023-12-14,True,,,50.0,not recommended,https://www.ncbi.nlm.nih.gov/geo/query/acc.cgi?acc=GSE243536
GSE246261,Asparagine endopeptidase deficiency mitigates radiation-induced brain injury by suppressing microglia-mediated neuronal senescence,Mus musculus,bulk RNA-seq,2024-05-01,True,,,50.0,not recommended,https://www.ncbi.nlm.nih.gov/geo/query/acc.cgi?acc=GSE246261
GSE246888,Microglial apolipoprotein E particles contribute to neuronal senescence and synaptotoxicity,Mus musculus,bulk RNA-seq,2024-06-28,True,,,50.0,not recommended,https://www.ncbi.nlm.nih.gov/geo/query/acc.cgi?acc=GSE246888
GSE254217,ALS/FTD-linked TBK1 deficiency in microglia induces an aged-like microglial signature and drives social recognition deficits. [in vitro_Microglia],Mus musculus,bulk RNA-seq,2025-07-09,True,,,50.0,not recommended,https://www.ncbi.nlm.nih.gov/geo/query/acc.cgi?acc=GSE254217
GSE268386,Senescent microglia limit remyelination through the senescence associated secretory phenotype,Mus musculus,bulk RNA-seq,2025-02-03,True,,,50.0,not recommended,https://www.ncbi.nlm.nih.gov/geo/query/acc.cgi?acc=GSE268386
GSE269745,Effects of depletion of Irf8 and Mafb on gene expression of adult microglia and CNS border associtated macrophages (CAMs),Mus musculus,bulk RNA-seq,2024-07-09,True,,,50.0,not recommended,https://www.ncbi.nlm.nih.gov/geo/query/acc.cgi?acc=GSE269745
GSE269886,"Transcriptomic analysis of microglia from young and aged wild-type, NLRP3-/-, APP/PS1 and APP/PS1.NLRP3-/- mice.",Mus musculus,bulk RNA-seq,2025-02-03,True,,,50.0,not recommended,https://www.ncbi.nlm.nih.gov/geo/query/acc.cgi?acc=GSE269886
GSE270428,Meningeal lymphatics-microglia axis regulates synaptic physiology [ligation],Mus musculus,bulk RNA-seq,2025-03-21,True,,,50.0,not recommended,https://www.ncbi.nlm.nih.gov/geo/query/acc.cgi?acc=GSE270428
GSE271293,Transcriptomic analysis unveils bona fide molecular signatures of microglia under conditions of homeostasis and viral encephalitis,Mus musculus,bulk RNA-seq,2024-08-09,True,,,50.0,not recommended,https://www.ncbi.nlm.nih.gov/geo/query/acc.cgi?acc=GSE271293
GSE271559,Tracking changes in functionality and morphology of repopulated microglia in young and old mice [RNA-Seq],Mus musculus,bulk RNA-seq,2024-11-27,True,,,50.0,not recommended,https://www.ncbi.nlm.nih.gov/geo/query/acc.cgi?acc=GSE271559
GSE272248,Upregulation of adenosine A2A receptor by astrocytes is sufficient to trigger hippocampal multicellular dysfunctions and memory deficits,Mus musculus,bulk RNA-seq,2025-08-22,True,,,50.0,not recommended,https://www.ncbi.nlm.nih.gov/geo/query/acc.cgi?acc=GSE272248
GSE275400,"Brd4 expression in microglia supports microglial activation, T cell recruitment, and demyelination in EAE",Mus musculus,bulk RNA-seq,2025-06-05,True,,,50.0,not recommended,https://www.ncbi.nlm.nih.gov/geo/query/acc.cgi?acc=GSE275400
GSE276942,"Transthyrectin, a novel prognostic marker of POCD revealed by time-series RNA sequencing analysis",Mus musculus,bulk RNA-seq,2025-09-09,True,,,50.0,not recommended,https://www.ncbi.nlm.nih.gov/geo/query/acc.cgi?acc=GSE276942
GSE283556,Fate mapping of peripherally derived macrophages reveals a long-lasting engrafted population that maintains a distinct transcriptomic profile for up to 8 months after Traumatic Brain Injury I,Mus musculus,bulk RNA-seq,2025-08-06,True,,,50.0,not recommended,https://www.ncbi.nlm.nih.gov/geo/query/acc.cgi?acc=GSE283556
GSE283558,Fate mapping of peripherally derived macrophages reveals a long-lasting engrafted population that maintains a distinct transcriptomic profile for up to 8 months after Traumatic Brain Injury II,Mus musculus,bulk RNA-seq,2025-08-06,True,,,50.0,not recommended,https://www.ncbi.nlm.nih.gov/geo/query/acc.cgi?acc=GSE283558
GSE283560,Fate mapping of peripherally derived macrophages reveals a long-lasting engrafted population that maintains a distinct transcriptomic profile for up to 8 months after Traumatic Brain Injury III,Mus musculus,bulk RNA-seq,2025-08-06,True,,,50.0,not recommended,https://www.ncbi.nlm.nih.gov/geo/query/acc.cgi?acc=GSE283560
GSE303078,Synaptic proteins that aggregate and degrade slower with aging accumulate in microglia,Mus musculus,bulk RNA-seq,2025-11-06,True,,,50.0,not recommended,https://www.ncbi.nlm.nih.gov/geo/query/acc.cgi?acc=GSE303078
GSE316928,"Characterizing the metabolomes of microglia, astrocytes and neurons in ageing and Alzheimer’s brains",Mus musculus,bulk RNA-seq,2026-02-04,True,,,50.0,not recommended,https://www.ncbi.nlm.nih.gov/geo/query/acc.cgi?acc=GSE316928
GSE77681,C9orf72 is required for proper macrophage and microglial function in mice,Mus musculus,bulk RNA-seq,2016-03-24,True,,,50.0,not recommended,https://www.ncbi.nlm.nih.gov/geo/query/acc.cgi?acc=GSE77681
GSE86573,Macrophage ontogeny underlies differences in tumor-specific education in brain malignancies,Mus musculus,bulk RNA-seq,2016-11-10,True,,,50.0,not recommended,https://www.ncbi.nlm.nih.gov/geo/query/acc.cgi?acc=GSE86573
GSE205511,Molecular and functional features of synucleinopathy-associated astrocytes,Mus musculus,single-cell RNA-seq,2023-06-30,True,,,49.5,not recommended,https://www.ncbi.nlm.nih.gov/geo/query/acc.cgi?acc=GSE205511
GSE211340,Microglia aging advances through intermediate states that drive inflammatory activation and cognitive decline,Mus musculus,single-cell RNA-seq,2024-07-04,True,,,49.5,not recommended,https://www.ncbi.nlm.nih.gov/geo/query/acc.cgi?acc=GSE211340
GSE247173,Cellular rejuvenation protects neurons from inflammation mediated cell death (RNA-seq).,Mus musculus,single-cell RNA-seq,2025-01-01,True,,,49.5,not recommended,https://www.ncbi.nlm.nih.gov/geo/query/acc.cgi?acc=GSE247173
GSE271192,"Single cell RNA seq analysis of microglia from aged wild-type, NLRP3-/-, APP/PS1 and APP/PS1.NLRP3-/- mice.",Mus musculus,single-cell RNA-seq,2025-02-03,True,,,49.5,not recommended,https://www.ncbi.nlm.nih.gov/geo/query/acc.cgi?acc=GSE271192
GSE272377,Single-cell RNA-seq of sorted microglia from aged Grn KO mice [HEX000661],Mus musculus,single-cell RNA-seq,2026-07-20,True,,,49.5,not recommended,https://www.ncbi.nlm.nih.gov/geo/query/acc.cgi?acc=GSE272377
GSE272828,The retrotransposable element-silencing factor Daxx controls microglia identity and function in the adult brain,Mus musculus,single-cell RNA-seq,2026-06-22,True,,,49.5,not recommended,https://www.ncbi.nlm.nih.gov/geo/query/acc.cgi?acc=GSE272828
GSE282308,Gene expression profiles of brain injury at single cell level from aged mice treated with or without microglial replacement,Mus musculus,single-cell RNA-seq,2025-07-25,True,,,49.5,not recommended,https://www.ncbi.nlm.nih.gov/geo/query/acc.cgi?acc=GSE282308
GSE324634,Effect of L-PGDS loss on cellular response during cuprizone induced demyelination,Mus musculus,single-cell RNA-seq,2026-03-20,True,,,49.5,not recommended,https://www.ncbi.nlm.nih.gov/geo/query/acc.cgi?acc=GSE324634
GSE327960,"Transcription profiles of mouse microglia isolated by FACS from WT and Grn KO animals, separated by lipofuscin levels [hex001110]",Mus musculus,single-cell RNA-seq,2026-07-20,True,,,49.5,not recommended,https://www.ncbi.nlm.nih.gov/geo/query/acc.cgi?acc=GSE327960
GSE338196,Neuroimmune priming and microglial exhaustion in aged Gulf War Illness mice,Mus musculus,single-cell RNA-seq,2026-07-14,True,,,49.5,not recommended,https://www.ncbi.nlm.nih.gov/geo/query/acc.cgi?acc=GSE338196
GSE109774,Tabula Muris: Transcriptomic characterization of 20 organs and tissues from Mus musculus at single cell resolution,Mus musculus,single-cell RNA-seq,2018-03-19,True,,,49.2,not recommended,https://www.ncbi.nlm.nih.gov/geo/query/acc.cgi?acc=GSE109774
GSE3253,Exaggerated neuroinflammation and sickness behavior in aged mice after activation of the peripheral innate immune system,Mus musculus,microarray,2005-09-12,True,,,49.0,not recommended,https://www.ncbi.nlm.nih.gov/geo/query/acc.cgi?acc=GSE3253
GSE168737,A survey of the mouse hindbrain in the fed and fasted state using single-nucleus RNA sequencing.,Mus musculus,single-cell RNA-seq,2021-05-10,True,,,47.0,not recommended,https://www.ncbi.nlm.nih.gov/geo/query/acc.cgi?acc=GSE168737
GSE174265,Neurons burdened by DNA double strand breaks incite microglia activation through antiviral-like signaling in neurodegeneration.,Mus musculus,single-cell RNA-seq,2022-05-10,True,,,47.0,not recommended,https://www.ncbi.nlm.nih.gov/geo/query/acc.cgi?acc=GSE174265
GSE198531,Dual ontogeny of disease-associated microglia and disease inflammatory macrophages in aging and neurodegeneration,Mus musculus,single-cell RNA-seq,2022-08-08,True,,,47.0,not recommended,https://www.ncbi.nlm.nih.gov/geo/query/acc.cgi?acc=GSE198531
GSE198835,Hippocampus and visceral adipose tissues cellular landscape profiling to characterize the effects of obesity-amyloidosis comorbidity [scRNA-seq],Mus musculus,single-cell RNA-seq,2023-01-23,True,,,47.0,not recommended,https://www.ncbi.nlm.nih.gov/geo/query/acc.cgi?acc=GSE198835
GSE199574,scRNAseq from WT and PRMT1-KO microglia,Mus musculus,single-cell RNA-seq,2022-04-29,True,,,47.0,not recommended,https://www.ncbi.nlm.nih.gov/geo/query/acc.cgi?acc=GSE199574
GSE200901,Biological Aging of CNS-Resident Cells Alters the Clinical Course and Immunopathology of Autoimmune Demyelinating Disease,Mus musculus,single-cell RNA-seq,2022-06-23,True,,,47.0,not recommended,https://www.ncbi.nlm.nih.gov/geo/query/acc.cgi?acc=GSE200901
GSE201814,Prenatal immune stress blunts microglia reactivity which impairs neurocircuitry [Adult_scRNA-seq],Mus musculus,single-cell RNA-seq,2022-07-01,True,,,47.0,not recommended,https://www.ncbi.nlm.nih.gov/geo/query/acc.cgi?acc=GSE201814
GSE207948,Gene expression profile at single cell level of microglia from forced microglia turnover and control mouse brain,Mus musculus,single-cell RNA-seq,2023-07-25,True,,,47.0,not recommended,https://www.ncbi.nlm.nih.gov/geo/query/acc.cgi?acc=GSE207948
GSE223394,Endothelial Cell Senescence Stimulates Amyloid-β Phagocytosis and Barrier Function of Microglia Leading to Attenuation of Cognitive Impairment in the APPswe/PS1dE9 Mouse Model of Alzheimer’s Disease,Mus musculus,single-cell RNA-seq,2023-09-01,True,,,47.0,not recommended,https://www.ncbi.nlm.nih.gov/geo/query/acc.cgi?acc=GSE223394
GSE231604,Microglial MHC-I induction with aging and Alzheimer’s is conserved in mouse models and humans,Mus musculus,single-cell RNA-seq,2023-07-05,True,,,47.0,not recommended,https://www.ncbi.nlm.nih.gov/geo/query/acc.cgi?acc=GSE231604
GSE234419,cGAS/STING drives ageing-related inflammation and neurodegeneration II,Mus musculus,single-cell RNA-seq,2023-08-20,True,,,47.0,not recommended,https://www.ncbi.nlm.nih.gov/geo/query/acc.cgi?acc=GSE234419
GSE234421,cGAS/STING drives ageing-related inflammation and neurodegeneration IV,Mus musculus,single-cell RNA-seq,2023-08-20,True,,,47.0,not recommended,https://www.ncbi.nlm.nih.gov/geo/query/acc.cgi?acc=GSE234421
GSE236032,Microglia-derived TGF-β1 ligand maintains microglia homeostasis via autocrine mechanism and is critical for normal cognitive function in adult mouse brain,Mus musculus,single-cell RNA-seq,2023-08-08,True,,,47.0,not recommended,https://www.ncbi.nlm.nih.gov/geo/query/acc.cgi?acc=GSE236032
GSE243018,T cell mediated microglia activation triggers myelin pathology in a model of amyloidosis,Mus musculus,single-cell RNA-seq,2024-05-10,True,,,47.0,not recommended,https://www.ncbi.nlm.nih.gov/geo/query/acc.cgi?acc=GSE243018
GSE252050,Genetic background variation impacts microglial heterogeneity and disease progression in amyotrophic lateral sclerosis model mice,Mus musculus,single-cell RNA-seq,2024-01-31,True,,,47.0,not recommended,https://www.ncbi.nlm.nih.gov/geo/query/acc.cgi?acc=GSE252050
GSE254915,TGF-β signaling mediates microglial resilience to age-dependent dorsal column myelin alterations,Mus musculus,single-cell RNA-seq,2025-08-31,True,,,47.0,not recommended,https://www.ncbi.nlm.nih.gov/geo/query/acc.cgi?acc=GSE254915
GSE266876,Single-cell m6A profiling in the mouse brain uncovers cell type-specific RNA methylomes and age-dependent differential methylation,Mus musculus,single-cell RNA-seq,2024-09-24,True,,,47.0,not recommended,https://www.ncbi.nlm.nih.gov/geo/query/acc.cgi?acc=GSE266876
GSE269748,A single-cell atlas deconstructs heterogeneity across multiple models in murine traumatic brain injury and identifies novel cell-specific targets,Mus musculus,single-cell RNA-seq,2024-07-02,True,,,47.0,not recommended,https://www.ncbi.nlm.nih.gov/geo/query/acc.cgi?acc=GSE269748
GSE272344,Lithium Deficiency and the Onset of Alzheimer’s Disease,Mus musculus,single-cell RNA-seq,2025-06-09,True,,,47.0,not recommended,https://www.ncbi.nlm.nih.gov/geo/query/acc.cgi?acc=GSE272344
GSE275326,Lithium Deficiency and the Onset of Alzheimer’s Disease,Mus musculus,single-cell RNA-seq,2025-06-12,True,,,47.0,not recommended,https://www.ncbi.nlm.nih.gov/geo/query/acc.cgi?acc=GSE275326
GSE283362,Microglia activation orchestrates CXCL10-mediated CD8+ T cell recruitment to promote aging-related white matter degeneration (fixed scRNA-seq),Mus musculus,single-cell RNA-seq,2025-03-07,True,,,47.0,not recommended,https://www.ncbi.nlm.nih.gov/geo/query/acc.cgi?acc=GSE283362
GSE286095,"Loss of ATG7 in Microglia Impairs UPR, Triggers Ferroptosis and Weakens Amyloid Pathology Control [bulk RNA-seq]",Mus musculus,single-cell RNA-seq,2025-01-30,True,,,47.0,not recommended,https://www.ncbi.nlm.nih.gov/geo/query/acc.cgi?acc=GSE286095
GSE295788,Lithium Deficiency and the Onset of Alzheimer’s Disease [3xTG_LiO],Mus musculus,single-cell RNA-seq,2025-06-12,True,,,47.0,not recommended,https://www.ncbi.nlm.nih.gov/geo/query/acc.cgi?acc=GSE295788
GSE302157,scRNA-Seq of Retinal microglia from 6 months old Balb/c mice infected with MCMV at birth,Mus musculus,single-cell RNA-seq,2026-01-29,True,,,47.0,not recommended,https://www.ncbi.nlm.nih.gov/geo/query/acc.cgi?acc=GSE302157
GSE304771,scRNA-seq of microglia from Cx3cr1CreERT2(Litt) adult mice reveals gene expression profile after TAM treatment.,Mus musculus,single-cell RNA-seq,2025-08-15,True,,,47.0,not recommended,https://www.ncbi.nlm.nih.gov/geo/query/acc.cgi?acc=GSE304771
GSE312732,Tomatidine is a senotherapeutic compound that improves cognitive function and reduces cellular senescence in aged mice,Mus musculus,single-cell RNA-seq,2026-04-03,True,,,47.0,not recommended,https://www.ncbi.nlm.nih.gov/geo/query/acc.cgi?acc=GSE312732
GSE319875,"Astro- versus microglia-enriched transcriptomes from aged  Atxn2-CAG100-knockin mice suggest underlying pathology of RNA processing at ribosomes, and possibly at U-bodies [panRNAseq]",Mus musculus,single-cell RNA-seq,2026-05-15,True,,,47.0,not recommended,https://www.ncbi.nlm.nih.gov/geo/query/acc.cgi?acc=GSE319875
GSE106620,Long-term neuroinflammation induced by influenza A virus infection and the impact on hippocampal neuron morphology and function,Mus musculus,microarray,2018-12-31,True,,,46.5,not recommended,https://www.ncbi.nlm.nih.gov/geo/query/acc.cgi?acc=GSE106620
GSE129296,Expression data from microglia in Abeta and TAU mouse models of Alzheimer Disease,Mus musculus,microarray,2021-03-03,True,,,46.5,not recommended,https://www.ncbi.nlm.nih.gov/geo/query/acc.cgi?acc=GSE129296
GSE135999,NAD+ supplementation normalizes neuroinflammation and senescence via the cGAS-STING pathway,Mus musculus,microarray,2021-08-25,True,,,46.5,not recommended,https://www.ncbi.nlm.nih.gov/geo/query/acc.cgi?acc=GSE135999
GSE292830,Monocytes can efficiently replace all brain macrophages and instruct different microglial identities depending on their origin,Mus musculus,single-cell RNA-seq,2025-04-22,True,,,45.8,not recommended,https://www.ncbi.nlm.nih.gov/geo/query/acc.cgi?acc=GSE292830
GSE276929,Aurka-Bhlhe41 axis prevents premature aging-like microglial dysfunction and promotes remyelination,Mus musculus,microarray,2026-02-18,True,,,44.0,not recommended,https://www.ncbi.nlm.nih.gov/geo/query/acc.cgi?acc=GSE276929
GSE179721,Minimizing the ex vivo confounds of cell-isolation techniques on transcriptomic profiles of purified microglia,Mus musculus,bulk RNA-seq,2021-09-30,True,,,42.5,not recommended,https://www.ncbi.nlm.nih.gov/geo/query/acc.cgi?acc=GSE179721
GSE183050,RNAseq of isolated astrocytes and microglia from APPPS1E4fl/fl mice following astroycte APOE removal,Mus musculus,bulk RNA-seq,2021-09-30,True,,,42.5,not recommended,https://www.ncbi.nlm.nih.gov/geo/query/acc.cgi?acc=GSE183050
GSE199217,Microglial Piezo1 senses  Aβ fibrils stiffness to restrict Alzheimer’s disease,Mus musculus,bulk RNA-seq,2022-03-26,True,,,42.5,not recommended,https://www.ncbi.nlm.nih.gov/geo/query/acc.cgi?acc=GSE199217
GSE215438,Effect of Bacteroides fragilis administration on microglia in WT and the APP-PS1 model of Alzheimer's disease [Bfrag],Mus musculus,bulk RNA-seq,2024-10-12,True,,,42.5,not recommended,https://www.ncbi.nlm.nih.gov/geo/query/acc.cgi?acc=GSE215438
GSE215439,Effect of metronidazole on microglial gene expression and gut microbiome composition in the 5XFAD mice model of Alzheimer's disease,Mus musculus,bulk RNA-seq,2024-10-12,True,,,42.5,not recommended,https://www.ncbi.nlm.nih.gov/geo/query/acc.cgi?acc=GSE215439
GSE233951,Dynamics of reactive astrocytes fosters tissue regeneration after cuprizone-induced demyelination [RNA-seq I],Mus musculus,bulk RNA-seq,2023-07-11,True,,,42.5,not recommended,https://www.ncbi.nlm.nih.gov/geo/query/acc.cgi?acc=GSE233951
GSE235076,Microglial apolipoprotein E particles contribute to neuronal senescence and synaptotoxicity,Mus musculus,bulk RNA-seq,2025-06-30,True,,,42.5,not recommended,https://www.ncbi.nlm.nih.gov/geo/query/acc.cgi?acc=GSE235076
GSE236805,Dynamics of reactive astrocytes fosters tissue regeneration after cuprizone-induced demyelination [RNA-seq II],Mus musculus,bulk RNA-seq,2023-07-11,True,,,42.5,not recommended,https://www.ncbi.nlm.nih.gov/geo/query/acc.cgi?acc=GSE236805
GSE252873,Intermittent fasting reduces alpha-synuclein pathology and functional decline in a mouse model of Parkinson’s disease [sham],Mus musculus,bulk RNA-seq,2025-01-03,True,,,42.5,not recommended,https://www.ncbi.nlm.nih.gov/geo/query/acc.cgi?acc=GSE252873
GSE266053,Immunometabolic dysregulation in microglia drives brain ageing via neuroimmune cGAS-STING,Mus musculus,bulk RNA-seq,2025-04-28,True,,,42.5,not recommended,https://www.ncbi.nlm.nih.gov/geo/query/acc.cgi?acc=GSE266053
GSE269720,Fate-mapping and functional dissection reveal perilous influence of type I interferon signaling in mouse brain aging,Mus musculus,bulk RNA-seq,2024-06-19,True,,,42.5,not recommended,https://www.ncbi.nlm.nih.gov/geo/query/acc.cgi?acc=GSE269720
GSE270941,Repeated exposure to lidocaine induces hippocampal synaptic and cognitive impairment in aged mice by activating microglia and neurotoxic A1astrocytes,Mus musculus,bulk RNA-seq,2024-07-01,True,,,42.5,not recommended,https://www.ncbi.nlm.nih.gov/geo/query/acc.cgi?acc=GSE270941
GSE275072,Decreased sialylation in the mouse retina elicits complement-related microglia response and bipolar cell loss,Mus musculus,bulk RNA-seq,2025-09-15,True,,,42.5,not recommended,https://www.ncbi.nlm.nih.gov/geo/query/acc.cgi?acc=GSE275072
GSE277245,Innate immune signaling by ZBP1-RIPK1 axis drives neuroinflammation in Alzheimer's disease,Mus musculus,bulk RNA-seq,2025-08-22,True,,,42.5,not recommended,https://www.ncbi.nlm.nih.gov/geo/query/acc.cgi?acc=GSE277245
GSE279995,Rheb modulates mTORC1-independent metabolism is essential for lysosomal function in microglia,Mus musculus,bulk RNA-seq,2026-06-01,True,,,42.5,not recommended,https://www.ncbi.nlm.nih.gov/geo/query/acc.cgi?acc=GSE279995
GSE282544,Immune Checkpoint PD-L1 Modulates Retinal Microglial Activation to Alleviate Vascular Leakage in Choroidal Neovascularization via ERK,Mus musculus,bulk RNA-seq,2025-11-01,True,,,42.5,not recommended,https://www.ncbi.nlm.nih.gov/geo/query/acc.cgi?acc=GSE282544
GSE301244,Bioinformatic analysis identifies RGS10 as a modulator of BV-2 cell migration,Mus musculus,bulk RNA-seq,2025-07-08,True,,,42.5,not recommended,https://www.ncbi.nlm.nih.gov/geo/query/acc.cgi?acc=GSE301244
GSE320423,lncRNA 3222401L13Rik/ENSG00000272070 modulates microglial inflammatory programs in association with PU.1,Mus musculus,bulk RNA-seq,2026-03-16,True,,,42.5,not recommended,https://www.ncbi.nlm.nih.gov/geo/query/acc.cgi?acc=GSE320423
GSE324086,Hereditary spastic paraplegia (HSP) gene 11 (SPG11) attenuates lipid accumulation in myeloid cells and neuroinflammation independent of α-synuclein pathology,Mus musculus,bulk RNA-seq,2026-06-26,True,,,42.5,not recommended,https://www.ncbi.nlm.nih.gov/geo/query/acc.cgi?acc=GSE324086
GSE338200,Cannabidiol reverses microglial exhaustion in aged Gulf War Illness mice,Mus musculus,bulk RNA-seq,2026-07-14,True,,,42.5,not recommended,https://www.ncbi.nlm.nih.gov/geo/query/acc.cgi?acc=GSE338200
GSE338411,Transcriptomic changes in the mouse olfactory bulb following peripheral SARS-CoV-2 infection,Mus musculus,bulk RNA-seq,2026-07-18,True,,,42.5,not recommended,https://www.ncbi.nlm.nih.gov/geo/query/acc.cgi?acc=GSE338411
GSE345471,Compartment-Specific Inhibition of Cytosolic Cathepsin B Mitigates Microglial Senescence in the Aging Brain [AOMK RNA-Seq],Mus musculus,bulk RNA-seq,2026-09-03,True,,,42.5,not recommended,https://www.ncbi.nlm.nih.gov/geo/query/acc.cgi?acc=GSE345471
GSE212606,A global view of aging and Alzheimer’s pathogenesis-associated cell population dynamics in mammalian brain,Mus musculus; Homo sapiens,single-cell RNA-seq,2023-05-26,True,,,42.0,not recommended,https://www.ncbi.nlm.nih.gov/geo/query/acc.cgi?acc=GSE212606
GSE216209,GPR34 senses demyelination to promote neuroinflammation and cognition impairment in Alzheimer's disease,Mus musculus,bulk RNA-seq,2025-02-05,True,,,40.0,not recommended,https://www.ncbi.nlm.nih.gov/geo/query/acc.cgi?acc=GSE216209
GSE223018,Transcriptional responses to deep cerebellar nuclei (DCN) and entorhinal cortex (EC) protein homogenates in cultured microglia,Mus musculus,bulk RNA-seq,2023-08-31,True,,,40.0,not recommended,https://www.ncbi.nlm.nih.gov/geo/query/acc.cgi?acc=GSE223018
GSE226532,Ethanol Induced Cerebellar Transcriptomic Changes in a Postnatal Model of Fetal Alcohol Spectrum Disorders: Focus on Disease Onset,Mus musculus,bulk RNA-seq,2023-03-07,True,,,40.0,not recommended,https://www.ncbi.nlm.nih.gov/geo/query/acc.cgi?acc=GSE226532
GSE247222,Enhanced meningeal lymphatic drainage ameliorates lipopolysaccharide-induced brain injury in aged mice,Mus musculus,bulk RNA-seq,2023-11-30,True,,,40.0,not recommended,https://www.ncbi.nlm.nih.gov/geo/query/acc.cgi?acc=GSE247222
GSE271791,Intermittent fasting alleviates photoreceptor degeneration and retina inflammation in oxidative stress-induced model of Age-Related Macular Degeneration,Mus musculus,bulk RNA-seq,2024-07-09,True,,,40.0,not recommended,https://www.ncbi.nlm.nih.gov/geo/query/acc.cgi?acc=GSE271791
GSE285073,Meningeal lymphatics-microglia axis regulates synaptic physiology [acz.vehicle],Mus musculus,bulk RNA-seq,2025-05-29,True,,,40.0,not recommended,https://www.ncbi.nlm.nih.gov/geo/query/acc.cgi?acc=GSE285073
GSE165306,Transcriptional signature in microglia associated with Aβ plaque phagocytosis,Homo sapiens; Mus musculus,bulk RNA-seq,2021-01-31,True,,,39.6,not recommended,https://www.ncbi.nlm.nih.gov/geo/query/acc.cgi?acc=GSE165306
GSE179611,Microglia aging progresses through functional intermediate steps II,Mus musculus,single-cell RNA-seq,2024-07-04,True,,,39.5,not recommended,https://www.ncbi.nlm.nih.gov/geo/query/acc.cgi?acc=GSE179611
GSE190007,Microglia aging progresses through functional intermediate steps.,Mus musculus,single-cell RNA-seq,2024-07-04,True,,,39.5,not recommended,https://www.ncbi.nlm.nih.gov/geo/query/acc.cgi?acc=GSE190007
GSE254835,Anxiety-like behavior and altered hippocampal activity in a transgenic mouse model of Fabry disease,Mus musculus,single-cell RNA-seq,2025-06-01,True,,,39.5,not recommended,https://www.ncbi.nlm.nih.gov/geo/query/acc.cgi?acc=GSE254835
GSE255329,The retrotransposable element-silencing factor Daxx controls microglia identity and function in the adult brain,Mus musculus,single-cell RNA-seq,2026-06-22,True,,,39.5,not recommended,https://www.ncbi.nlm.nih.gov/geo/query/acc.cgi?acc=GSE255329
GSE276607,The retrotransposable element-silencing factor Daxx controls microglia identity and function in the adult brain [RNA-seq],Mus musculus,single-cell RNA-seq,2026-06-22,True,,,39.5,not recommended,https://www.ncbi.nlm.nih.gov/geo/query/acc.cgi?acc=GSE276607
GSE312503,Characterization of cellular responses of Ptpn6 (SHP-1) cKO in hippocampus by scRNA-seq,Mus musculus,single-cell RNA-seq,2026-03-26,True,,,39.5,not recommended,https://www.ncbi.nlm.nih.gov/geo/query/acc.cgi?acc=GSE312503
GSE320070,Brain-Engrafted Monocyte-derived Macrophages from Blood and Skull-Bone Marrow Exhibit Distinct Properties [scRNA_DR3X],Mus musculus,single-cell RNA-seq,2026-03-11,True,,,39.5,not recommended,https://www.ncbi.nlm.nih.gov/geo/query/acc.cgi?acc=GSE320070
GSE327962,"Effects of CRISPR-mediated knockout of Mitf, Tfe3 and Tfeb on the transcriptome of mouse BMDMs from WT and Grn KO animals [hex001130]",Mus musculus,single-cell RNA-seq,2026-07-20,True,,,39.5,not recommended,https://www.ncbi.nlm.nih.gov/geo/query/acc.cgi?acc=GSE327962
GSE341988,Sequential pathogen exposure normalizes the brain neuroimmune microenvironment and reveals a tissue-resident memory CD8 T cell-microglia axis shaping adult neurogenesis,Mus musculus,single-cell RNA-seq,2026-07-31,True,,,39.5,not recommended,https://www.ncbi.nlm.nih.gov/geo/query/acc.cgi?acc=GSE341988
GSE79374,Single-cell RNAseq of mouse brain tissues across 3 developmental time points,Mus musculus,single-cell RNA-seq,2019-08-31,True,,,39.5,not recommended,https://www.ncbi.nlm.nih.gov/geo/query/acc.cgi?acc=GSE79374
GSE345470,Compartment-Specific Inhibition of Cytosolic Cathepsin B Mitigates Microglial Senescence in the Aging Brain [MG6MG7PAL RNA-Seq],Mus musculus,bulk RNA-seq,2026-09-03,True,,,37.5,not recommended,https://www.ncbi.nlm.nih.gov/geo/query/acc.cgi?acc=GSE345470
GSE189226,Type I Interferon Signaling Mediates Microglial Dysfunction and Senescence in Human-Mouse Chimeric Brain Models of Down Syndrome and Alzheimer’s Disease [single-cell RNA-seq],Homo sapiens; Mus musculus,single-cell RNA-seq,2022-07-08,True,,,37.0,not recommended,https://www.ncbi.nlm.nih.gov/geo/query/acc.cgi?acc=GSE189226
GSE226292,TREM2 inhibition triggers anti-tumor cell activity of myeloid cells in glioblastoma [scRNA],Mus musculus,single-cell RNA-seq,2023-05-12,True,,,37.0,not recommended,https://www.ncbi.nlm.nih.gov/geo/query/acc.cgi?acc=GSE226292
GSE267933,Hippocampal single-cell atlas screening unveils disrupted neuroglial system in postoperative cognitive impairment,Mus musculus,single-cell RNA-seq,2024-11-14,True,,,37.0,not recommended,https://www.ncbi.nlm.nih.gov/geo/query/acc.cgi?acc=GSE267933
GSE290806,Spatial and single-cell transcriptomics reveal the reorganization of cerebellar microglia with aging,Mus musculus,single-cell RNA-seq,2025-12-06,True,,,37.0,not recommended,https://www.ncbi.nlm.nih.gov/geo/query/acc.cgi?acc=GSE290806
GSE310804,Transcriptomic features of GFP+ RPE cells in Serpine-Gfp heterozygous mice at 2 months I,Mus musculus,single-cell RNA-seq,2026-04-30,True,,,37.0,not recommended,https://www.ncbi.nlm.nih.gov/geo/query/acc.cgi?acc=GSE310804
GSE322681,Spatial transcriptomics reveals molecular mechanisms underlying neuroinflammatory and neurodegenerative sequelae of immune checkpoint inhibition [RNA-Seq],Mus musculus,single-cell RNA-seq,2026-06-09,True,,,37.0,not recommended,https://www.ncbi.nlm.nih.gov/geo/query/acc.cgi?acc=GSE322681
GSE247435,Schwann cell-specific ablation of Beclin 1 impairs peripheral myelination and leads to a progressive motor and sensory neuropathy,Mus musculus,microarray,2024-12-20,True,,,34.0,not recommended,https://www.ncbi.nlm.nih.gov/geo/query/acc.cgi?acc=GSE247435
GSE245470,Inactivation of Gas6/Axl signaling aggravated Microglia-Astrocyte cross regulation after spinal cord injury,Mus musculus,bulk RNA-seq,2023-10-21,True,,,32.5,not recommended,https://www.ncbi.nlm.nih.gov/geo/query/acc.cgi?acc=GSE245470
GSE87531,Effects of aged garlic extract (AGE) and FruArg on lipopolysaccharide-induced genetic response in microglial cells using gene expression profiling,Mus musculus,bulk RNA-seq,2016-10-01,True,,,32.5,not recommended,https://www.ncbi.nlm.nih.gov/geo/query/acc.cgi?acc=GSE87531
GSE99537,Modulation of Macrophage Subpopulation Response in Radiation-Treated Gliomas Circumvents Tumor Recurrence ,Mus musculus,bulk RNA-seq,2019-05-31,True,,,32.5,not recommended,https://www.ncbi.nlm.nih.gov/geo/query/acc.cgi?acc=GSE99537
GSE304010,A transcriptomic microglia taxonomy across mouse and human pathologies,Mus musculus,single-cell RNA-seq,2026-02-09,True,,,31.9,not recommended,https://www.ncbi.nlm.nih.gov/geo/query/acc.cgi?acc=GSE304010
GSE233983,Spatial transcriptomics of the aging mouse brain reveals origins of inflammation in the white matter,Mus musculus,bulk RNA-seq,2025-01-02,True,,,30.0,not recommended,https://www.ncbi.nlm.nih.gov/geo/query/acc.cgi?acc=GSE233983
GSE327682,Aging Drives Region-Specific Metabolic Changes in Gut Muscularis Macrophages,Mus musculus,single-cell RNA-seq,2026-09-01,True,,,29.5,not recommended,https://www.ncbi.nlm.nih.gov/geo/query/acc.cgi?acc=GSE327682
GSE243788,snRNA-Seq of optic nerve from two models of inducible demyelination.,Mus musculus,single-cell RNA-seq,2024-09-12,True,,,27.0,not recommended,https://www.ncbi.nlm.nih.gov/geo/query/acc.cgi?acc=GSE243788
GSE289098,"Inflammation associated microglial expansion disrupts hippocampal glial network communication, driving postoperative neurocognitive impairment",Mus musculus,single-cell RNA-seq,2025-11-02,True,,the SOFT response contained no samples,27.0,not recommended,https://www.ncbi.nlm.nih.gov/geo/query/acc.cgi?acc=GSE289098
GSE310812,Transcriptomic features of GFP+ RPE cells in Serpine-Gfp heterozygous mice at 2 months III,Mus musculus,single-cell RNA-seq,2026-04-30,True,,,27.0,not recommended,https://www.ncbi.nlm.nih.gov/geo/query/acc.cgi?acc=GSE310812
GSE103727,Gene expression of macrophages and microglia from naïve or MHV infected mouse brains,Mus musculus,bulk RNA-seq,2018-02-28,False,SuperSeries (its SubSeries are assessed on their own),,,,https://www.ncbi.nlm.nih.gov/geo/query/acc.cgi?acc=GSE103727
GSE107792,Mononuclear phagocytes locally specify and adapt their phenotype in the inflamed central nervous system,Mus musculus,bulk RNA-seq,2018-09-05,False,SuperSeries (its SubSeries are assessed on their own),,,,https://www.ncbi.nlm.nih.gov/geo/query/acc.cgi?acc=GSE107792
GSE110166,"HDAC1/2 are required for microglia identity during development, homeostasis and neurodegeneration in a context-dependent manner [ChIP inducible knockout on FAD background]",Mus musculus,chromatin profiling,2018-03-14,False,data type out of scope (chromatin profiling),,,,https://www.ncbi.nlm.nih.gov/geo/query/acc.cgi?acc=GSE110166
GSE115626,Aging retains neural stem cells in a dormant state,Mus musculus,bulk RNA-seq,2019-02-28,False,SuperSeries (its SubSeries are assessed on their own),,,,https://www.ncbi.nlm.nih.gov/geo/query/acc.cgi?acc=GSE115626
GSE122768,"Engrafted parenchymal brain macrophages differ from microglia in transcriptome, chromatin landscape and response to challenge (ATAC-Seq)",Mus musculus,chromatin profiling,2018-11-21,False,data type out of scope (chromatin profiling),,,,https://www.ncbi.nlm.nih.gov/geo/query/acc.cgi?acc=GSE122768
GSE130627,TREM2 regulates microglial cholesterol metabolism upon chronic phagocytic challenge,Mus musculus,bulk RNA-seq,2019-12-21,False,SuperSeries (its SubSeries are assessed on their own),,,,https://www.ncbi.nlm.nih.gov/geo/query/acc.cgi?acc=GSE130627
GSE130960,Cx3cr1-deficient microglia exhibit a premature aging transcriptome,Mus musculus,chromatin profiling,2019-10-01,False,data type out of scope (chromatin profiling),,,,https://www.ncbi.nlm.nih.gov/geo/query/acc.cgi?acc=GSE130960
GSE144081,qPCR profiling of mouse immune cell miRNAs,Mus musculus,other,2020-01-23,False,data type out of scope (other),,,,https://www.ncbi.nlm.nih.gov/geo/query/acc.cgi?acc=GSE144081
GSE164676,C9orf72 deficiency promotes microglial mediated synaptic loss in aging and amyloid accumulation,Mus musculus,bulk RNA-seq,2022-06-15,False,SuperSeries (its SubSeries are assessed on their own),,,,https://www.ncbi.nlm.nih.gov/geo/query/acc.cgi?acc=GSE164676
GSE168756,Age-associated suppression of exploratory activity during sickness is linked to meningeal lymphatic dysfunction and microglia activation,Mus musculus,bulk RNA-seq,2022-06-12,False,SuperSeries (its SubSeries are assessed on their own),,,,https://www.ncbi.nlm.nih.gov/geo/query/acc.cgi?acc=GSE168756
GSE178304,Ageing-associated myelin dysfunction drives amyloid deposition in mouse models of Alzheimer's disease,Mus musculus,bulk RNA-seq,2023-03-20,False,SuperSeries (its SubSeries are assessed on their own),,,,https://www.ncbi.nlm.nih.gov/geo/query/acc.cgi?acc=GSE178304
GSE189227,Type I Interferon Signaling Mediates Microglial Dysfunction and Senescence in Human-Mouse Chimeric Brain Models of Down Syndrome and Alzheimer’s Disease,Homo sapiens; Mus musculus,bulk RNA-seq,2022-07-08,False,SuperSeries (its SubSeries are assessed on their own),,,,https://www.ncbi.nlm.nih.gov/geo/query/acc.cgi?acc=GSE189227
GSE190427,Reduced microglial Trem2 levels is associated with abnormal synaptic pruning in the developing hippocampus of mice exposed to early life stress,Mus musculus,other,2022-09-28,False,data type out of scope (other),,,,https://www.ncbi.nlm.nih.gov/geo/query/acc.cgi?acc=GSE190427
GSE20447,Neuronal microRNA response to Alzheimer's disease amyloid beta,Homo sapiens; Rattus norvegicus; Mus musculus,other,2010-05-30,False,data type out of scope (other),,,,https://www.ncbi.nlm.nih.gov/geo/query/acc.cgi?acc=GSE20447
GSE208109,Exposure to a real traffic environment impairs brain cognition in aged mice,Mus musculus,methylation profiling,2022-07-16,False,data type out of scope (methylation profiling),,,,https://www.ncbi.nlm.nih.gov/geo/query/acc.cgi?acc=GSE208109
GSE208346,"ATAC-seq of microglia from 3-, 14- and 24-month-old female mouse brains treated by LPS or PBS",Mus musculus,chromatin profiling,2023-07-25,False,data type out of scope (chromatin profiling),,,,https://www.ncbi.nlm.nih.gov/geo/query/acc.cgi?acc=GSE208346
GSE212323,"APOE modulates microglial immunometabolism in response to age, amyloid pathology, and inflammatory challenge [Spatial transcriptomics]",Mus musculus,other,2022-09-04,False,data type out of scope (other),,,,https://www.ncbi.nlm.nih.gov/geo/query/acc.cgi?acc=GSE212323
GSE213391,"APOE modulates microglial immunometabolism in response to age, amyloid pathology, and inflammatory challenge",Mus musculus,bulk RNA-seq,2022-09-15,False,SuperSeries (its SubSeries are assessed on their own),,,,https://www.ncbi.nlm.nih.gov/geo/query/acc.cgi?acc=GSE213391
GSE220633,RecQ dysfunction contributes to social and depressive-like behavior and aldolase activity changes in mice [Metabolic],Mus musculus; Mus,other,2026-01-20,False,data type out of scope (other),,,,https://www.ncbi.nlm.nih.gov/geo/query/acc.cgi?acc=GSE220633
GSE220636,RECQL dysfunction contributes to social and depressive-like behavior and aldolase activity changes in mice [Neuroinflammation],Mus; Mus musculus,other,2026-01-20,False,data type out of scope (other),,,,https://www.ncbi.nlm.nih.gov/geo/query/acc.cgi?acc=GSE220636
GSE223076,Immune vigilant state in deep cerebellar nuclei is contributed by multiple glial populations and linked to reduced amyloid plaque pathology. ,Mus musculus,bulk RNA-seq,2023-08-31,False,SuperSeries (its SubSeries are assessed on their own),,,,https://www.ncbi.nlm.nih.gov/geo/query/acc.cgi?acc=GSE223076
GSE226088,SALL1 enforces microglia-specific DNA binding and function of SMADs to establish microglia identity [3D],Mus musculus,chromatin profiling,2023-05-01,False,data type out of scope (chromatin profiling),,,,https://www.ncbi.nlm.nih.gov/geo/query/acc.cgi?acc=GSE226088
GSE226089,SALL1 enforces microglia-specific DNA binding and function of SMADs to establish microglia identity [ATAC-seq],Mus musculus,chromatin profiling,2023-05-01,False,data type out of scope (chromatin profiling),,,,https://www.ncbi.nlm.nih.gov/geo/query/acc.cgi?acc=GSE226089
GSE226090,SALL1 enforces microglia-specific DNA binding and function of SMADs to establish microglia identity [ChIP-seq],Mus musculus,chromatin profiling,2023-05-01,False,data type out of scope (chromatin profiling),,,,https://www.ncbi.nlm.nih.gov/geo/query/acc.cgi?acc=GSE226090
GSE226293,TREM2 inhibition triggers anti-tumor cell activity of myeloid cells in glioblastoma,Mus musculus,bulk RNA-seq,2023-05-12,False,SuperSeries (its SubSeries are assessed on their own),,,,https://www.ncbi.nlm.nih.gov/geo/query/acc.cgi?acc=GSE226293
GSE227605,"Transcriptional regulation of microglia priming by IRF7, IRF9 and SMAD3 in accelerated aging mice [ATAC-seq]",Mus musculus,chromatin profiling,2024-12-31,False,data type out of scope (chromatin profiling),,,,https://www.ncbi.nlm.nih.gov/geo/query/acc.cgi?acc=GSE227605
GSE227607,"Transcriptional regulation of microglia priming by IRF7, IRF9 and SMAD3 in accelerated aging mice",Mus musculus,bulk RNA-seq,2024-12-31,False,SuperSeries (its SubSeries are assessed on their own),,,,https://www.ncbi.nlm.nih.gov/geo/query/acc.cgi?acc=GSE227607
GSE229417,Alzheimer’s disease-induced phagocytic microglia express a specific profile of coding and non-coding RNAs [short RNA],Mus musculus,non-coding RNA profiling,2024-03-20,False,data type out of scope (non-coding RNA profiling),,,,https://www.ncbi.nlm.nih.gov/geo/query/acc.cgi?acc=GSE229417
GSE229419,Alzheimer’s disease-induced phagocytic microglia express a specific profile of coding and non-coding RNAs,Mus musculus,bulk RNA-seq,2024-03-20,False,SuperSeries (its SubSeries are assessed on their own),,,,https://www.ncbi.nlm.nih.gov/geo/query/acc.cgi?acc=GSE229419
GSE230187,Microglia response upon demyelinating injury [ATAC-seq],Mus musculus,chromatin profiling,2024-07-24,False,data type out of scope (chromatin profiling),,,,https://www.ncbi.nlm.nih.gov/geo/query/acc.cgi?acc=GSE230187
GSE230190,Immune training in aged microglia [ChIP-seq],Mus musculus,chromatin profiling,2024-07-24,False,data type out of scope (chromatin profiling),,,,https://www.ncbi.nlm.nih.gov/geo/query/acc.cgi?acc=GSE230190
GSE234422,cGAS/STING drives ageing-related inflammation and neurodegeneration,Mus musculus; Homo sapiens,bulk RNA-seq,2023-08-20,False,SuperSeries (its SubSeries are assessed on their own),,,,https://www.ncbi.nlm.nih.gov/geo/query/acc.cgi?acc=GSE234422
GSE237871,Single-cell m6A profiling in the mouse brain uncovers cell type-specific methylomes and age-dependent differential methylation [m6A],Mus musculus,methylation profiling,2024-09-24,False,data type out of scope (methylation profiling),,,,https://www.ncbi.nlm.nih.gov/geo/query/acc.cgi?acc=GSE237871
GSE239999,An Exhausted-Like Microglial Population Accumulates in Aged and APOE4 Genotype Alzheimer’s Brains,Mus musculus,bulk RNA-seq,2023-12-29,False,SuperSeries (its SubSeries are assessed on their own),,,,https://www.ncbi.nlm.nih.gov/geo/query/acc.cgi?acc=GSE239999
GSE243750,SEX-DEPENDENT APOE4 NEUTROPHIL-MICROGLIA INTERACTIONS DRIVE COGNITIVE IMPAIRMENT IN ALZHEIMER'S DISEASE,Homo sapiens; Mus musculus,bulk RNA-seq,2024-06-04,False,SuperSeries (its SubSeries are assessed on their own),,,,https://www.ncbi.nlm.nih.gov/geo/query/acc.cgi?acc=GSE243750
GSE246702,Cellular rejuvenation protects neurons from inflammation mediated cell death (ATAC-seq).,Mus musculus,chromatin profiling,2025-01-01,False,data type out of scope (chromatin profiling),,,,https://www.ncbi.nlm.nih.gov/geo/query/acc.cgi?acc=GSE246702
GSE253710,Respiratory infection with influenza A virus delays remyelination and alters oligodendrocyte metabolism.,Mus musculus,other,2024-08-14,False,data type out of scope (other),,,,https://www.ncbi.nlm.nih.gov/geo/query/acc.cgi?acc=GSE253710
GSE254229,ALS/FTD-linked TBK1 deficiency in microglia induces an aged-like microglial signature and drives social recognition deficits in mice,Mus musculus,bulk RNA-seq,2025-07-09,False,SuperSeries (its SubSeries are assessed on their own),,,,https://www.ncbi.nlm.nih.gov/geo/query/acc.cgi?acc=GSE254229
GSE254472,4E-BP1-dependent translation in microglia controls mechanical hypersensitivity,Mus musculus,other,2024-01-31,False,data type out of scope (other),,,,https://www.ncbi.nlm.nih.gov/geo/query/acc.cgi?acc=GSE254472
GSE267028,The retrotransposable element-silencing factor Daxx controls microglia identity and function in the adult brain [ATAC-seq],Mus musculus,chromatin profiling,2026-06-22,False,data type out of scope (chromatin profiling),,,,https://www.ncbi.nlm.nih.gov/geo/query/acc.cgi?acc=GSE267028
GSE267234,Single-cell m6A profiling in the mouse brain uncovers cell type-specific RNA methylomes and age-dependent differential methylation [neuronuclei],Mus musculus,methylation profiling,2024-09-24,False,data type out of scope (methylation profiling),,,,https://www.ncbi.nlm.nih.gov/geo/query/acc.cgi?acc=GSE267234
GSE267627,Single-cell m6A profiling in the mouse brain uncovers cell type-specific RNA methylomes and age-dependent differential methylation [GLORI],Mus musculus,methylation profiling,2024-09-24,False,data type out of scope (methylation profiling),,,,https://www.ncbi.nlm.nih.gov/geo/query/acc.cgi?acc=GSE267627
GSE268492,Senescent-like microglia limit remyelination through the senescence associated secretory phenotype,Mus musculus; synthetic construct,other,2025-02-03,False,data type out of scope (other),,,,https://www.ncbi.nlm.nih.gov/geo/query/acc.cgi?acc=GSE268492
GSE275954,Microglia activation orchestrates CXCL10-mediated CD8+ T cell recruitment to promote aging-related white matter degeneration,synthetic construct; Mus musculus,other,2025-03-07,False,data type out of scope (other),,,,https://www.ncbi.nlm.nih.gov/geo/query/acc.cgi?acc=GSE275954
GSE277768,CUT&RUN of the aging mouse brain reveals origins of inflammation in the white matter,Mus musculus,chromatin profiling,2025-01-02,False,data type out of scope (chromatin profiling),,,,https://www.ncbi.nlm.nih.gov/geo/query/acc.cgi?acc=GSE277768
GSE279777,Lysosomes cell autonomously regulate myeloid cell states and immune responses,Mus musculus,chromatin profiling,2025-06-30,False,data type out of scope (chromatin profiling),,,,https://www.ncbi.nlm.nih.gov/geo/query/acc.cgi?acc=GSE279777
GSE280018,Type-I Interferon drives T-cell responses to Amyloid-beta in the central nervous system,Mus musculus,other,2026-01-01,False,data type out of scope (other),,,,https://www.ncbi.nlm.nih.gov/geo/query/acc.cgi?acc=GSE280018
GSE282205,A spatio-temporal brain miRNA expression atlas identifies sex-independent age-related microglial driven miR-155-5p increase [brain regions],Mus musculus,non-coding RNA profiling,2025-04-13,False,data type out of scope (non-coding RNA profiling),,,,https://www.ncbi.nlm.nih.gov/geo/query/acc.cgi?acc=GSE282205
GSE282207,A spatio-temporal brain miRNA expression atlas identifies sex-independent age-related microglial driven miR-155-5p increase [microglia],Mus musculus,non-coding RNA profiling,2025-04-13,False,data type out of scope (non-coding RNA profiling),,,,https://www.ncbi.nlm.nih.gov/geo/query/acc.cgi?acc=GSE282207
GSE282330,Tlr7 Drives Sex Differences in Age- and AD-related Demyelination [spatial transcriptomics],Mus musculus,other,2024-11-29,False,data type out of scope (other),,,,https://www.ncbi.nlm.nih.gov/geo/query/acc.cgi?acc=GSE282330
GSE284202,Spatial transcriptomics and CUT&RUN of the aging mouse brain reveal origins of inflammation in the white matter,Mus musculus,bulk RNA-seq,2024-12-31,False,SuperSeries (its SubSeries are assessed on their own),,,,https://www.ncbi.nlm.nih.gov/geo/query/acc.cgi?acc=GSE284202
GSE288182,Local brain reprogramming mitigates Alzheimer's disease and associated bone loss,Mus musculus,methylation profiling,2026-08-12,False,data type out of scope (methylation profiling),,,,https://www.ncbi.nlm.nih.gov/geo/query/acc.cgi?acc=GSE288182
GSE292803,Single-cell multi-omic and multi-region atlas of the Aging Mouse Brain,Mus musculus,methylation profiling,2025-04-30,False,data type out of scope (methylation profiling),,,,https://www.ncbi.nlm.nih.gov/geo/query/acc.cgi?acc=GSE292803
GSE298671,Study on the Mechanism of Acanthopanax senticosus Extract intervening in the regulation of Parkinson's disease by microglial cell-derived exosomes,Mus musculus,non-coding RNA profiling,2026-08-31,False,data type out of scope (non-coding RNA profiling),,,,https://www.ncbi.nlm.nih.gov/geo/query/acc.cgi?acc=GSE298671
GSE309782,The retrotransposable element-silencing factor Daxx controls microglia identity and function in the adult brain,Mus musculus,chromatin profiling,2026-06-22,False,data type out of scope (chromatin profiling),,,,https://www.ncbi.nlm.nih.gov/geo/query/acc.cgi?acc=GSE309782
GSE313770,Single-cell multi-omic and multi-region atlas of the Aging Male Mouse Brain,Mus musculus,methylation profiling,2025-12-18,False,data type out of scope (methylation profiling),,,,https://www.ncbi.nlm.nih.gov/geo/query/acc.cgi?acc=GSE313770
GSE318415,Transcriptomic Landscape of Microglia in Mouse Models of Social Dysfunction and Oxytocin-Mediated Recovery,Mus musculus,other,2026-03-02,False,data type out of scope (other),,,,https://www.ncbi.nlm.nih.gov/geo/query/acc.cgi?acc=GSE318415
GSE319876,"Astro- versus microglia-enriched transcriptomes from aged  Atxn2-CAG100-knockin mice suggest underlying pathology of RNA processing at ribosomes, and possibly at U-bodies [tRNAseq]",Mus musculus,non-coding RNA profiling,2026-05-15,False,data type out of scope (non-coding RNA profiling),,,,https://www.ncbi.nlm.nih.gov/geo/query/acc.cgi?acc=GSE319876
GSE322277,Spatial transcriptomics reveals molecular mechanisms underlying neuroinflammatory and neurodegenerative sequelae of immune checkpoint inhibition [MERFISH],Mus musculus; synthetic construct,other,2026-06-09,False,data type out of scope (other),,,,https://www.ncbi.nlm.nih.gov/geo/query/acc.cgi?acc=GSE322277
GSE327147,MERFISH data on seven mouse brain with Abeta pathology,synthetic construct; Mus musculus,other,2026-04-24,False,data type out of scope (other),,,,https://www.ncbi.nlm.nih.gov/geo/query/acc.cgi?acc=GSE327147
GSE333352,Spatial mapping of senescent and disease-associated microglia in aged mouse brain white matter,Mus musculus,other,2026-05-26,False,data type out of scope (other),,,,https://www.ncbi.nlm.nih.gov/geo/query/acc.cgi?acc=GSE333352
GSE93143,"Full-coverage landscape of extracellular RNAs, coding and non-coding, secreted by human glioma stem cells",Mus musculus; other sequences; Homo sapiens,non-coding RNA profiling,2018-01-04,False,data type out of scope (non-coding RNA profiling),,,,https://www.ncbi.nlm.nih.gov/geo/query/acc.cgi?acc=GSE93143
GSE98823,Knockout of HDAC1 and HDAC2 in Microglia,Mus musculus,bulk RNA-seq,2018-03-14,False,SuperSeries (its SubSeries are assessed on their own),,,,https://www.ncbi.nlm.nih.gov/geo/query/acc.cgi?acc=GSE98823
GSE98971,Single cell RNA-seq identifies a unique microglia type associated with Alzheimer’s disease,Mus musculus,single-cell RNA-seq,2017-06-12,False,SuperSeries (its SubSeries are assessed on their own),,,,https://www.ncbi.nlm.nih.gov/geo/query/acc.cgi?acc=GSE98971
